# corpus from phase0/captures/master_s52.tsv   frames(raw)=1491   key=27120d7a36060108202d316941380f7837045d2e433a4953500513c928a44d05
# decoded frames=1459 commands=1458

====== COMMAND CORPUS: 112 distinct command ids ======

#### 322 0x0142  MC_NET_PING   n=4  dir=S2C  bodylen=8
  example (S2C, serial=20, 3B params):
       0  e3 a0 12                                          ...

#### 323 0x0143  MC_NET_PONG   n=4  dir=C2S  bodylen=8
  example (C2S, serial=20, 3B params):
       0  e3 a0 12                                          ...

#### 361 0x0169  MC_CLOCK_SYNCHRONIZE   n=1  dir=S2C  bodylen=8
  example (S2C, serial=176, 3B params):
       0  f3 9f 12                                          ...

#### 402 0x0192  MC_MATCH_ANNOUNCE   n=13  dir=S2C  bodylen=29
  example (S2C, serial=0, 24B params):
       0  00 00 00 13 00 58 50 20 55 50 20 3f 3f 3f 20 3f   .....XP UP ??? ?
      16  3f 3f 3f 3f 3f 2e 00 dd                           ?????...

#### 1002 0x03ea  MC_MATCH_RESPONSE_LOGIN   n=1  dir=S2C  bodylen=40
  example (S2C, serial=0, 35B params):
       0  00 00 00 06 00 47 75 6e 7a 00 6e 04 09 00 31 34   .....Gunz.n...14
      16  35 30 37 39 32 00 05 00 00 17 27 23 00 00 00 00   50792.....'#....
      32  00 01 00                                          ...

#### 1006 0x03ee  MC_MATCH_BRIDGEPEER   n=12  dir=C2S  bodylen=20
  example (C2S, serial=23, 15B params):
       0  27 23 00 00 00 00 00 00 00 00 00 4f 1e 00 00      '#.........O...

#### 1007 0x03ef  MC_MATCH_BRIDGEPEER_ACK   n=9  dir=S2C  bodylen=16
  example (S2C, serial=23, 11B params):
       0  27 23 00 00 00 00 00 00 00 00 00                  '#.........

#### 1017 0x03f9  MC_MATCH_LOGIN_STEAM   n=1  dir=C2S  bodylen=731
  example (C2S, serial=9, 726B params):
       0  00 31 34 35 30 37 39 32 00 00 2a 00 70 47 55 56   .1450792..*.pGUV
      16  4e 33 54 43 46 51 4c 70 36 71 78 77 48 6c 45 38   N3TCFQLp6qxwHlE8
      32  41 42 6a 64 36 48 68 58 68 45 52 74 51 61 51 6d   ABjd6HhXhERtQaQm
      48  48 4d 70 4d 00 00 0a 00 00 00 06 66 9c 03 01 00   HMpM.......f....
      64  10 01 3a 00 00 00 80 3f e3 f8 18 00 00 00 10 00   ..:....?........
      80  00 00 01 00 00 00 b4 01 96 c7 01 95 51 d0 d0 3a   ............Q..:
      96  32 47 44 d4 b7 57 48 02 00 00 40 02 00 00 01 00   2GD..WH...@.....
     112  00 00 73 79 73 74 65 6d 2e 6d 72 73 00 00 03 00   ..system.mrs....
     128  00 00 00 00 00 00 00 00 00 00 04 00 00 00 00 00   ................
     144  00 00 7a fe 1d 2f f9 e2 8d 41 2b 19 69 f9 d8 b1   ..z../...A+.i...
     160  eb 60 14 df cf b6 57 43 26 b6 3b 78 50 58 04 00   .`....WC&.;xPX..
     176  01 62 4d 61 70 73 2e 6d 72 73 00 00 00 00 00 00   .bMaps.mrs......
     192  00 00 00 00 00 00 00 00 00 00 01 00 00 00 d4 45   ...............E
     208  6b 05 1a 84 fe fd 04 09 1c 55 cd 03 c5 ab f4 87   k........U......
     224  97 3d 5e ed 36 4b 3d 14 1b 9d 9c 53 fb 64 21 21   .=^.6K=....S.d!!
     240  53 34 6d 6f 64 65 6c 2e 6d 72 73 00 c5 74 03 00   S4model.mrs..t..
     256  00 00 80 af 89 03 68 96 d6 74 68 96 d6 74 02 00   ......h..th..t..
     272  00 00 25 8d ff 0a e7 05 aa 1c a5 19 eb a4 b0 3c   ..%............<
     288  17 e9 a0 35 f2 5a b7 2c 28 64 cc 7a 23 eb 71 34   ...5.Z.,(d.z#.q4
     304  8d a1 47 75 6e 7a 2e 65 78 65 00 00 6a 05 00 00   ..Gunz.exe..j...
     320  00 00 60 6f d6 74 9b 79 bb 74 f8 34 2c 4d 64 00   ..`o.t.y.t.4,Md.
     336  00 00 e7 72 10 8f 76 17 af 08 40 77 18 1d 54 8d   ...r..v...@w..T.
     352  ba a8 75 db d3 5a 6b dc 15 55 8f c0 24 1a 40 d8   ..u..Zk..U..$.@.
     368  07 52 49 6e 74 65 72 66 61 63 65 5c 64 65 66 61   .RInterface\defa
     384  75 6c 74 2e 6d 72 73 00 bc 74 64 00 00 00 1f 00   ult.mrs..td.....
     400  11 00 71 7e be ef 08 4d 8c f6 05 ab 07 c8 20 8b   ..q~...M...... .
     416  7c e8 eb 82 0d 38 80 3c ce d7 70 9a 78 62 ac 81   |....8.<..p.xb..
     432  36 b6 49 6e 74 65 72 66 61 63 65 5c 6c 6f 61 64   6.Interface\load
     448  61 62 6c 65 2e 6d 72 73 00 00 00 00 00 00 00 00   able.mrs........
     464  00 00 42 24 e1 b6 f3 d2 ec 94 5a 25 eb e9 e8 fd   ..B$......Z%....
     480  4d 97 a2 c3 02 35 a5 22 49 e6 d2 d3 f0 c2 37 80   M....5."I.....7.
     496  de 44 49 6e 74 65 72 66 61 63 65 5c 4c 6f 67 69   .DInterface\Logi
     512  6e 2e 6d 72 73 00 4c b5 02 77 00 00 00 00 87 17   n.mrs.L..w......
     528  6a 00 c8 9f bb ea ff ac e4 aa 6b b5 59 25 e4 7e   j.........k.Y%.~
     544  6f 25 51 53 60 21 b3 3f 9e e6 04 09 04 13 57 66   o%QS`!.?......Wf
     560  dd 11 51 75 65 73 74 5c 4d 61 70 73 2e 6d 72 73   ..Quest\Maps.mrs
     576  00 00 31 00 2e 00 31 00 32 00 35 00 00 00 13 05   ..1...1.2.5.....
     592  0d 77 94 0a 58 cb 7d 46 96 c8 e8 b5 64 73 44 17   .w..X.}F....dsD.
     608  84 c8 42 63 b3 32 0c f9 3c b0 93 df b4 ae 64 81   ..Bc.2..<.....d.
     624  ac 20 43 68 61 6c 6c 65 6e 67 65 51 75 65 73 74   . ChallengeQuest
     640  5c 4d 61 70 73 2e 6d 72 73 00 02 00 00 02 14 02   \Maps.mrs.......
     656  00 00 c3 5d ef 79 f6 26 dc c2 38 aa 45 66 ea 99   ...].y.&..8.Ef..
     672  a8 05 ec 20 35 02 a3 5a cc 4b c2 72 5a 35 ed 75   ... 5..Z.K.rZ5.u
     688  6a 8e 22 00 30 30 30 32 62 36 36 32 38 34 38 65   j.".0002b662848e
     704  34 66 36 38 39 30 36 30 31 30 33 65 31 61 35 37   4f689060103e1a57
     720  65 63 33 34 00 00                                 ec34..

#### 1101 0x044d  MC_MATCH_OBJECT_CACHE   n=24  dir=S2C  bodylen=17..3033 (7 sizes)
  example (S2C, serial=2, 3028B params):
       0  d0 0b 00 00 e8 00 00 00 0d 00 00 00 00 00 00 00   ................
      16  00 00 00 00 eb 2a 1e 00 00 00 00 00 ba 46 00 00   .....*.......F..
      32  00 00 00 00 4e 69 73 61 00 6b 6f 20 6e 61 67 20   ....Nisa.ko nag 
      48  61 61 64 20 61 6b 6f 20 6e 67 20 66 72 69 65 6e   aad ako ng frien
      64  64 20 6e 61 00 69 6e 64 6f 74 20 6b 6f 20 70 61   d na.indot ko pa
      80  6c 61 20 63 09 65 61 74 00 00 00 00 00 00 00 00   la c.eat........
      96  02 00 00 00 00 00 00 00 00 00 00 00 01 00 00 00   ................
     112  00 00 00 00 b8 4d 2f 00 79 74 2f 00 a1 c2 2f 00   .....M/.yt/.../.
     128  c7 9b 2f 00 cf e9 2f 00 00 d4 30 00 00 d4 30 00   ../.../...0...0.
     144  96 ab 1e 00 14 e4 1f 00 12 e4 1f 00 c4 91 21 00   ..............!.
     160  c3 91 21 00 00 00 00 00 00 00 00 00 00 00 00 00   ..!.............
     176  00 00 00 00 00 00 00 00 00 00 00 00 00 00 00 00   ................
     192  00 00 00 00 21 14 5d 00 00 00 00 00 00 00 00 00   ....!.].........
     208  00 00 00 00 59 00 00 00 45 00 00 00 00 00 00 00   ....Y...E.......
     224  00 00 00 00 0a 00 00 00 01 00 00 00 00 00 00 00   ................
     240  00 00 00 00 cc 3a ee 8e 03 03 00 80 0d 80 20 00   .....:........ .
     256  00 00 00 00 96 b4 00 00 00 00 00 00 4a 75 70 69   ............Jupi
     272  54 69 65 72 31 00 65 6e 64 20 6e 61 70 69 6e 64   Tier1.end napind
     288  6f 74 20 6b 6f 20 70 61 6c 61 20 63 00 65 61 74   ot ko pala c.eat
     304  65 20 63 6c 61 6e 00 00 02 00 12 00 1e 3a e1 8e   e clan.......:..
     320  00 00 00 00 00 00 00 00 02 6b 6f 20 00 00 00 00   .........ko ....
     336  00 00 00 00 01 00 00 00 00 00 00 00 71 4d 2f 00   ............qM/.
     352  70 74 2f 00 97 c2 2f 00 84 9b 2f 00 c4 e9 2f 00   pt/.../.../.../.
     368  00 d4 30 00 01 d4 30 00 96 ab 1e 00 00 00 00 00   ..0...0.........
     384  00 00 00 00 00 00 00 00 00 00 00 00 00 00 00 00   ................
     400  00 00 00 00 00 00 00 00 00 00 00 00 00 00 00 00   ................
     416  00 00 00 00 00 00 00 00 71 62 5d 00 24 14 5d 00   ........qb].$.].
     432  66 3b 5d 00 00 00 00 00 00 00 00 00 1c 06 00 00   f;].............
     448  b4 03 00 00 00 00 00 00 00 00 00 00 0a 00 00 00   ................
     464  01 00 00 00 00 00 00 00 20 6b 6f 20 6e 61 67 20   ........ ko nag 
     480  61 61 64 20 d4 a2 20 00 00 00 00 00 cd 3f 01 00   aad .. ......?..
     496  00 00 00 00 50 4c 54 52 00 74 20 6b 6f 20 70 61   ....PLTR.t ko pa
     512  6c 61 20 63 72 65 61 74 65 20 63 6c 61 6e 00 00   la create clan..
     528  00 00 00 00 00 3a 8a 8e 03 07 00 80 62 6f 62 6f   .....:......bobo
     544  20 6b 6f 20 0b 61 67 20 00 00 00 00 00 00 00 00    ko .ag ........
     560  02 67 20 66 00 00 00 00 00 00 00 00 01 00 00 00   .g f............
     576  00 00 00 00 00 00 00 00 7c 74 2f 00 90 c2 2f 00   ........|t/.../.
     592  83 9b 2f 00 c4 e9 2f 00 00 00 00 00 00 00 00 00   ../.../.........
     608  87 84 1e 00 12 e4 1f 00 14 e4 1f 00 c7 91 21 00   ..............!.
     624  00 00 00 00 00 00 00 00 00 00 00 00 00 00 00 00   ................
     640  00 00 00 00 00 00 00 00 00 00 00 00 00 00 00 00   ................
     656  00 00 00 00 25 14 5d 00 00 00 00 00 00 00 00 00   ....%.].........
     672  00 00 00 00 91 00 00 00 7d 00 00 00 00 00 00 00   ........}.......
     688  00 00 00 00 0a 00 00 00 01 00 00 00 00 00 00 00   ................
     704  6e 67 20 66 72 69 65 6e 64 20 6e 61 d5 07 21 00   ng friend na..!.
     720  00 00 00 00 34 06 01 00 00 00 00 00 4c 41 5a 45   ....4.......LAZE
     736  00 20 63 6c 61 6e 00 00 04 00 01 00 33 3a af 8e   . clan......3:..
     752  00 0a 00 80 62 6f 62 6f 20 6b 6f 20 00 61 67 20   ....bobo ko .ag 
     768  61 61 64 20 61 6b 6f 20 6e 67 20 66 16 69 65 6e   aad ako ng f.ien
     784  00 00 00 00 00 00 00 00 02 74 20 6b 00 00 00 00   .........t k....
     800  00 00 00 00 01 00 00 00 00 00 00 00 68 4d 2f 00   ............hM/.
     816  70 74 2f 00 97 c2 2f 00 84 9b 2f 00 c4 e9 2f 00   pt/.../.../.../.
     832  02 d4 30 00 00 00 00 00 af ab 1e 00 14 e4 1f 00   ..0.............
     848  12 e4 1f 00 c8 91 21 00 ca 91 21 00 00 00 00 00   ......!...!.....
     864  00 00 00 00 00 00 00 00 00 00 00 00 00 00 00 00   ................
     880  00 00 00 00 00 00 00 00 7b 62 5d 00 74 14 5d 00   ........{b].t.].
     896  66 3b 5d 00 00 00 00 00 00 00 00 00 77 01 00 00   f;].........w...
     912  60 01 00 00 00 00 00 00 00 00 00 00 0a 00 00 00   `...............
     928  01 00 00 00 00 00 00 00 6f 74 20 6b 6f 20 70 61   ........ot ko pa
     944  6c 61 20 63 02 d9 21 00 00 00 00 00 c0 d4 00 00   la c..!.........
     960  00 00 00 00 4d 4f 68 61 6d 6d 65 64 36 37 00 6f   ....MOhammed67.o
     976  20 6b 6f 20 6e 61 67 20 61 61 64 20 61 6b 6f 20    ko nag aad ako 
     992  6e 67 20 66 00 69 65 6e 64 20 6e 61 70 69 6e 64   ng f.iend napind
    1008  6f 74 20 6b 15 20 70 61 00 00 00 00 00 00 00 00   ot k. pa........
    1024  02 20 63 6c 00 00 00 00 00 00 00 00 00 00 00 00   . cl............
    1040  00 00 00 00 00 00 00 00 00 00 00 00 00 00 00 00   ................
    1056  00 00 00 00 00 00 00 00 00 00 00 00 00 00 00 00   ................
    1072  96 ab 1e 00 fe 95 1f 00 00 00 00 00 c7 91 21 00   ..............!.
    1088  00 00 00 00 00 00 00 00 00 00 00 00 00 00 00 00   ................
    1104  00 00 00 00 00 00 00 00 00 00 00 00 00 00 00 00   ................
    1120  00 00 00 00 00 00 00 00 00 00 00 00 00 00 00 00   ................
    1136  00 00 00 00 bd 00 00 00 c5 04 00 00 00 00 00 00   ................
    1152  00 00 00 00 0a 00 00 00 01 00 00 00 00 00 00 00   ................
    1168  65 20 63 6c 61 6e 00 00 04 00 01 00 f5 0a 22 00   e clan........".
    1184  00 00 00 00 20 e6 00 00 00 00 00 00 4d 61 6e 69   .... .......Mani
    1200  74 00 64 20 61 6b 6f 20 6e 67 20 66 72 69 65 6e   t.d ako ng frien
    1216  64 20 6e 61 70 69 6e 64 6f 74 20 6b 00 20 70 61   d napindot k. pa
    1232  6c 61 20 63 72 65 61 74 65 20 63 6c 0c 6e 00 00   la create cl.n..
    1248  00 00 00 00 00 00 00 00 02 11 00 80 00 00 00 00   ................
    1264  00 00 00 00 00 00 00 00 00 00 00 00 d3 c6 2d 00   ..............-.
    1280  e3 ed 2d 00 03 3c 2e 00 f0 14 2e 00 00 63 2e 00   ..-..<.......c..
    1296  02 d4 30 00 00 d4 30 00 94 ab 1e 00 13 e4 1f 00   ..0...0.........
    1312  12 e4 1f 00 c3 91 21 00 c7 91 21 00 00 00 00 00   ......!...!.....
    1328  00 00 00 00 00 00 00 00 00 00 00 00 00 00 00 00   ................
    1344  00 00 00 00 00 00 00 00 43 62 5d 00 4f 14 5d 00   ........Cb].O.].
    1360  31 3b 5d 00 00 00 00 00 00 00 00 00 e8 00 00 00   1;].............
    1376  b8 00 00 00 00 00 00 00 00 00 00 00 0a 00 00 00   ................
    1392  01 00 00 00 00 00 00 00 03 13 00 80 62 6f 62 6f   ............bobo
    1408  20 6b 6f 20 93 36 22 00 00 00 00 00 0f 03 01 00    ko .6".........
    1424  00 00 00 00 4c 41 43 61 69 72 6f 00 70 69 6e 64   ....LACairo.pind
    1440  6f 74 20 6b 6f 20 70 61 6c 61 20 63 72 65 61 74   ot ko pala creat
    1456  65 20 63 6c 00 6e 00 00 04 00 01 00 55 3a 71 8e   e cl.n......U:q.
    1472  00 14 00 80 07 6f 62 6f 00 00 00 00 00 00 00 00   .....obo........
    1488  02 61 64 20 00 00 00 00 00 00 00 00 00 00 00 00   .ad ............
    1504  00 00 00 00 00 00 00 00 d0 ed 2d 00 f0 3b 2e 00   ..........-..;..
    1520  00 00 00 00 00 63 2e 00 00 00 00 00 00 00 00 00   .....c..........
    1536  af ab 1e 00 fe 95 1f 00 00 00 00 00 c7 91 21 00   ..............!.
    1552  00 00 00 00 00 00 00 00 00 00 00 00 00 00 00 00   ................
    1568  00 00 00 00 00 00 00 00 00 00 00 00 00 00 00 00   ................
    1584  00 00 00 00 21 14 5d 00 00 00 00 00 00 00 00 00   ....!.].........
    1600  00 00 00 00 28 00 00 00 4d 00 00 00 00 00 00 00   ....(...M.......
    1616  00 00 00 00 0a 00 00 00 01 00 00 00 00 00 00 00   ................
    1632  61 61 64 20 61 6b 6f 20 6e 67 20 66 70 4c 22 00   aad ako ng fpL".
    1648  00 00 00 00 52 f9 00 00 00 00 00 00 77 6f 6c 64   ....R.......wold
    1664  6f 6b 73 74 79 6c 65 65 00 20 63 6c 61 6e 00 00   okstylee. clan..
    1680  00 00 00 00 b8 35 1a 8e 03 17 00 80 00 6f 62 6f   .....5.......obo
    1696  20 6b 6f 20 6e 61 67 20 61 61 64 20 15 6b 6f 20    ko nag aad .ko 
    1712  00 00 00 00 00 00 00 00 02 20 6e 61 00 00 00 00   ......... na....
    1728  00 00 00 00 01 00 00 00 00 00 00 00 68 4d 2f 00   ............hM/.
    1744  70 74 2f 00 97 c2 2f 00 81 9b 2f 00 c4 e9 2f 00   pt/.../.../.../.
    1760  00 d4 30 00 00 d4 30 00 91 ab 1e 00 10 e4 1f 00   ..0...0.........
    1776  10 e4 1f 00 c4 91 21 00 c3 91 21 00 00 00 00 00   ......!...!.....
    1792  00 00 00 00 00 00 00 00 00 00 00 00 00 00 00 00   ................
    1808  00 00 00 00 00 00 00 00 00 00 00 00 00 00 00 00   ................
    1824  00 00 00 00 00 00 00 00 00 00 00 00 da 01 00 00   ................
    1840  8c 02 00 00 00 00 00 00 00 00 00 00 0a 00 00 00   ................
    1856  01 00 00 00 00 00 00 00 64 20 6e 61 70 69 6e 64   ........d napind
    1872  6f 74 20 6b 4a 98 22 00 00 00 00 00 a9 37 00 00   ot kJ."......7..
    1888  00 00 00 00 4d 79 74 68 69 6d 00 00 83 35 3f 8e   ....Mythim...5?.
    1904  00 1a 00 80 62 6f 62 6f 20 6b 6f 20 6e 61 67 20   ....bobo ko nag 
    1920  61 61 64 20 00 6b 6f 20 6e 67 20 66 72 69 65 6e   aad .ko ng frien
    1936  64 20 6e 61 0c 69 6e 64 00 00 00 00 00 00 00 00   d na.ind........
    1952  02 61 20 63 00 00 00 00 00 00 00 00 00 00 00 00   .a c............
    1968  00 00 00 00 c8 c6 2d 00 d0 ed 2d 00 f0 3b 2e 00   ......-...-..;..
    1984  e9 14 2e 00 00 63 2e 00 00 00 00 00 00 00 00 00   .....c..........
    2000  94 ab 1e 00 00 00 00 00 00 00 00 00 00 00 00 00   ................
    2016  00 00 00 00 00 00 00 00 00 00 00 00 00 00 00 00   ................
    2032  00 00 00 00 00 00 00 00 00 00 00 00 00 00 00 00   ................
    2048  40 62 5d 00 24 14 5d 00 66 3b 5d 00 00 00 00 00   @b].$.].f;].....
    2064  00 00 00 00 87 00 00 00 59 00 00 00 00 00 00 00   ........Y.......
    2080  00 00 00 00 0a 00 00 00 01 00 00 00 00 00 00 00   ................
    2096  6c 61 20 63 72 65 61 74 65 20 63 6c f6 ad 22 00   la create cl..".
    2112  00 00 00 00 54 43 01 00 00 00 00 00 6b 69 6d 63   ....TC......kimc
    2128  68 69 62 62 6f 79 00 20 61 61 64 20 61 6b 6f 20   hibboy. aad ako 
    2144  6e 67 20 66 72 69 65 6e 64 20 6e 61 00 69 6e 64   ng friend na.ind
    2160  6f 74 20 6b 6f 20 70 61 6c 61 20 63 06 65 61 74   ot ko pala c.eat
    2176  00 00 00 00 00 00 00 00 02 a6 5b 00 00 00 00 00   ..........[.....
    2192  00 00 00 00 01 00 00 00 00 00 00 00 00 00 00 00   ................
    2208  70 74 2f 00 97 c2 2f 00 00 00 00 00 c4 e9 2f 00   pt/.../......./.
    2224  00 00 00 00 00 00 00 00 94 ab 1e 00 e1 6e 1f 00   .............n..
    2240  fe 95 1f 00 c7 91 21 00 00 00 00 00 00 00 00 00   ......!.........
    2256  00 00 00 00 00 00 00 00 00 00 00 00 00 00 00 00   ................
    2272  00 00 00 00 00 00 00 00 00 00 00 00 00 00 00 00   ................
    2288  00 00 00 00 00 00 00 00 00 00 00 00 25 00 00 00   ............%...
    2304  1f 00 00 00 00 00 00 00 00 00 00 00 0a 00 00 00   ................
    2320  01 00 00 00 00 00 00 00 90 01 00 00 c9 35 e5 8f   .............5..
    2336  44 20 00 80 99 15 23 00 00 00 00 00 97 32 01 00   D ....#......2..
    2352  00 00 00 00 53 53 53 53 41 41 41 41 00 69 65 6e   ....SSSSAAAA.ien
    2368  64 20 6e 61 70 69 6e 64 6f 74 20 6b 6f 20 70 61   d napindot ko pa
    2384  6c 61 20 63 00 65 61 74 65 20 63 6c 61 6e 00 ec   la c.eate clan..
    2400  d0 00 42 65 02 35 fc 8f 00 00 00 00 00 00 00 00   ..Be.5..........
    2416  02 6b 6f 20 00 00 00 00 00 00 00 00 01 00 00 00   .ko ............
    2432  00 00 00 00 00 00 00 00 70 74 2f 00 97 c2 2f 00   ........pt/.../.
    2448  00 00 00 00 c4 e9 2f 00 00 00 00 00 00 00 00 00   ....../.........
    2464  95 ab 1e 00 12 e4 1f 00 10 e4 1f 00 c7 91 21 00   ..............!.
    2480  00 00 00 00 00 00 00 00 00 00 00 00 00 00 00 00   ................
    2496  00 00 00 00 00 00 00 00 00 00 00 00 00 00 00 00   ................
    2512  00 00 00 00 00 00 00 00 00 00 00 00 00 00 00 00   ................
    2528  00 00 00 00 00 00 00 00 00 00 00 00 00 00 00 00   ................
    2544  00 00 00 00 0a 00 00 00 01 00 00 00 00 00 00 00   ................
    2560  20 6b 6f 20 6e 61 67 20 61 61 64 20 e4 19 23 00    ko nag aad ..#.
    2576  00 00 00 00 5f 43 01 00 00 00 00 00 66 6f 72 74   ...._C......fort
    2592  00 74 20 6b 6f 20 70 61 6c 61 20 63 72 65 61 74   .t ko pala creat
    2608  65 20 63 6c 61 6e 00 66 61 72 6d 00 00 35 81 8f   e clan.farm..5..
    2624  66 24 00 80 62 6f 62 6f 20 6b 6f 20 04 61 67 20   f$..bobo ko .ag 
    2640  00 00 00 00 00 00 00 00 02 67 20 66 00 00 00 00   .........g f....
    2656  00 00 00 00 01 00 00 00 00 00 00 00 00 00 00 00   ................
    2672  70 74 2f 00 97 c2 2f 00 00 00 00 00 c4 e9 2f 00   pt/.../......./.
    2688  00 00 00 00 00 00 00 00 af ab 1e 00 14 e4 1f 00   ................
    2704  00 00 00 00 c7 91 21 00 00 00 00 00 00 00 00 00   ......!.........
    2720  00 00 00 00 00 00 00 00 00 00 00 00 00 00 00 00   ................
    2736  00 00 00 00 00 00 00 00 00 00 00 00 00 00 00 00   ................
    2752  00 00 00 00 00 00 00 00 00 00 00 00 02 00 00 00   ................
    2768  0a 00 00 00 00 00 00 00 00 00 00 00 0a 00 00 00   ................
    2784  01 00 00 00 00 00 00 00 6e 67 20 66 72 69 65 6e   ........ng frien
    2800  64 20 6e 61 17 27 23 00 00 00 00 00 f1 68 00 00   d na.'#......h..
    2816  00 00 00 00 57 79 72 65 6c 61 64 65 00 6e 00 00   ....Wyrelade.n..
    2832  01 00 00 00 08 35 aa 8f 15 27 00 80 62 6f 62 6f   .....5...'..bobo
    2848  20 6b 6f 20 00 61 67 20 61 61 64 20 61 6b 6f 20    ko .ag aad ako 
    2864  6e 67 20 66 07 69 65 6e 00 00 00 00 00 00 00 00   ng f.ien........
    2880  02 74 20 6b 00 00 00 00 00 00 00 00 01 00 00 00   .t k............
    2896  00 00 00 00 63 4d 2f 00 79 74 2f 00 a1 c2 2f 00   ....cM/.yt/.../.
    2912  c7 9b 2f 00 cf e9 2f 00 00 00 00 00 00 00 00 00   ../.../.........
    2928  af ab 1e 00 12 e4 1f 00 14 e4 1f 00 c7 91 21 00   ..............!.
    2944  00 00 00 00 00 00 00 00 00 00 00 00 00 00 00 00   ................
    2960  00 00 00 00 00 00 00 00 00 00 00 00 00 00 00 00   ................
    2976  00 00 00 00 21 14 5d 00 00 00 00 00 00 00 00 00   ....!.].........
    2992  00 00 00 00 16 00 00 00 1a 00 00 00 00 00 00 00   ................
    3008  00 00 00 00 0a 00 00 00 01 00 00 00 00 00 00 00   ................
    3024  6f 74 20 6b                                       ot k

#### 1202 0x04b2  MC_MATCH_RESPONSE_RECOMMANDED_CHANNEL   n=13  dir=S2C  bodylen=12
  example (S2C, serial=1, 7B params):
       0  00 00 00 00 00 00 00                              .......

#### 1205 0x04b5  MC_MATCH_CHANNEL_REQUEST_JOIN   n=13  dir=C2S  bodylen=20
  example (C2S, serial=23, 15B params):
       0  27 23 00 00 00 00 00 01 00 00 00 00 00 00 00      '#.............

#### 1207 0x04b7  MC_MATCH_CHANNEL_RESPONSE_JOIN   n=13  dir=S2C  bodylen=46
  example (S2C, serial=1, 41B params):
       0  00 00 00 00 00 00 00 00 00 00 00 1b 00 53 54 52   .............STR
      16  3a 43 48 41 4e 4e 45 4c 5f 4e 4f 56 49 43 45 5f   :CHANNEL_NOVICE_
      32  4e 41 4d 45 5f 31 00 a1 01                        NAME_1...

#### 1211 0x04bb  MC_MATCH_CHANNEL_LIST_START   n=13  dir=C2S  bodylen=16
  example (C2S, serial=23, 11B params):
       0  27 23 00 00 00 00 00 00 00 00 00                  '#.........

#### 1213 0x04bd  MC_MATCH_CHANNEL_LIST   n=84  dir=S2C  bodylen=176
  example (S2C, serial=168, 171B params):
       0  00 00 00 a0 00 00 00 01 00 00 00 01 00 00 00 00   ................
      16  00 00 00 00 00 f4 00 a0 0f 01 00 63 00 74 05 00   ...........c.t..
      32  00 00 00 00 46 72 65 65 20 43 68 61 6e 6e 65 6c   ....Free Channel
      48  00 a1 5b 02 00 00 00 34 a2 b3 5a 41 e4 2b 00 d8   ..[....4..ZA.+..
      64  3f aa 51 03 00 00 00 44 a2 b3 5a 7b c9 50 ea 78   ?.Q....D..Z{.P.x
      80  ec 47 5b 04 00 00 00 54 a2 b3 5a ba a2 73 ed a8   .G[....T..Z..s..
      96  ee 47 5b 05 53 54 52 3a 43 48 41 4e 4e 45 4c 5f   .G[.STR:CHANNEL_
     112  4e 4f 56 49 43 45 5f 4e 41 4d 45 5f 31 00 65 f8   NOVICE_NAME_1.e.
     128  ee 47 5b 07 00 00 00 84 a2 b3 5a 08 a7 16 15 20   .G[.......Z.... 
     144  ef 47 5b 08 00 00 00 00 00 00 00 e0 88 a6 50 88   .G[...........P.
     160  eb 47 5b 09 00 00 00 00 00 00 00                  .G[........

#### 1221 0x04c5  MC_MATCH_CHANNEL_REQUEST_PLAYER_LIST   n=7  dir=C2S  bodylen=24
  example (C2S, serial=23, 19B params):
       0  27 23 00 00 00 00 00 01 00 00 00 00 00 00 00 00   '#..............
      16  00 00 00                                          ...

#### 1222 0x04c6  MC_MATCH_CHANNEL_RESPONSE_PLAYER_LIST   n=33  dir=S2C  bodylen=606
  example (S2C, serial=246, 601B params):
       0  00 54 02 00 00 54 00 00 00 07 00 00 00 18 0e 00   .T...T..........
      16  00 00 00 00 00 47 61 72 79 53 6e 61 69 6c 00 70   .....GarySnail.p
      32  17 40 7a 3b 1f 40 46 b7 41 d0 69 34 27 50 ca 16   .@z;.@F.A.i4'P..
      48  09 78 77 17 25 00 82 23 14 78 94 4a 09 c0 46 26   .xw.%..#.x.J..F&
      64  40 48 3e 84 10 05 0a 01 00 00 00 00 02 00 00 00   @H>.............
      80  00 00 00 00 00 00 00 00 00 ff ff ff ff 05 00 00   ................
      96  00 9f 88 00 00 00 00 00 00 4d 49 58 58 00 bb da   .........MIXX...
     112  17 28 f8 16 25 90 a5 56 09 28 32 84 10 88 bb 16   .(..%..V.(2.....
     128  25 c8 66 34 27 50 4c b7 41 00 73 02 13 c8 13 89   %.f4'PL.A.s.....
     144  23 58 2c 92 36 70 ed 14 1d 1c 0a 01 00 00 00 00   #X,.6p..........
     160  02 00 00 00 00 00 00 00 00 00 00 00 00 ff ff ff   ................
     176  ff 08 d6 00 00 f0 9c 00 00 00 00 00 00 65 76 65   .............eve
     192  6e 00 6c 4c 09 60 ee 70 17 a0 b0 04 10 68 1e b3   n.lL.`.p.....h..
     208  41 d8 91 e8 10 50 e8 70 17 c8 47 d1 14 00 55 26   A....P.p..G...U&
     224  40 60 6f 5f 23 60 2c aa 15 40 3b 84 10 0e 0a 01   @`o_#`,..@;.....
     240  00 00 00 00 02 00 00 00 00 00 00 00 00 00 00 00   ................
     256  00 ff ff ff ff 73 03 01 00 f9 1d 01 00 00 00 00   .....s..........
     272  00 4b 69 6e 67 42 6f 79 00 a8 90 3f 1d 48 2a 15   .KingBoy...?.H*.
     288  09 38 19 dd 10 c0 b1 70 17 c8 9c 3f 1d 00 5f 26   .8.....p...?.._&
     304  16 00 9c 70 17 28 71 3b 1f 80 dc 16 09 58 4f b7   ...p.(q;.....XO.
     320  41 09 0a 01 00 00 00 00 02 00 00 00 00 00 00 00   A...............
     336  00 00 00 00 00 ff ff ff ff c6 03 01 00 46 fa 07   .............F..
     352  00 00 00 00 00 4a 6f 72 4b 6a 66 00 09 58 6f ef   .....JorKjf..Xo.
     368  14 a0 ab 56 09 e0 52 26 40 e8 37 37 09 e8 29 13   ...V..R&@.77..).
     384  1d 10 47 37 09 00 bd 97 23 f0 80 8b 17 e0 bd 70   ..G7....#......p
     400  17 c0 b2 0d 28 0a 0a 01 00 00 00 00 02 00 00 00   ....(...........
     416  00 00 00 00 00 00 00 00 00 ff ff ff ff 31 09 01   .............1..
     432  00 7d 52 0a 00 00 00 00 00 53 75 62 69 00 1e 15   .}R......Subi...
     448  09 90 e2 16 09 30 40 b7 41 d0 16 89 23 48 84 70   .....0@.A...#H.p
     464  17 80 b8 16 25 60 ee bb 10 00 50 17 25 78 24 b3   ....%`....P.%x$.
     480  41 08 ec 16 25 20 10 dd 10 0a 0a 01 00 00 00 00   A...% ..........
     496  02 00 00 00 00 00 00 00 00 00 00 00 00 ff ff ff   ................
     512  ff 17 eb 00 00 05 7d 0a 00 00 00 00 00 4a 61 69   ......}......Jai
     528  72 6f 4d 35 39 00 9c b4 16 c0 b1 97 23 78 f7 70   roM59.......#x.p
     544  17 78 7b ef 14 d0 d3 47 16 68 f1 bb 10 53 61 6c   .x{....G.h...Sal
     560  76 61 74 72 75 63 68 61 00 28 13 dd 10 21 0a 03   vatrucha.(...!..
     576  00 00 00 00 02 12 00 00 00 ba b9 2c 00 00 00 00   ...........,....
     592  00 ff ff ff ff e9 03 00 00                        .........

#### 1226 0x04ca  MC_MATCH_CHANNEL_CHAT   n=11  dir=S2C  bodylen=65..90 (11 sizes)
  example (S2C, serial=1, 85B params):
       0  00 00 00 00 00 00 00 07 00 41 6c 65 78 61 00 0b   .........Alexa..
      16  1f 00 53 4f 20 70 61 6e 6f 20 6d 61 67 70 61 6c   ..SO pano magpal
      32  69 74 20 6e 67 20 63 6c 61 6e 20 6e 61 6d 65 00   it ng clan name.
      48  ee 00 00 00 00 75 f2 22 00 00 00 00 00 14 00 00   .....u."........
      64  00 04 00 00 00 03 00 00 00 41 62 5d 00 23 14 5d   .........Ab].#.]
      80  00 31 3b 5d 00                                    .1;].

#### 1231 0x04cf  MC_MATCH_CHANNEL_RESPONSE_RULE   n=13  dir=S2C  bodylen=16
  example (S2C, serial=1, 11B params):
       0  00 00 00 00 00 00 00 05 00 00 00                  ...........

#### 1301 0x0515  MC_MATCH_STAGE_CREATE   n=2  dir=C2S  bodylen=327..330 (2 sizes)
  example (C2S, serial=11, 325B params):
       0  00 61 73 64 61 73 64 61 73 64 00 61 00 02 00 00   .asdasdasd.a....
      16  00 30 01 00 00 28 01 00 00 01 00 00 00 00 00 00   .0...(..........
      32  00 00 00 00 00 4d 61 6e 73 69 6f 6e 00 00 00 00   .....Mansion....
      48  00 00 00 00 00 00 00 00 00 00 00 00 00 00 00 00   ................
      64  00 00 00 00 00 00 00 00 00 00 00 00 00 00 00 00   ................
      80  00 00 00 00 00 00 00 00 00 00 00 00 00 00 00 00   ................
      96  00 00 00 00 00 00 00 00 00 00 00 00 00 64 00 00   .............d..
     112  00 80 4f 12 00 04 00 00 00 00 00 01 00 00 00 00   ..O.............
     128  00 01 00 00 00 00 00 00 00 00 00 00 00 00 00 00   ................
     144  00 00 00 00 00 00 00 00 00 00 00 00 00 00 00 00   ................
     160  00 00 00 00 00 00 00 00 00 00 00 00 00 00 00 00   ................
     176  00 00 00 00 00 00 00 00 00 00 00 00 31 00 00 00   ............1...
     192  00 00 00 00 00 00 00 00 00 00 00 00 00 00 00 00   ................
     208  00 00 00 00 00 00 00 00 00 00 00 00 00 00 00 00   ................
     224  00 00 00 00 00 00 01 01 01 00 00 00 00 00 00 00   ................
     240  00 00 00 00 00 64 00 00 00 01 00 00 00 c8 00 00   .....d..........
     256  00 e1 30 08 77 38 f8 1a 00 3c f8 1a 00 00 00 00   ..0.w8...<......
     272  00 f4 20 68 74 ff ff ff ff 00 a0 fe 7f 64 aa 00   .. ht........d..
     288  00 e1 30 08 77 6a 1b fc 73 18 08 0b 09 88 f9 1a   ..0.wj..s.......
     304  00 cc 1e fc 73 ff ff ff ff f0 2d 08 77 ff ff ff   ....s.....-.w...
     320  ff 04 00 00 00                                    .....

#### 1303 0x0517  MC_MATCH_STAGE_JOIN   n=4  dir=S2C  bodylen=34..37 (3 sizes)
  example (S2C, serial=23, 32B params):
       0  27 23 00 00 00 00 00 12 a2 00 00 00 00 00 00 a3   '#..............
      16  00 00 00 0b 00 61 73 64 61 73 64 61 73 64 00 6b   .....asdasdasd.k

#### 1304 0x0518  MC_MATCH_REQUEST_STAGE_JOIN   n=1  dir=C2S  bodylen=12
  example (C2S, serial=212, 7B params):
       0  84 00 00 00 00 00 00                              .......

#### 1307 0x051b  MC_MATCH_STAGE_LEAVE   n=12  dir=C2S/S2C  bodylen=12
  example (S2C, serial=228, 7B params):
       0  19 23 00 00 00 00 00                              .#.....

#### 1311 0x051f  MC_MATCH_REQUEST_STAGE_LIST   n=15  dir=C2S  bodylen=24
  example (C2S, serial=23, 19B params):
       0  27 23 00 00 00 00 00 01 00 00 00 00 00 00 00 00   '#..............
      16  00 00 00                                          ...

#### 1314 0x0522  MC_MATCH_STAGE_LIST   n=10  dir=S2C  bodylen=5078..5298 (6 sizes)
  example (S2C, serial=1, 5293B params):
       0  01 a8 14 00 00 16 00 00 00 f0 00 00 00 10 a2 00   ................
      16  00 00 00 00 00 01 00 01 04 02 07 00 00 00 00 49   ...............I
      32  00 00 00 8c a1 00 00 00 00 00 00 02 00 02 04 02   ................
      48  07 00 00 00 00 09 00 00 00 13 a2 00 00 00 00 00   ................
      64  00 03 00 0b 0c 02 09 00 00 00 16 0c 02 00 00 ff   ................
      80  9f 00 00 00 00 00 00 04 00 01 04 02 07 00 00 00   ................
      96  00 0b 00 00 00 0a a2 00 00 00 00 00 00 05 00 01   ................
     112  10 02 05 00 00 00 05 0e 02 0f 07 5f a2 00 00 00   ..........._....
     128  00 00 00 06 00 01 08 02 05 00 00 00 00 0a 02 00   ................
     144  00 66 91 00 00 00 00 00 00 07 00 0c 0c 00 09 00   .f..............
     160  00 00 05 0d 02 00 00 a2 a1 00 00 00 00 00 00 08   ................
     176  00 01 08 02 05 00 00 00 05 0e 02 0f 07 05 9d 00   ................
     192  00 00 00 00 00 09 00 10 10 02 00 00 00 00 00 39   ...............9
     208  03 00 00 3a 9b 00 00 00 00 00 00 0a 00 10 10 02   ...:............
     224  00 00 00 00 00 0d 02 00 00 0a a1 00 00 00 00 00   ................
     240  00 0b 00 04 04 02 0a 00 00 00 10 49 02 00 00 b1   ...........I....
     256  8f 00 00 00 00 00 00 0c 00 10 10 02 00 00 00 00   ................
     272  01 0d 02 00 00 23 a2 00 00 00 00 00 00 0d 00 01   .....#..........
     288  04 02 07 00 00 00 00 09 00 00 00 af a1 00 00 00   ................
     304  00 00 00 0e 00 01 04 00 07 00 00 00 00 18 00 00   ................
     320  00 d5 a1 00 00 00 00 00 00 0f 00 01 04 02 00 00   ................
     336  00 00 00 0e 02 0f 07 d4 9e 00 00 00 00 00 00 10   ................
     352  00 0f 10 02 09 00 00 00 00 8c 02 00 00 c4 9e 00   ................
     368  00 00 00 00 00 11 00 10 10 02 05 00 00 00 05 0d   ................
     384  02 0f 07 7b 9e 00 00 00 00 00 00 12 00 01 08 00   ...{............
     400  02 00 00 00 04 08 02 00 00 8e 97 00 00 00 00 00   ................
     416  00 13 00 0b 10 00 00 00 00 00 00 0c 02 00 00 8f   ................
     432  a1 00 00 00 00 00 00 14 00 01 04 02 07 00 00 00   ................
     448  00 0b 00 10 01 3f 9c 00 00 00 00 00 00 15 00 04   .....?..........
     464  04 02 07 00 00 00 00 4d 00 f0 07 e7 97 00 00 00   .......M........
     480  00 00 00 16 00 0f 10 02 01 00 00 00 05 4c 02 00   .............L..
     496  00 15 9f 00 00 00 00 00 00 17 00 10 10 02 00 00   ................
     512  00 00 05 09 02 00 00 eb 9c 00 00 00 00 00 00 18   ................
     528  00 0c 0c 02 02 00 00 00 05 3d 02 05 07 58 a2 00   .........=...X..
     544  00 00 00 00 00 19 00 01 04 02 05 00 00 00 05 3b   ...............;
     560  00 00 00 39 9f 00 00 00 00 00 00 1a 00 10 10 02   ...9............
     576  00 00 00 00 00 09 02 00 00 0b a2 00 00 00 00 00   ................
     592  00 1b 00 01 10 02 00 00 00 00 05 0e 02 00 00 35   ...............5
     608  a2 00 00 00 00 00 00 1c 00 02 10 02 00 00 00 00   ................
     624  00 0e 02 f0 07 f9 9f 00 00 00 00 00 00 1d 00 03   ................
     640  04 02 07 00 00 00 00 0d 00 00 00 d8 9e 00 00 00   ................
     656  00 00 00 1e 00 04 04 02 07 00 00 00 00 39 00 00   .............9..
     672  00 31 a2 00 00 00 00 00 00 1f 00 01 04 02 07 00   .1..............
     688  00 00 00 05 00 ff 07 e5 9f 00 00 00 00 00 00 20   ............... 
     704  00 03 04 02 07 00 00 00 00 0d 00 00 00 9e 9e 00   ................
     720  00 00 00 00 00 21 00 01 08 02 00 00 00 00 00 0c   .....!..........
     736  02 00 00 8f 9f 00 00 00 00 00 00 22 00 04 04 02   ..........."....
     752  07 00 00 00 00 0d 00 ff 07 7e a1 00 00 00 00 00   .........~......
     768  00 23 00 01 04 02 07 00 00 00 00 0f 00 00 00 70   .#.............p
     784  a0 00 00 00 00 00 00 24 00 06 08 02 01 00 00 00   .......$........
     800  0b 4e 02 00 00 ba 9b 00 00 00 00 00 00 25 00 04   .N...........%..
     816  04 02 07 00 00 00 00 4d 00 00 00 da a1 00 00 00   .......M........
     832  00 00 00 26 00 01 08 02 05 00 00 00 04 0a 02 00   ...&............
     848  00 fd 98 00 00 00 00 00 00 27 00 02 04 00 07 00   .........'......
     864  00 00 00 08 00 00 00 60 a2 00 00 00 00 00 00 28   .......`.......(
     880  00 01 04 00 07 00 00 00 00 4e 00 00 00 db a1 00   .........N......
     896  00 00 00 00 00 29 00 03 04 02 07 00 00 00 00 0d   .....)..........
     912  00 f0 07 30 a1 00 00 00 00 00 00 2a 00 08 08 02   ...0.......*....
     928  01 00 00 00 05 09 02 00 00 3b 9f 00 00 00 00 00   .........;......
     944  00 2b 00 0e 10 02 00 00 00 00 05 0c 02 f0 07 ec   .+..............
     960  98 00 00 00 00 00 00 2c 00 0f 10 02 05 00 00 00   .......,........
     976  0a 3c 02 00 00 0c 9c 00 00 00 00 00 00 2d 00 0c   .<...........-..
     992  0c 02 01 00 00 00 00 0d 02 00 00 73 a1 00 00 00   ...........s....
    1008  00 00 00 2e 00 02 08 02 01 00 00 00 05 0a 02 00   ................
    1024  00 db 9a 00 00 00 00 00 00 2f 00 05 08 02 0a 00   ........./......
    1040  00 00 10 0c 02 f0 07 4b 9f 00 00 00 00 00 00 30   .......K.......0
    1056  00 0e 10 02 09 00 00 00 16 4c 02 00 00 5d a1 00   .........L...]..
    1072  00 00 00 00 00 31 00 01 04 02 00 00 00 00 00 0b   .....1..........
    1088  00 0e 07 dc 8e 00 00 00 00 00 00 32 00 01 10 00   ...........2....
    1104  00 00 00 00 00 0c 02 00 00 84 9c 00 00 00 00 00   ................
    1120  00 33 00 01 08 00 00 00 00 00 05 0a 00 00 00 3c   .3.............<
    1136  a0 00 00 00 00 00 00 34 00 01 04 00 03 00 00 00   .......4........
    1152  04 0e 00 00 00 f7 94 00 00 00 00 00 00 35 00 04   .............5..
    1168  04 02 02 00 00 00 05 0d 02 00 00 f6 91 00 00 00   ................
    1184  00 00 00 36 00 01 04 02 07 00 00 00 00 3f 00 00   ...6.........?..
    1200  00 fc 9c 00 00 00 00 00 00 37 00 01 08 00 05 00   .........7......
    1216  00 00 05 08 02 00 00 3d a1 00 00 00 00 00 00 38   .......=.......8
    1232  00 01 04 02 00 00 00 00 00 0a 02 00 00 08 a2 00   ................
    1248  00 00 00 00 00 39 00 01 10 02 02 00 00 00 04 30   .....9.........0
    1264  03 00 00 cf 8e 00 00 00 00 00 00 3a 00 10 10 02   ...........:....
    1280  01 00 00 00 09 4d 02 00 00 43 a0 00 00 00 00 00   .....M...C......
    1296  00 3b 00 01 08 02 00 00 00 00 05 4e 02 f0 07 03   .;.........N....
    1312  99 00 00 00 00 00 00 3c 00 06 10 02 05 00 00 00   .......<........
    1328  05 28 02 00 00 b3 9f 00 00 00 00 00 00 3d 00 01   .(...........=..
    1344  08 02 05 00 00 00 05 5e 02 00 00 49 95 00 00 00   .......^...I....
    1360  00 00 00 3e 00 01 08 00 00 00 00 00 16 5a 02 00   ...>.........Z..
    1376  00 82 9e 00 00 00 00 00 00 3f 00 01 04 00 07 00   .........?......
    1392  00 00 00 0c 00 f0 07 5d 97 00 00 00 00 00 00 40   .......].......@
    1408  00 10 10 02 00 00 00 00 00 35 02 00 00 a9 a0 00   .........5......
    1424  00 00 00 00 00 41 00 02 08 02 05 00 00 00 05 0e   .....A..........
    1440  02 00 00 57 9e 00 00 00 00 00 00 42 00 02 08 02   ...W.......B....
    1456  05 00 00 00 05 0e 02 00 00 00 9e 00 00 00 00 00   ................
    1472  00 43 00 02 08 02 00 00 00 00 00 3e 02 00 00 69   .C.........>...i
    1488  a1 00 00 00 00 00 00 44 00 01 08 02 05 00 00 00   .......D........
    1504  16 08 02 00 00 73 9d 00 00 00 00 00 00 45 00 06   .....s.......E..
    1520  08 02 05 00 00 00 05 0c 02 00 00 46 a2 00 00 00   ...........F....
    1536  00 00 00 46 00 01 04 02 07 00 00 00 00 4f 00 ff   ...F.........O..
    1552  07 49 a1 00 00 00 00 00 00 47 00 02 04 00 0a 00   .I.......G......
    1568  00 00 13 3e 02 f0 07 39 a2 00 00 00 00 00 00 48   ...>...9.......H
    1584  00 01 10 02 00 00 00 00 00 08 02 00 00 89 a1 00   ................
    1600  00 00 00 00 00 49 00 02 04 02 07 00 00 00 00 0d   .....I..........
    1616  00 f0 07 69 9c 00 00 00 00 00 00 4a 00 04 04 02   ...i.......J....
    1632  07 00 00 00 00 59 00 00 00 b4 a1 00 00 00 00 00   .....Y..........
    1648  00 4b 00 07 0c 02 01 00 00 00 02 0c 02 00 00 c9   .K..............
    1664  a1 00 00 00 00 00 00 4c 00 02 08 02 0a 00 00 00   .......L........
    1680  13 0e 02 00 00 d6 99 00 00 00 00 00 00 4d 00 10   .............M..
    1696  10 02 00 00 00 00 00 29 02 00 00 dc a1 00 00 00   .......)........
    1712  00 00 00 4e 00 03 04 02 07 00 00 00 00 0d 00 f0   ...N............
    1728  07 dd a1 00 00 00 00 00 00 4f 00 01 08 02 05 00   .........O......
    1744  00 00 05 0e 02 00 00 9f 9d 00 00 00 00 00 00 50   ...............P
    1760  00 10 10 02 00 00 00 00 05 a9 02 00 00 8b 9e 00   ................
    1776  00 00 00 00 00 51 00 04 04 02 07 00 00 00 00 39   .....Q.........9
    1792  00 00 00 c2 a1 00 00 00 00 00 00 52 00 01 04 00   ...........R....
    1808  07 00 00 00 00 0a 00 00 00 66 a1 00 00 00 00 00   .........f......
    1824  00 53 00 01 08 02 05 00 00 00 00 0c 02 00 00 e4   .S..............
    1840  98 00 00 00 00 00 00 54 00 01 08 00 00 00 00 00   .......T........
    1856  16 88 02 00 00 d9 a0 00 00 00 00 00 00 55 00 01   .............U..
    1872  08 02 05 00 00 00 05 0e 02 f0 07 4f 9d 00 00 00   ...........O....
    1888  00 00 00 56 00 04 04 02 07 00 00 00 00 59 00 00   ...V.........Y..
    1904  00 6c 9c 00 00 00 00 00 00 57 00 02 08 00 11 00   .l.......W......
    1920  00 00 02 3e 02 00 00 5f 9f 00 00 00 00 00 00 58   ...>..._.......X
    1936  00 07 08 02 01 00 00 00 0c 5c 02 00 00 4e a2 00   .........\...N..
    1952  00 00 00 00 00 59 00 01 04 02 07 00 00 00 00 09   .....Y..........
    1968  00 00 00 53 a1 00 00 00 00 00 00 5a 00 01 08 02   ...S.......Z....
    1984  05 00 00 00 05 0e 02 f0 07 3d a2 00 00 00 00 00   .........=......
    2000  00 5b 00 01 08 02 05 00 00 00 05 26 02 0f 07 7e   .[.........&...~
    2016  9f 00 00 00 00 00 00 5c 00 01 04 02 07 00 00 00   .......\........
    2032  00 0b 00 11 00 7f 9f 00 00 00 00 00 00 5d 00 01   .............]..
    2048  04 02 05 00 00 00 00 18 02 00 00 3a 9d 00 00 00   ...........:....
    2064  00 00 00 5e 00 01 04 00 07 00 00 00 00 3a 00 00   ...^.........:..
    2080  00 4f a2 00 00 00 00 00 00 5f 00 02 08 00 00 00   .O......._......
    2096  00 00 0c 5c 02 00 00 89 8f 00 00 00 00 00 00 60   ...\...........`
    2112  00 01 04 00 07 00 00 00 00 0a 00 00 00 75 9c 00   .............u..
    2128  00 00 00 00 00 61 00 01 08 02 05 00 00 00 00 0e   .....a..........
    2144  02 00 00 92 99 00 00 00 00 00 00 62 00 0f 10 02   ...........b....
    2160  01 00 00 00 05 4c 02 00 00 e6 9d 00 00 00 00 00   .....L..........
    2176  00 63 00 02 04 02 00 00 00 00 05 0e 02 00 00 f9   .c..............
    2192  a1 00 00 00 00 00 00 64 00 10 10 02 00 00 00 00   .......d........
    2208  00 09 02 11 00 de a1 00 00 00 00 00 00 65 00 01   .............e..
    2224  08 02 05 00 00 00 00 0a 02 00 00 d4 84 00 00 00   ................
    2240  00 00 00 66 00 08 10 02 02 00 00 00 04 8c 02 00   ...f............
    2256  00 61 a2 00 00 00 00 00 00 67 00 01 04 00 07 00   .a.......g......
    2272  00 00 00 38 00 00 00 2e a0 00 00 00 00 00 00 68   ...8...........h
    2288  00 07 08 02 09 00 00 00 0a 08 02 00 00 fa a0 00   ................
    2304  00 00 00 00 00 69 00 03 0c 02 02 00 00 00 04 5c   .....i.........\
    2320  02 ff 07 12 97 00 00 00 00 00 00 6a 00 01 08 00   ...........j....
    2336  05 00 00 00 05 5c 02 f0 07 b4 a0 00 00 00 00 00   .....\..........
    2352  00 6b 00 03 04 02 07 00 00 00 00 09 00 00 00 65   .k.............e
    2368  a2 00 00 00 00 00 00 6c 00 01 08 02 05 00 00 00   .......l........
    2384  05 08 02 00 00 c7 a1 00 00 00 00 00 00 6d 00 01   .............m..
    2400  04 00 07 00 00 00 00 08 00 00 00 0f a2 00 00 00   ................
    2416  00 00 00 6e 00 01 04 02 07 00 00 00 00 3b 00 00   ...n.........;..
    2432  00 2d a2 00 00 00 00 00 00 6f 00 01 08 00 01 00   .-.......o......
    2448  00 00 05 2c 02 00 02 dc a0 00 00 00 00 00 00 70   ...,...........p
    2464  00 01 04 02 05 00 00 00 05 8a 02 00 00 4b 9d 00   .............K..
    2480  00 00 00 00 00 71 00 01 10 02 00 00 00 00 05 09   .....q..........
    2496  00 00 00 74 9e 00 00 00 00 00 00 72 00 04 04 02   ...t.......r....
    2512  07 00 00 00 00 0d 00 00 00 15 a2 00 00 00 00 00   ................
    2528  00 73 00 02 04 02 07 00 00 00 00 01 00 00 00 4b   .s.............K
    2544  90 00 00 00 00 00 00 74 00 01 08 00 02 00 00 00   .......t........
    2560  00 0a 00 00 00 e8 8e 00 00 00 00 00 00 75 00 04   .............u..
    2576  04 02 07 00 00 00 00 0d 00 00 00 d4 a0 00 00 00   ................
    2592  00 00 00 76 00 01 08 02 00 00 00 00 05 0e 02 f0   ...v............
    2608  07 c0 8c 00 00 00 00 00 00 77 00 01 08 00 05 00   .........w......
    2624  00 00 05 5a 00 00 00 0e 9c 00 00 00 00 00 00 78   ...Z...........x
    2640  00 04 04 02 07 00 00 00 00 0d 00 00 00 b3 99 00   ................
    2656  00 00 00 00 00 79 00 02 0c 00 11 00 00 00 05 34   .....y.........4
    2672  02 00 00 b9 9f 00 00 00 00 00 00 7a 00 05 08 02   ...........z....
    2688  0a 00 00 00 10 0e 02 00 00 77 9c 00 00 00 00 00   .........w......
    2704  00 7b 00 01 08 00 05 00 00 00 05 08 02 00 00 62   .{.............b
    2720  a2 00 00 00 00 00 00 7c 00 01 04 02 07 00 00 00   .......|........
    2736  00 4b 00 11 00 78 9d 00 00 00 00 00 00 7d 00 04   .K...x.......}..
    2752  04 02 07 00 00 00 00 5d 00 0f 07 fe a1 00 00 00   .......]........
    2768  00 00 00 7e 00 01 10 02 00 00 00 00 00 0a 02 00   ...~............
    2784  00 68 a1 00 00 00 00 00 00 7f 00 08 08 02 01 00   .h..............
    2800  00 00 05 0d 02 00 00 76 a2 00 00 00 00 00 00 80   .......v........
    2816  00 01 08 02 05 00 00 00 0a 0e 02 f0 07 5d a0 00   .............]..
    2832  00 00 00 00 00 81 00 05 08 02 0a 00 00 00 13 ac   ................
    2848  02 0f 07 17 a2 00 00 00 00 00 00 82 00 01 04 02   ................
    2864  07 00 00 00 00 0d 00 ff 03 43 a2 00 00 00 00 00   .........C......
    2880  00 83 00 02 08 02 09 00 00 00 0b 29 00 00 00 fa   ...........)....
    2896  9d 00 00 00 00 00 00 84 00 06 08 02 02 00 00 00   ................
    2912  04 88 02 00 07 2e a2 00 00 00 00 00 00 85 00 02   ................
    2928  04 02 05 00 00 00 05 38 02 00 00 2a a2 00 00 00   .......8...*....
    2944  00 00 00 86 00 01 08 02 00 00 00 00 16 4e 02 f0   .............N..
    2960  07 89 96 00 00 00 00 00 00 87 00 01 08 00 05 00   ................
    2976  00 00 16 2a 02 00 00 89 99 00 00 00 00 00 00 88   ...*............
    2992  00 01 08 02 02 00 00 00 16 0e 02 00 00 b8 a0 00   ................
    3008  00 00 00 00 00 89 00 02 04 02 07 00 00 00 00 4f   ...............O
    3024  00 00 00 ab 9a 00 00 00 00 00 00 8a 00 01 04 00   ................
    3040  05 00 00 00 05 0a 00 00 00 be a0 00 00 00 00 00   ................
    3056  00 8b 00 02 04 02 00 00 00 00 05 3e 02 00 00 63   ...........>...c
    3072  a2 00 00 00 00 00 00 8c 00 01 10 02 00 00 00 00   ................
    3088  00 08 02 00 00 e9 9c 00 00 00 00 00 00 8d 00 08   ................
    3104  08 02 00 00 00 00 00 59 02 00 00 9e 9d 00 00 00   .......Y........
    3120  00 00 00 8e 00 08 08 02 02 00 00 00 04 0d 02 00   ................
    3136  00 c5 9f 00 00 00 00 00 00 8f 00 01 04 02 07 00   ................
    3152  00 00 00 39 00 00 00 26 94 00 00 00 00 00 00 90   ...9...&........
    3168  00 01 08 02 05 00 00 00 05 4e 02 00 00 82 9b 00   .........N......
    3184  00 00 00 00 00 91 00 01 08 00 05 00 00 00 00 0e   ................
    3200  02 ff 07 eb a1 00 00 00 00 00 00 92 00 02 08 02   ................
    3216  05 00 00 00 16 08 02 00 00 a8 9e 00 00 00 00 00   ................
    3232  00 93 00 01 04 02 05 00 00 00 05 09 00 11 00 0d   ................
    3248  a2 00 00 00 00 00 00 94 00 03 04 02 0a 00 00 00   ................
    3264  13 84 02 00 00 3f 9f 00 00 00 00 00 00 95 00 02   .....?..........
    3280  10 02 01 00 00 00 16 1f 00 00 00 a2 9d 00 00 00   ................
    3296  00 00 00 96 00 01 08 02 00 00 00 00 16 0e 02 ff   ................
    3312  00 4b a1 00 00 00 00 00 00 97 00 01 04 02 07 00   .K..............
    3328  00 00 00 4b 00 11 00 a3 a1 00 00 00 00 00 00 98   ...K............
    3344  00 02 04 02 0a 00 00 00 13 0a 02 00 00 a4 a1 00   ................
    3360  00 00 00 00 00 99 00 01 04 02 07 00 00 00 00 09   ................
    3376  00 f7 07 01 a1 00 00 00 00 00 00 9a 00 02 08 02   ................
    3392  03 00 00 00 04 0c 02 00 00 6d a2 00 00 00 00 00   .........m......
    3408  00 9b 00 01 08 02 05 00 00 00 01 0e 02 f0 07 7f   ................
    3424  a1 00 00 00 00 00 00 9c 00 03 04 02 07 00 00 00   ................
    3440  00 09 00 00 00 4b 9e 00 00 00 00 00 00 9d 00 03   .....K..........
    3456  04 02 07 00 00 00 00 29 00 00 00 af 99 00 00 00   .......)........
    3472  00 00 00 9e 00 01 10 02 00 00 00 00 05 8e 02 f0   ................
    3488  07 40 a1 00 00 00 00 00 00 9f 00 01 04 02 05 00   .@..............
    3504  00 00 00 3a 02 00 00 9e a0 00 00 00 00 00 00 a0   ...:............
    3520  00 01 04 02 07 00 00 00 00 4f 00 f0 07 66 a2 00   .........O...f..
    3536  00 00 00 00 00 a1 00 01 10 00 00 00 00 00 00 0e   ................
    3552  02 00 00 a5 9c 00 00 00 00 00 00 a2 00 05 08 02   ................
    3568  00 00 00 00 00 0e 02 00 00 32 a2 00 00 00 00 00   .........2......
    3584  00 a3 00 01 04 02 07 00 00 00 00 09 00 f0 07 ce   ................
    3600  9b 00 00 00 00 00 00 a4 00 0c 10 02 01 00 00 00   ................
    3616  05 2c 02 00 00 dc 9f 00 00 00 00 00 00 a5 00 08   .,..............
    3632  0c 02 03 00 00 00 05 4c 02 00 00 10 a1 00 00 00   .......L........
    3648  00 00 00 a6 00 01 08 02 05 00 00 00 00 38 02 00   .............8..
    3664  00 39 a0 00 00 00 00 00 00 a7 00 02 10 02 00 00   .9..............
    3680  00 00 00 0e 02 f0 07 e0 9e 00 00 00 00 00 00 a8   ................
    3696  00 04 04 02 07 00 00 00 00 0d 00 00 00 13 a0 00   ................
    3712  00 00 00 00 00 a9 00 10 10 02 00 00 00 00 05 3d   ...............=
    3728  02 00 00 c5 9a 00 00 00 00 00 00 aa 00 01 08 02   ................
    3744  05 00 00 00 05 3b 00 00 00 4c 9f 00 00 00 00 00   .....;...L......
    3760  00 ab 00 04 04 02 07 00 00 00 00 2d 00 ab 07 7c   ...........-...|
    3776  a2 00 00 00 00 00 00 ac 00 01 04 00 07 00 00 00   ................
    3792  00 0c 00 ff 07 d5 9c 00 00 00 00 00 00 ad 00 04   ................
    3808  04 02 07 00 00 00 00 25 00 0f 07 0e a2 00 00 00   .......%........
    3824  00 00 00 af 00 01 04 02 07 00 00 00 00 2f 00 f0   ............./..
    3840  07 6f a2 00 00 00 00 00 00 b0 00 01 0c 02 00 00   .o..............
    3856  00 00 00 08 02 00 00 9a 98 00 00 00 00 00 00 b1   ................
    3872  00 02 10 02 05 00 00 00 05 0c 02 00 00 1e a1 00   ................
    3888  00 00 00 00 00 b2 00 01 04 00 07 00 00 00 00 08   ................
    3904  00 00 00 8a a1 00 00 00 00 00 00 b3 00 02 08 02   ................
    3920  0a 00 00 00 10 1a 02 00 00 1f a2 00 00 00 00 00   ................
    3936  00 b4 00 01 10 02 00 00 00 00 00 0a 02 00 00 40   ...............@
    3952  9d 00 00 00 00 00 00 b5 00 10 10 02 00 00 00 00   ................
    3968  00 35 02 f0 07 bc a1 00 00 00 00 00 00 b6 00 01   .5..............
    3984  10 02 00 00 00 00 00 4a 02 00 00 06 a1 00 00 00   .......J........
    4000  00 00 00 b7 00 02 04 02 07 00 00 00 00 0d 00 f7   ................
    4016  07 3c a2 00 00 00 00 00 00 b8 00 01 04 02 07 00   .<..............
    4032  00 00 00 09 00 00 00 6f a0 00 00 00 00 00 00 b9   .......o........
    4048  00 02 08 02 01 00 00 00 08 0c 02 00 00 20 a2 00   ............. ..
    4064  00 00 00 00 00 ba 00 01 10 00 00 00 00 00 05 0a   ................
    4080  02 00 00 e7 a0 00 00 00 00 00 00 bb 00 08 08 02   ................
    4096  05 00 00 00 00 49 02 00 00 6f 9f 00 00 00 00 00   .....I...o......
    4112  00 bc 00 10 10 02 00 00 00 00 05 5d 02 f0 07 46   ...........]...F
    4128  a1 00 00 00 00 00 00 bd 00 01 08 02 05 00 00 00   ................
    4144  00 0e 02 0f 07 92 9b 00 00 00 00 00 00 be 00 0e   ................
    4160  10 02 00 00 00 00 05 04 02 00 00 71 a2 00 00 00   ...........q....
    4176  00 00 00 bf 00 01 08 02 05 00 00 00 05 4a 02 00   .............J..
    4192  00 38 9a 00 00 00 00 00 00 c0 00 01 10 00 00 00   .8..............
    4208  00 00 00 08 02 00 00 12 a1 00 00 00 00 00 00 c1   ................
    4224  00 01 04 02 07 00 00 00 00 0b 00 f0 00 13 a1 00   ................
    4240  00 00 00 00 00 c2 00 02 08 02 01 00 00 00 00 2f   .............../
    4256  00 00 00 14 a1 00 00 00 00 00 00 c3 00 03 08 02   ................
    4272  0a 00 00 00 10 58 02 00 00 cb a1 00 00 00 00 00   .....X..........
    4288  00 c4 00 01 08 02 05 00 00 00 00 0e 02 f0 07 25   ...............%
    4304  a2 00 00 00 00 00 00 c5 00 04 08 02 03 00 00 00   ................
    4320  1a 4e 02 00 00 eb 9d 00 00 00 00 00 00 c6 00 10   .N..............
    4336  10 02 00 00 00 00 05 0d 02 f0 07 13 9f 00 00 00   ................
    4352  00 00 00 c7 00 07 08 02 00 00 00 00 05 08 02 00   ................
    4368  00 3e a2 00 00 00 00 00 00 c8 00 01 04 02 07 00   .>..............
    4384  00 00 00 49 00 00 00 9a 9e 00 00 00 00 00 00 c9   ...I............
    4400  00 06 08 02 01 00 00 00 05 3e 02 00 00 90 9f 00   .........>......
    4416  00 00 00 00 00 ca 00 04 04 00 07 00 00 00 00 3d   ...............=
    4432  00 f0 07 89 9f 00 00 00 00 00 00 cb 00 0f 10 02   ................
    4448  00 00 00 00 0e a8 02 00 00 8c 9f 00 00 00 00 00   ................
    4464  00 cc 00 01 04 00 05 00 00 00 05 0a 02 00 00 92   ................
    4480  a0 00 00 00 00 00 00 cd 00 01 10 02 00 00 00 00   ................
    4496  05 0a 02 00 00 0b 9e 00 00 00 00 00 00 ce 00 07   ................
    4512  08 02 01 00 00 00 0c 5c 02 00 00 33 a2 00 00 00   .......\...3....
    4528  00 00 00 cf 00 04 10 02 09 00 00 00 04 4c 02 00   .............L..
    4544  00 27 a2 00 00 00 00 00 00 d0 00 01 04 02 07 00   .'..............
    4560  00 00 00 0b 00 00 00 14 9f 00 00 00 00 00 00 d1   ................
    4576  00 04 04 02 07 00 00 00 00 0f 00 00 00 93 a0 00   ................
    4592  00 00 00 00 00 d2 00 02 08 02 05 00 00 00 00 2e   ................
    4608  02 00 00 19 9e 00 00 00 00 00 00 d3 00 07 0c 02   ................
    4624  00 00 00 00 00 58 03 00 00 e1 9c 00 00 00 00 00   .....X..........
    4640  00 d5 00 04 04 00 07 00 00 00 00 3d 00 00 00 fb   ...........=....
    4656  a1 00 00 00 00 00 00 d6 00 01 10 02 00 00 00 00   ................
    4672  04 0e 02 0f 07 fc a1 00 00 00 00 00 00 d7 00 01   ................
    4688  08 02 05 00 00 00 00 0e 02 f1 01 95 9f 00 00 00   ................
    4704  00 00 00 d8 00 04 04 02 0a 00 00 00 10 19 02 00   ................
    4720  00 58 a1 00 00 00 00 00 00 d9 00 01 08 02 05 00   .X..............
    4736  00 00 00 0a 02 00 00 7c a1 00 00 00 00 00 00 da   .......|........
    4752  00 01 08 02 05 00 00 00 16 0c 02 f0 07 ed a1 00   ................
    4768  00 00 00 00 00 db 00 01 04 02 07 00 00 00 00 5d   ...............]
    4784  00 f0 07 1d a1 00 00 00 00 00 00 dc 00 10 10 02   ................
    4800  00 00 00 00 00 29 02 00 00 52 a2 00 00 00 00 00   .....)...R......
    4816  00 dd 00 02 04 00 07 00 00 00 00 3c 00 0f 07 48   ...........<...H
    4832  a1 00 00 00 00 00 00 de 00 02 08 02 00 00 00 00   ................
    4848  05 0a 02 00 00 3f a2 00 00 00 00 00 00 df 00 01   .....?..........
    4864  08 02 00 00 00 00 06 0e 02 00 00 53 a2 00 00 00   ...........S....
    4880  00 00 00 e0 00 01 08 02 05 00 00 00 08 0a 02 00   ................
    4896  00 c1 a1 00 00 00 00 00 00 e1 00 03 04 00 07 00   ................
    4912  00 00 00 58 00 00 00 49 a2 00 00 00 00 00 00 e2   ...X...I........
    4928  00 01 04 00 00 00 00 00 04 5c 02 0f 07 41 a2 00   .........\...A..
    4944  00 00 00 00 00 e3 00 02 10 02 00 00 00 00 05 4e   ...............N
    4960  02 f0 07 74 a2 00 00 00 00 00 00 e4 00 01 04 02   ...t............
    4976  07 00 00 00 00 0d 00 f0 07 5e a2 00 00 00 00 00   .........^......
    4992  00 e5 00 01 08 02 05 00 00 00 16 8d 00 00 00 d3   ................
    5008  a1 00 00 00 00 00 00 e6 00 01 08 02 05 00 00 00   ................
    5024  00 0a 02 00 00 75 a2 00 00 00 00 00 00 e7 00 01   .....u..........
    5040  08 00 05 00 00 00 01 08 02 30 07 78 a2 00 00 00   .........0.x....
    5056  00 00 00 e8 00 01 08 02 05 00 00 00 00 0f 00 ff   ................
    5072  07 d8 a1 00 00 00 00 00 00 e9 00 06 10 02 01 00   ................
    5088  00 00 00 38 02 00 00 54 a2 00 00 00 00 00 00 ea   ...8...T........
    5104  00 01 04 02 02 00 00 00 05 0e 02 00 00 4c a2 00   .............L..
    5120  00 00 00 00 00 eb 00 01 04 02 07 00 00 00 00 0d   ................
    5136  00 77 07 7a a2 00 00 00 00 00 00 ec 00 01 10 02   .w.z............
    5152  05 00 00 00 05 0a 02 11 00 56 a2 00 00 00 00 00   .........V......
    5168  00 ed 00 01 08 02 05 00 00 00 00 0a 02 00 00 5b   ...............[
    5184  a2 00 00 00 00 00 00 ee 00 01 04 02 00 00 00 00   ................
    5200  09 07 00 00 00 ff a1 00 00 00 00 00 00 ef 00 01   ................
    5216  0c 00 09 00 00 00 05 04 02 00 00 00 a2 00 00 00   ................
    5232  00 00 00 f0 00 02 10 02 03 00 00 00 04 3c 02 00   .............<..
    5248  00 80 a2 00 00 00 00 00 00 f1 00 01 04 00 07 00   ................
    5264  00 00 00 08 00 00 00 7e a2 00 00 00 00 00 00 f2   .......~........
    5280  00 01 04 00 07 00 00 00 00 0a 00 00 00            .............

#### 1335 0x0537  **UNKNOWN**   n=30  dir=S2C  bodylen=1996..6616 (7 sizes)
  example (S2C, serial=208, 6611B params):
       0  19 00 00 42 00 00 00 64 00 00 00 01 00 46 69 6f   ...B...d.....Fio
      16  72 61 20 52 6f 6f 6d 00 02 00 00 98 a6 a7 06 00   ra Room.........
      32  f5 19 00 70 16 bc 10 28 73 7b 1e 40 06 00 00 01   ...p...(s{.@....
      48  00 00 00 e6 00 00 00 c5 d7 a1 5b 90 a6 5b 00 e6   ..........[..[..
      64  00 00 00 01 00 00 00 90 01 00 00 65 96 02 00 62   ...........e...b
      80  6f 72 72 61 61 61 61 20 63 61 6d 62 61 64 61 00   orraaaa cambada.
      96  06 00 f5 19 00 70 16 bc 10 28 73 7b 1e 40 06 00   .....p...(s{.@..
     112  00 01 00 00 00 e6 00 00 00 c5 d7 a1 5b 90 a6 5b   ............[..[
     128  00 e6 00 00 00 01 00 00 00 90 01 00 00 65 96 03   .............e..
     144  00 46 45 46 31 00 61 61 61 20 63 61 6d 62 61 64   .FEF1.aaa cambad
     160  61 00 06 00 f5 19 00 70 16 bc 10 28 73 7b 1e 40   a......p...(s{.@
     176  06 00 00 01 00 00 00 e6 00 00 00 c5 d7 a1 5b 90   ..............[.
     192  a6 5b 00 e6 00 00 00 01 00 00 00 90 01 00 00 65   .[.............e
     208  96 04 00 74 72 61 69 6e 69 6e 67 00 63 61 6d 62   ...training.camb
     224  61 64 61 00 06 00 f5 19 00 70 16 bc 10 28 73 7b   ada......p...(s{
     240  1e 40 06 00 00 01 00 00 00 e6 00 00 00 c5 d7 a1   .@..............
     256  5b 90 a6 5b 00 e6 00 00 00 01 00 00 00 90 01 00   [..[............
     272  00 65 96 05 00 48 65 6c 6c 6f 20 53 6f 6e 4d 69   .e...Hello SonMi
     288  64 61 73 00 61 00 06 00 f5 19 00 70 16 bc 10 28   das.a......p...(
     304  73 7b 1e 40 06 00 00 01 00 00 00 e6 00 00 00 c5   s{.@............
     320  d7 a1 5b 90 a6 5b 00 e6 00 00 00 01 00 00 00 90   ..[..[..........
     336  01 00 00 65 96 06 00 71 75 65 73 74 20 70 69 6c   ...e...quest pil
     352  61 66 00 61 73 00 61 00 06 00 f5 19 00 70 16 bc   af.as.a......p..
     368  10 28 73 7b 1e 40 06 00 00 01 00 00 00 e6 00 00   .(s{.@..........
     384  00 c5 d7 a1 5b 90 a6 5b 00 e6 00 00 00 01 00 00   ....[..[........
     400  00 90 01 00 00 65 96 07 00 54 6f 77 6e 20 54 44   .....e...Town TD
     416  4d 00 61 66 00 61 73 00 61 00 06 00 f5 19 00 70   M.af.as.a......p
     432  16 bc 10 28 73 7b 1e 40 06 00 00 01 00 00 00 e6   ...(s{.@........
     448  00 00 00 c5 d7 a1 5b 90 a6 5b 00 e6 00 00 00 01   ......[..[......
     464  00 00 00 90 01 00 00 65 96 08 00 31 32 33 34 00   .......e...1234.
     480  54 44 4d 00 61 66 00 61 73 00 61 00 06 00 f5 19   TDM.af.as.a.....
     496  00 70 16 bc 10 28 73 7b 1e 40 06 00 00 01 00 00   .p...(s{.@......
     512  00 e6 00 00 00 c5 d7 a1 5b 90 a6 5b 00 e6 00 00   ........[..[....
     528  00 01 00 00 00 90 01 00 00 65 96 09 00 41 53 49   .........e...ASI
     544  41 20 46 41 53 54 20 47 41 4d 45 00 61 00 06 00   A FAST GAME.a...
     560  f5 19 00 70 16 bc 10 28 73 7b 1e 40 06 00 00 01   ...p...(s{.@....
     576  00 00 00 e6 00 00 00 c5 d7 a1 5b 90 a6 5b 00 e6   ..........[..[..
     592  00 00 00 01 00 00 00 90 01 00 00 65 96 0a 00 31   ...........e...1
     608  32 33 34 35 00 41 53 54 20 47 41 4d 45 00 61 00   2345.AST GAME.a.
     624  06 00 f5 19 00 70 16 bc 10 28 73 7b 1e 40 06 00   .....p...(s{.@..
     640  00 01 00 00 00 e6 00 00 00 c5 d7 a1 5b 90 a6 5b   ............[..[
     656  00 e6 00 00 00 01 00 00 00 90 01 00 00 65 96 0b   .............e..
     672  00 6e 6f 20 6b 69 74 00 53 54 20 47 41 4d 45 00   .no kit.ST GAME.
     688  61 00 06 00 f5 19 00 70 16 bc 10 28 73 7b 1e 40   a......p...(s{.@
     704  06 00 00 01 00 00 00 e6 00 00 00 c5 d7 a1 5b 90   ..............[.
     720  a6 5b 00 e6 00 00 00 01 00 00 00 90 01 00 00 65   .[.............e
     736  96 0c 00 4e 4f 4f 42 53 20 4f 4e 4c 59 00 41 4d   ...NOOBS ONLY.AM
     752  45 00 61 00 06 00 f5 19 00 70 16 bc 10 28 73 7b   E.a......p...(s{
     768  1e 40 06 00 00 01 00 00 00 e6 00 00 00 c5 d7 a1   .@..............
     784  5b 90 a6 5b 00 e6 00 00 00 01 00 00 00 90 01 00   [..[............
     800  00 65 96 0d 00 6d 69 73 73 6f 20 6c 76 6c 20 31   .e...misso lvl 1
     816  30 00 45 00 61 00 06 00 f5 19 00 70 16 bc 10 28   0.E.a......p...(
     832  73 7b 1e 40 06 00 00 01 00 00 00 e6 00 00 00 c5   s{.@............
     848  d7 a1 5b 90 a6 5b 00 e6 00 00 00 01 00 00 00 90   ..[..[..........
     864  01 00 00 65 96 0e 00 74 6f 72 65 00 20 6c 76 6c   ...e...tore. lvl
     880  20 31 30 00 45 00 61 00 06 00 f5 19 00 70 16 bc    10.E.a......p..
     896  10 28 73 7b 1e 40 06 00 00 01 00 00 00 e6 00 00   .(s{.@..........
     912  00 c5 d7 a1 5b 90 a6 5b 00 e6 00 00 00 01 00 00   ....[..[........
     928  00 90 01 00 00 65 96 0f 00 54 75 74 6f 72 69 61   .....e...Tutoria
     944  6c 5f 52 6f 6f 6d 00 00 61 00 06 00 f5 19 00 70   l_Room..a......p
     960  16 bc 10 28 73 7b 1e 40 06 00 00 01 00 00 00 e6   ...(s{.@........
     976  00 00 00 c5 d7 a1 5b 90 a6 5b 00 e6 00 00 00 01   ......[..[......
     992  00 00 00 90 01 00 00 65 96 10 00 50 6e 6f 79 20   .......e...Pnoy 
    1008  44 69 74 6f 20 74 61 72 61 00 61 00 06 00 f5 19   Dito tara.a.....
    1024  00 70 16 bc 10 28 73 7b 1e 40 06 00 00 01 00 00   .p...(s{.@......
    1040  00 e6 00 00 00 c5 d7 a1 5b 90 a6 5b 00 e6 00 00   ........[..[....
    1056  00 01 00 00 00 90 01 00 00 65 96 11 00 74 72 61   .........e...tra
    1072  69 6e 69 6e 67 20 66 6f 72 20 6e 6f 6f 62 73 21   ining for noobs!
    1088  21 20 6f 72 20 6b 69 63 6b 00 1e 40 06 00 00 01   ! or kick..@....
    1104  00 00 00 e6 00 00 00 c5 d7 a1 5b 90 a6 5b 00 e6   ..........[..[..
    1120  00 00 00 01 00 00 00 90 01 00 00 65 96 12 00 53   ...........e...S
    1136  6f 20 73 77 6f 72 64 20 32 20 42 52 52 00 6f 62   o sword 2 BRR.ob
    1152  73 21 21 20 6f 72 20 6b 69 63 6b 00 1e 40 06 00   s!! or kick..@..
    1168  00 01 00 00 00 e6 00 00 00 c5 d7 a1 5b 90 a6 5b   ............[..[
    1184  00 e6 00 00 00 01 00 00 00 90 01 00 00 65 96 13   .............e..
    1200  00 6b 6f 72 63 63 63 62 00 20 32 20 42 52 52 00   .korcccb. 2 BRR.
    1216  6f 62 73 21 21 20 6f 72 20 6b 69 63 6b 00 1e 40   obs!! or kick..@
    1232  06 00 00 01 00 00 00 e6 00 00 00 c5 d7 a1 5b 90   ..............[.
    1248  a6 5b 00 e6 00 00 00 01 00 00 00 90 01 00 00 65   .[.............e
    1264  96 14 00 31 32 33 34 32 31 35 32 33 31 35 00 52   ...12342152315.R
    1280  52 00 6f 62 73 21 21 20 6f 72 20 6b 69 63 6b 00   R.obs!! or kick.
    1296  1e 40 06 00 00 01 00 00 00 e6 00 00 00 c5 d7 a1   .@..............
    1312  5b 90 a6 5b 00 e6 00 00 00 01 00 00 00 90 01 00   [..[............
    1328  00 65 96 15 00 44 61 72 6b 4e 69 67 68 74 20 43   .e...DarkNight C
    1344  6c 61 6e 00 6f 62 73 21 21 20 6f 72 20 6b 69 63   lan.obs!! or kic
    1360  6b 00 1e 40 06 00 00 01 00 00 00 e6 00 00 00 c5   k..@............
    1376  d7 a1 5b 90 a6 5b 00 e6 00 00 00 01 00 00 00 90   ..[..[..........
    1392  01 00 00 65 96 16 00 6b 6f 72 65 61 00 67 68 74   ...e...korea.ght
    1408  20 43 6c 61 6e 00 6f 62 73 21 21 20 6f 72 20 6b    Clan.obs!! or k
    1424  69 63 6b 00 1e 40 06 00 00 01 00 00 00 e6 00 00   ick..@..........
    1440  00 c5 d7 a1 5b 90 a6 5b 00 e6 00 00 00 01 00 00   ....[..[........
    1456  00 90 01 00 00 65 96 17 00 64 61 61 00 61 00 67   .....e...daa.a.g
    1472  68 74 20 43 6c 61 6e 00 6f 62 73 21 21 20 6f 72   ht Clan.obs!! or
    1488  20 6b 69 63 6b 00 1e 40 06 00 00 01 00 00 00 e6    kick..@........
    1504  00 00 00 c5 d7 a1 5b 90 a6 5b 00 e6 00 00 00 01   ......[..[......
    1520  00 00 00 90 01 00 00 65 96 18 00 73 77 6f 72 64   .......e...sword
    1536  00 67 68 74 20 43 6c 61 6e 00 6f 62 73 21 21 20   .ght Clan.obs!! 
    1552  6f 72 20 6b 69 63 6b 00 1e 40 06 00 00 01 00 00   or kick..@......
    1568  00 e6 00 00 00 c5 d7 a1 5b 90 a6 5b 00 e6 00 00   ........[..[....
    1584  00 01 00 00 00 90 01 00 00 65 96 19 00 53 45 53   .........e...SES
    1600  45 4e 00 67 68 74 20 43 6c 61 6e 00 6f 62 73 21   EN.ght Clan.obs!
    1616  21 20 6f 72 20 6b 69 63 6b 00 1e 40 06 00 00 01   ! or kick..@....
    1632  00 00 00 e6 00 00 00 c5 d7 a1 5b 90 a6 5b 00 e6   ..........[..[..
    1648  00 00 00 01 00 00 00 90 01 00 00 65 96 1a 00 64   ...........e...d
    1664  61 64 64 6f 75 66 20 72 6f 6f 6d 00 6e 00 6f 62   addouf room.n.ob
    1680  73 21 21 20 6f 72 20 6b 69 63 6b 00 1e 40 06 00   s!! or kick..@..
    1696  00 01 00 00 00 e6 00 00 00 c5 d7 a1 5b 90 a6 5b   ............[..[
    1712  00 e6 00 00 00 01 00 00 00 90 01 00 00 65 96 1b   .............e..
    1728  00 64 61 77 64 00 75 66 20 72 6f 6f 6d 00 6e 00   .dawd.uf room.n.
    1744  6f 62 73 21 21 20 6f 72 20 6b 69 63 6b 00 1e 40   obs!! or kick..@
    1760  06 00 00 01 00 00 00 e6 00 00 00 c5 d7 a1 5b 90   ..............[.
    1776  a6 5b 00 e6 00 00 00 01 00 00 00 90 01 00 00 65   .[.............e
    1792  96 1c 00 31 00 77 64 00 75 66 20 72 6f 6f 6d 00   ...1.wd.uf room.
    1808  6e 00 6f 62 73 21 21 20 6f 72 20 6b 69 63 6b 00   n.obs!! or kick.
    1824  1e 40 06 00 00 01 00 00 00 e6 00 00 00 c5 d7 a1   .@..............
    1840  5b 90 a6 5b 00 e6 00 00 00 01 00 00 00 90 01 00   [..[............
    1856  00 65 96 1d 00 51 75 65 73 74 20 6c 76 31 35 20   .e...Quest lv15 
    1872  28 70 61 67 65 20 33 29 00 20 6f 72 20 6b 69 63   (page 3). or kic
    1888  6b 00 1e 40 06 00 00 01 00 00 00 e6 00 00 00 c5   k..@............
    1904  d7 a1 5b 90 a6 5b 00 e6 00 00 00 01 00 00 00 90   ..[..[..........
    1920  01 00 00 65 96 1e 00 51 75 65 73 74 20 41 73 69   ...e...Quest Asi
    1936  61 20 00 70 61 67 65 20 33 29 00 20 6f 72 20 6b   a .page 3). or k
    1952  69 63 6b 00 1e 40 06 00 00 01 00 00 00 e6 00 00   ick..@..........
    1968  00 c5 d7 a1 5b 90 a6 5b 00 e6 00 00 00 01 00 00   ....[..[........
    1984  00 90 01 00 00 65 96 1f 00 48 65 6c 6c 6f 00 41   .....e...Hello.A
    2000  73 69 61 20 00 70 61 67 65 20 33 29 00 20 6f 72   sia .page 3). or
    2016  20 6b 69 63 6b 00 1e 40 06 00 00 01 00 00 00 e6    kick..@........
    2032  00 00 00 c5 d7 a1 5b 90 a6 5b 00 e6 00 00 00 01   ......[..[......
    2048  00 00 00 90 01 00 00 65 96 20 00 55 50 20 4c 56   .......e. .UP LV
    2064  00 41 73 69 61 20 00 70 61 67 65 20 33 29 00 20   .Asia .page 3). 
    2080  6f 72 20 6b 69 63 6b 00 1e 40 06 00 00 01 00 00   or kick..@......
    2096  00 e6 00 00 00 c5 d7 a1 5b 90 a6 5b 00 e6 00 00   ........[..[....
    2112  00 01 00 00 00 90 01 00 00 65 96 21 00 64 77 71   .........e.!.dwq
    2128  64 77 71 64 77 00 61 20 00 70 61 67 65 20 33 29   dwqdw.a .page 3)
    2144  00 20 6f 72 20 6b 69 63 6b 00 1e 40 06 00 00 01   . or kick..@....
    2160  00 00 00 e6 00 00 00 c5 d7 a1 5b 90 a6 5b 00 e6   ..........[..[..
    2176  00 00 00 01 00 00 00 90 01 00 00 65 96 22 00 51   ...........e.".Q
    2192  55 45 53 54 00 64 77 00 61 20 00 70 61 67 65 20   UEST.dw.a .page 
    2208  33 29 00 20 6f 72 20 6b 69 63 6b 00 1e 40 06 00   3). or kick..@..
    2224  00 01 00 00 00 e6 00 00 00 c5 d7 a1 5b 90 a6 5b   ............[..[
    2240  00 e6 00 00 00 01 00 00 00 90 01 00 00 65 96 23   .............e.#
    2256  00 45 58 00 53 54 00 64 77 00 61 20 00 70 61 67   .EX.ST.dw.a .pag
    2272  65 20 33 29 00 20 6f 72 20 6b 69 63 6b 00 1e 40   e 3). or kick..@
    2288  06 00 00 01 00 00 00 e6 00 00 00 c5 d7 a1 5b 90   ..............[.
    2304  a6 5b 00 e6 00 00 00 01 00 00 00 90 01 00 00 65   .[.............e
    2320  96 24 00 4b 6f 72 65 61 6e 20 6e 61 65 6a 65 6f   .$.Korean naejeo
    2336  6e 00 65 20 33 29 00 20 6f 72 20 6b 69 63 6b 00   n.e 3). or kick.
    2352  1e 40 06 00 00 01 00 00 00 e6 00 00 00 c5 d7 a1   .@..............
    2368  5b 90 a6 5b 00 e6 00 00 00 01 00 00 00 90 01 00   [..[............
    2384  00 65 96 25 00 4b 6f 72 65 61 6e 20 51 75 65 73   .e.%.Korean Ques
    2400  74 00 6e 00 65 20 33 29 00 20 6f 72 20 6b 69 63   t.n.e 3). or kic
    2416  6b 00 1e 40 06 00 00 01 00 00 00 e6 00 00 00 c5   k..@............
    2432  d7 a1 5b 90 a6 5b 00 e6 00 00 00 01 00 00 00 90   ..[..[..........
    2448  01 00 00 65 96 26 00 31 32 33 00 61 6e 20 51 75   ...e.&.123.an Qu
    2464  65 73 74 00 6e 00 65 20 33 29 00 20 6f 72 20 6b   est.n.e 3). or k
    2480  69 63 6b 00 1e 40 06 00 00 01 00 00 00 e6 00 00   ick..@..........
    2496  00 c5 d7 a1 5b 90 a6 5b 00 e6 00 00 00 01 00 00   ....[..[........
    2512  00 90 01 00 00 65 96 27 00 70 61 70 69 6b 6f 00   .....e.'.papiko.
    2528  51 75 65 73 74 00 6e 00 65 20 33 29 00 20 6f 72   Quest.n.e 3). or
    2544  20 6b 69 63 6b 00 1e 40 06 00 00 01 00 00 00 e6    kick..@........
    2560  00 00 00 c5 d7 a1 5b 90 a6 5b 00 e6 00 00 00 01   ......[..[......
    2576  00 00 00 90 01 00 00 65 96 28 00 64 6d 00 69 6b   .......e.(.dm.ik
    2592  6f 00 51 75 65 73 74 00 6e 00 65 20 33 29 00 20   o.Quest.n.e 3). 
    2608  6f 72 20 6b 69 63 6b 00 1e 40 06 00 00 01 00 00   or kick..@......
    2624  00 e6 00 00 00 c5 d7 a1 5b 90 a6 5b 00 e6 00 00   ........[..[....
    2640  00 01 00 00 00 90 01 00 00 65 96 2a 00 54 45 41   .........e.*.TEA
    2656  4d 20 44 45 41 54 48 4d 41 54 43 48 00 20 33 29   M DEATHMATCH. 3)
    2672  00 20 6f 72 20 6b 69 63 6b 00 1e 40 06 00 00 01   . or kick..@....
    2688  00 00 00 e6 00 00 00 c5 d7 a1 5b 90 a6 5b 00 e6   ..........[..[..
    2704  00 00 00 01 00 00 00 90 01 00 00 65 96 2b 00 4e   ...........e.+.N
    2720  4f 4f 42 53 20 4f 4e 4c 59 00 41 54 43 48 00 20   OOBS ONLY.ATCH. 
    2736  33 29 00 20 6f 72 20 6b 69 63 6b 00 1e 40 06 00   3). or kick..@..
    2752  00 01 00 00 00 e6 00 00 00 c5 d7 a1 5b 90 a6 5b   ............[..[
    2768  00 e6 00 00 00 01 00 00 00 90 01 00 00 65 96 2c   .............e.,
    2784  00 6b 73 75 62 69 00 4f 4e 4c 59 00 41 54 43 48   .ksubi.ONLY.ATCH
    2800  00 20 33 29 00 20 6f 72 20 6b 69 63 6b 00 1e 40   . 3). or kick..@
    2816  06 00 00 01 00 00 00 e6 00 00 00 c5 d7 a1 5b 90   ..............[.
    2832  a6 5b 00 e6 00 00 00 01 00 00 00 90 01 00 00 65   .[.............e
    2848  96 2d 00 45 55 20 41 54 54 41 43 4b 20 61 6e 64   .-.EU ATTACK and
    2864  20 44 65 66 65 6e 73 65 00 72 20 6b 69 63 6b 00    Defense.r kick.
    2880  1e 40 06 00 00 01 00 00 00 e6 00 00 00 c5 d7 a1   .@..............
    2896  5b 90 a6 5b 00 e6 00 00 00 01 00 00 00 90 01 00   [..[............
    2912  00 65 96 2e 00 61 73 64 00 54 54 41 43 4b 20 61   .e...asd.TTACK a
    2928  6e 64 20 44 65 66 65 6e 73 65 00 72 20 6b 69 63   nd Defense.r kic
    2944  6b 00 1e 40 06 00 00 01 00 00 00 e6 00 00 00 c5   k..@............
    2960  d7 a1 5b 90 a6 5b 00 e6 00 00 00 01 00 00 00 90   ..[..[..........
    2976  01 00 00 65 96 2f 00 31 00 64 00 54 54 41 43 4b   ...e./.1.d.TTACK
    2992  20 61 6e 64 20 44 65 66 65 6e 73 65 00 72 20 6b    and Defense.r k
    3008  69 63 6b 00 1e 40 06 00 00 01 00 00 00 e6 00 00   ick..@..........
    3024  00 c5 d7 a1 5b 90 a6 5b 00 e6 00 00 00 01 00 00   ....[..[........
    3040  00 90 01 00 00 65 96 30 00 39 39 39 00 54 54 41   .....e.0.999.TTA
    3056  43 4b 20 61 6e 64 20 44 65 66 65 6e 73 65 00 72   CK and Defense.r
    3072  20 6b 69 63 6b 00 1e 40 06 00 00 01 00 00 00 e6    kick..@........
    3088  00 00 00 c5 d7 a1 5b 90 a6 5b 00 e6 00 00 00 01   ......[..[......
    3104  00 00 00 90 01 00 00 65 96 31 00 31 31 31 31 00   .......e.1.1111.
    3120  54 41 43 4b 20 61 6e 64 20 44 65 66 65 6e 73 65   TACK and Defense
    3136  00 72 20 6b 69 63 6b 00 1e 40 06 00 00 01 00 00   .r kick..@......
    3152  00 e6 00 00 00 c5 d7 a1 5b 90 a6 5b 00 e6 00 00   ........[..[....
    3168  00 01 00 00 00 90 01 00 00 65 96 32 00 4e 4f 4f   .........e.2.NOO
    3184  42 53 20 4f 4e 4c 59 59 59 00 20 44 65 66 65 6e   BS ONLYYY. Defen
    3200  73 65 00 72 20 6b 69 63 6b 00 1e 40 06 00 00 01   se.r kick..@....
    3216  00 00 00 e6 00 00 00 c5 d7 a1 5b 90 a6 5b 00 e6   ..........[..[..
    3232  00 00 00 01 00 00 00 90 01 00 00 65 96 33 00 33   ...........e.3.3
    3248  00 4f 42 53 20 4f 4e 4c 59 59 59 00 20 44 65 66   .OBS ONLYYY. Def
    3264  65 6e 73 65 00 72 20 6b 69 63 6b 00 1e 40 06 00   ense.r kick..@..
    3280  00 01 00 00 00 e6 00 00 00 c5 d7 a1 5b 90 a6 5b   ............[..[
    3296  00 e6 00 00 00 01 00 00 00 90 01 00 00 65 96 34   .............e.4
    3312  00 74 65 73 74 20 7a 61 6c 75 70 61 00 00 20 44   .test zalupa.. D
    3328  65 66 65 6e 73 65 00 72 20 6b 69 63 6b 00 1e 40   efense.r kick..@
    3344  06 00 00 01 00 00 00 e6 00 00 00 c5 d7 a1 5b 90   ..............[.
    3360  a6 5b 00 e6 00 00 00 01 00 00 00 90 01 00 00 65   .[.............e
    3376  96 35 00 50 72 61 63 74 69 63 65 20 4c 6f 62 62   .5.Practice Lobb
    3392  79 00 65 66 65 6e 73 65 00 72 20 6b 69 63 6b 00   y.efense.r kick.
    3408  1e 40 06 00 00 01 00 00 00 e6 00 00 00 c5 d7 a1   .@..............
    3424  5b 90 a6 5b 00 e6 00 00 00 01 00 00 00 90 01 00   [..[............
    3440  00 65 96 36 00 4e 4f 41 4c 4d 45 58 49 43 48 41   .e.6.NOALMEXICHA
    3456  4e 47 41 4e 49 53 4d 4f 00 65 00 72 20 6b 69 63   NGANISMO.e.r kic
    3472  6b 00 1e 40 06 00 00 01 00 00 00 e6 00 00 00 c5   k..@............
    3488  d7 a1 5b 90 a6 5b 00 e6 00 00 00 01 00 00 00 90   ..[..[..........
    3504  01 00 00 65 96 37 00 45 55 20 54 72 61 69 6e 69   ...e.7.EU Traini
    3520  6e 67 00 47 41 4e 49 53 4d 4f 00 65 00 72 20 6b   ng.GANISMO.e.r k
    3536  69 63 6b 00 1e 40 06 00 00 01 00 00 00 e6 00 00   ick..@..........
    3552  00 c5 d7 a1 5b 90 a6 5b 00 e6 00 00 00 01 00 00   ....[..[........
    3568  00 90 01 00 00 65 96 38 00 6f 6f 00 54 72 61 69   .....e.8.oo.Trai
    3584  6e 69 6e 67 00 47 41 4e 49 53 4d 4f 00 65 00 72   ning.GANISMO.e.r
    3600  20 6b 69 63 6b 00 1e 40 06 00 00 01 00 00 00 e6    kick..@........
    3616  00 00 00 c5 d7 a1 5b 90 a6 5b 00 e6 00 00 00 01   ......[..[......
    3632  00 00 00 90 01 00 00 65 96 39 00 4e 69 67 68 74   .......e.9.Night
    3648  00 69 6e 69 6e 67 00 47 41 4e 49 53 4d 4f 00 65   .ining.GANISMO.e
    3664  00 72 20 6b 69 63 6b 00 1e 40 06 00 00 01 00 00   .r kick..@......
    3680  00 e6 00 00 00 c5 d7 a1 5b 90 a6 5b 00 e6 00 00   ........[..[....
    3696  00 01 00 00 00 90 01 00 00 65 96 3a 00 4b 6f 72   .........e.:.Kor
    3712  65 61 20 73 69 6e 58 20 41 6c 6c 20 53 68 6f 74   ea sinX All Shot
    3728  00 65 00 72 20 6b 69 63 6b 00 1e 40 06 00 00 01   .e.r kick..@....
    3744  00 00 00 e6 00 00 00 c5 d7 a1 5b 90 a6 5b 00 e6   ..........[..[..
    3760  00 00 00 01 00 00 00 90 01 00 00 65 96 3b 00 46   ...........e.;.F
    3776  61 6c 63 6f 6e 51 75 65 73 74 00 6c 6c 20 53 68   alconQuest.ll Sh
    3792  6f 74 00 65 00 72 20 6b 69 63 6b 00 1e 40 06 00   ot.e.r kick..@..
    3808  00 01 00 00 00 e6 00 00 00 c5 d7 a1 5b 90 a6 5b   ............[..[
    3824  00 e6 00 00 00 01 00 00 00 90 01 00 00 65 96 3c   .............e.<
    3840  00 44 49 53 43 4f 52 44 20 42 52 00 00 6c 6c 20   .DISCORD BR..ll 
    3856  53 68 6f 74 00 65 00 72 20 6b 69 63 6b 00 1e 40   Shot.e.r kick..@
    3872  06 00 00 01 00 00 00 e6 00 00 00 c5 d7 a1 5b 90   ..............[.
    3888  a6 5b 00 e6 00 00 00 01 00 00 00 90 01 00 00 65   .[.............e
    3904  96 3d 00 41 77 6b 79 6e 73 2e 74 74 76 20 46 52   .=.Awkyns.ttv FR
    3920  20 4c 6f 62 62 79 00 65 00 72 20 6b 69 63 6b 00    Lobby.e.r kick.
    3936  1e 40 06 00 00 01 00 00 00 e6 00 00 00 c5 d7 a1   .@..............
    3952  5b 90 a6 5b 00 e6 00 00 00 01 00 00 00 90 01 00   [..[............
    3968  00 65 96 3e 00 71 75 65 73 74 63 68 65 63 6b 00   .e.>.questcheck.
    3984  46 52 20 4c 6f 62 62 79 00 65 00 72 20 6b 69 63   FR Lobby.e.r kic
    4000  6b 00 1e 40 06 00 00 01 00 00 00 e6 00 00 00 c5   k..@............
    4016  d7 a1 5b 90 a6 5b 00 e6 00 00 00 01 00 00 00 90   ..[..[..........
    4032  01 00 00 65 96 3f 00 71 75 65 73 74 00 68 65 63   ...e.?.quest.hec
    4048  6b 00 46 52 20 4c 6f 62 62 79 00 65 00 72 20 6b   k.FR Lobby.e.r k
    4064  69 63 6b 00 1e 40 06 00 00 01 00 00 00 e6 00 00   ick..@..........
    4080  00 c5 d7 a1 5b 90 a6 5b 00 e6 00 00 00 01 00 00   ....[..[........
    4096  00 90 01 00 00 65 96 40 00 73 65 61 00 74 00 68   .....e.@.sea.t.h
    4112  65 63 6b 00 46 52 20 4c 6f 62 62 79 00 65 00 72   eck.FR Lobby.e.r
    4128  20 6b 69 63 6b 00 1e 40 06 00 00 01 00 00 00 e6    kick..@........
    4144  00 00 00 c5 d7 a1 5b 90 a6 5b 00 e6 00 00 00 01   ......[..[......
    4160  00 00 00 90 01 00 00 65 96 41 00 31 35 31 35 00   .......e.A.1515.
    4176  00 68 65 63 6b 00 46 52 20 4c 6f 62 62 79 00 65   .heck.FR Lobby.e
    4192  00 72 20 6b 69 63 6b 00 1e 40 06 00 00 01 00 00   .r kick..@......
    4208  00 e6 00 00 00 c5 d7 a1 5b 90 a6 5b 00 e6 00 00   ........[..[....
    4224  00 01 00 00 00 90 01 00 00 65 96 42 00 70 6b 00   .........e.B.pk.
    4240  35 00 00 68 65 63 6b 00 46 52 20 4c 6f 62 62 79   5..heck.FR Lobby
    4256  00 65 00 72 20 6b 69 63 6b 00 1e 40 06 00 00 01   .e.r kick..@....
    4272  00 00 00 e6 00 00 00 c5 d7 a1 5b 90 a6 5b 00 e6   ..........[..[..
    4288  00 00 00 01 00 00 00 90 01 00 00 65 96 43 00 44   ...........e.C.D
    4304  49 43 4b 53 4f 4e 00 63 6b 00 46 52 20 4c 6f 62   ICKSON.ck.FR Lob
    4320  62 79 00 65 00 72 20 6b 69 63 6b 00 1e 40 06 00   by.e.r kick..@..
    4336  00 01 00 00 00 e6 00 00 00 c5 d7 a1 5b 90 a6 5b   ............[..[
    4352  00 e6 00 00 00 01 00 00 00 90 01 00 00 65 96 44   .............e.D
    4368  00 69 72 69 6e 6e 67 00 00 63 6b 00 46 52 20 4c   .irinng..ck.FR L
    4384  6f 62 62 79 00 65 00 72 20 6b 69 63 6b 00 1e 40   obby.e.r kick..@
    4400  06 00 00 01 00 00 00 e6 00 00 00 c5 d7 a1 5b 90   ..............[.
    4416  a6 5b 00 e6 00 00 00 01 00 00 00 90 01 00 00 65   .[.............e
    4432  96 45 00 54 44 4d 20 46 52 41 4e 43 41 49 53 20   .E.TDM FRANCAIS 
    4448  00 4c 6f 62 62 79 00 65 00 72 20 6b 69 63 6b 00   .Lobby.e.r kick.
    4464  1e 40 06 00 00 01 00 00 00 e6 00 00 00 c5 d7 a1   .@..............
    4480  5b 90 a6 5b 00 e6 00 00 00 01 00 00 00 90 01 00   [..[............
    4496  00 65 96 46 00 30 32 30 33 30 35 00 4e 43 41 49   .e.F.020305.NCAI
    4512  53 20 00 4c 6f 62 62 79 00 65 00 72 20 6b 69 63   S .Lobby.e.r kic
    4528  6b 00 1e 40 06 00 00 01 00 00 00 e6 00 00 00 c5   k..@............
    4544  d7 a1 5b 90 a6 5b 00 e6 00 00 00 01 00 00 00 90   ..[..[..........
    4560  01 00 00 65 96 47 00 4e 6f 6f 62 73 20 53 61 66   ...e.G.Noobs Saf
    4576  65 20 53 70 61 63 65 00 62 79 00 65 00 72 20 6b   e Space.by.e.r k
    4592  69 63 6b 00 1e 40 06 00 00 01 00 00 00 e6 00 00   ick..@..........
    4608  00 c5 d7 a1 5b 90 a6 5b 00 e6 00 00 00 01 00 00   ....[..[........
    4624  00 90 01 00 00 65 96 48 00 31 32 33 00 73 20 53   .....e.H.123.s S
    4640  61 66 65 20 53 70 61 63 65 00 62 79 00 65 00 72   afe Space.by.e.r
    4656  20 6b 69 63 6b 00 1e 40 06 00 00 01 00 00 00 e6    kick..@........
    4672  00 00 00 c5 d7 a1 5b 90 a6 5b 00 e6 00 00 00 01   ......[..[......
    4688  00 00 00 90 01 00 00 65 96 49 00 63 68 69 6c 6c   .......e.I.chill
    4704  20 74 64 6d 20 66 6f 72 20 64 61 69 6c 69 65 73    tdm for dailies
    4720  00 72 20 6b 69 63 6b 00 1e 40 06 00 00 01 00 00   .r kick..@......
    4736  00 e6 00 00 00 c5 d7 a1 5b 90 a6 5b 00 e6 00 00   ........[..[....
    4752  00 01 00 00 00 90 01 00 00 65 96 4a 00 51 55 45   .........e.J.QUE
    4768  53 54 20 45 58 50 20 58 32 00 20 64 61 69 6c 69   ST EXP X2. daili
    4784  65 73 00 72 20 6b 69 63 6b 00 1e 40 06 00 00 01   es.r kick..@....
    4800  00 00 00 e6 00 00 00 c5 d7 a1 5b 90 a6 5b 00 e6   ..........[..[..
    4816  00 00 00 01 00 00 00 90 01 00 00 65 96 4b 00 7a   ...........e.K.z
    4832  64 7a 64 7a 64 00 58 50 20 58 32 00 20 64 61 69   dzdzd.XP X2. dai
    4848  6c 69 65 73 00 72 20 6b 69 63 6b 00 1e 40 06 00   lies.r kick..@..
    4864  00 01 00 00 00 e6 00 00 00 c5 d7 a1 5b 90 a6 5b   ............[..[
    4880  00 e6 00 00 00 01 00 00 00 90 01 00 00 65 96 4c   .............e.L
    4896  00 69 6e 67 00 7a 64 00 58 50 20 58 32 00 20 64   .ing.zd.XP X2. d
    4912  61 69 6c 69 65 73 00 72 20 6b 69 63 6b 00 1e 40   ailies.r kick..@
    4928  06 00 00 01 00 00 00 e6 00 00 00 c5 d7 a1 5b 90   ..............[.
    4944  a6 5b 00 e6 00 00 00 01 00 00 00 90 01 00 00 65   .[.............e
    4960  96 4d 00 62 72 00 00 7a 64 00 58 50 20 58 32 00   .M.br..zd.XP X2.
    4976  20 64 61 69 6c 69 65 73 00 72 20 6b 69 63 6b 00    dailies.r kick.
    4992  1e 40 06 00 00 01 00 00 00 e6 00 00 00 c5 d7 a1   .@..............
    5008  5b 90 a6 5b 00 e6 00 00 00 01 00 00 00 90 01 00   [..[............
    5024  00 65 96 50 00 44 49 53 43 4f 52 44 20 42 52 00   .e.P.DISCORD BR.
    5040  32 00 20 64 61 69 6c 69 65 73 00 72 20 6b 69 63   2. dailies.r kic
    5056  6b 00 1e 40 06 00 00 01 00 00 00 e6 00 00 00 c5   k..@............
    5072  d7 a1 5b 90 a6 5b 00 e6 00 00 00 01 00 00 00 90   ..[..[..........
    5088  01 00 00 65 96 51 00 50 6c 61 79 20 66 6f 72 20   ...e.Q.Play for 
    5104  66 75 6e 00 20 64 61 69 6c 69 65 73 00 72 20 6b   fun. dailies.r k
    5120  69 63 6b 00 1e 40 06 00 00 01 00 00 00 e6 00 00   ick..@..........
    5136  00 c5 d7 a1 5b 90 a6 5b 00 e6 00 00 00 01 00 00   ....[..[........
    5152  00 90 01 00 00 65 96 52 00 51 57 45 52 54 59 55   .....e.R.QWERTYU
    5168  49 4f 50 00 6e 00 20 64 61 69 6c 69 65 73 00 72   IOP.n. dailies.r
    5184  20 6b 69 63 6b 00 1e 40 06 00 00 01 00 00 00 e6    kick..@........
    5200  00 00 00 c5 d7 a1 5b 90 a6 5b 00 e6 00 00 00 01   ......[..[......
    5216  00 00 00 90 01 00 00 65 96 53 00 31 31 00 52 54   .......e.S.11.RT
    5232  59 55 49 4f 50 00 6e 00 20 64 61 69 6c 69 65 73   YUIOP.n. dailies
    5248  00 72 20 6b 69 63 6b 00 1e 40 06 00 00 01 00 00   .r kick..@......
    5264  00 e6 00 00 00 c5 d7 a1 5b 90 a6 5b 00 e6 00 00   ........[..[....
    5280  00 01 00 00 00 90 01 00 00 65 96 54 00 64 64 64   .........e.T.ddd
    5296  64 00 59 55 49 4f 50 00 6e 00 20 64 61 69 6c 69   d.YUIOP.n. daili
    5312  65 73 00 72 20 6b 69 63 6b 00 1e 40 06 00 00 01   es.r kick..@....
    5328  00 00 00 e6 00 00 00 c5 d7 a1 5b 90 a6 5b 00 e6   ..........[..[..
    5344  00 00 00 01 00 00 00 90 01 00 00 65 96 55 00 53   ...........e.U.S
    5360  4f 4c 4f 20 44 45 41 54 48 4d 41 54 43 48 20 4e   OLO DEATHMATCH N
    5376  4f 20 4c 41 47 20 45 55 00 63 6b 00 1e 40 06 00   O LAG EU.ck..@..
    5392  00 01 00 00 00 e6 00 00 00 c5 d7 a1 5b 90 a6 5b   ............[..[
    5408  00 e6 00 00 00 01 00 00 00 90 01 00 00 65 96 56   .............e.V
    5424  00 4c 61 6e 67 73 61 6d 20 77 69 65 64 65 72 20   .Langsam wieder 
    5440  72 65 69 6e 20 6b 6f 6d 6d 65 6e 00 6b 00 1e 40   rein kommen.k..@
    5456  06 00 00 01 00 00 00 e6 00 00 00 c5 d7 a1 5b 90   ..............[.
    5472  a6 5b 00 e6 00 00 00 01 00 00 00 90 01 00 00 65   .[.............e
    5488  96 57 00 64 00 6e 67 73 61 6d 20 77 69 65 64 65   .W.d.ngsam wiede
    5504  72 20 72 65 69 6e 20 6b 6f 6d 6d 65 6e 00 6b 00   r rein kommen.k.
    5520  1e 40 06 00 00 01 00 00 00 e6 00 00 00 c5 d7 a1   .@..............
    5536  5b 90 a6 5b 00 e6 00 00 00 01 00 00 00 90 01 00   [..[............
    5552  00 65 96 58 00 54 44 4d 20 4d 41 50 20 52 4f 54   .e.X.TDM MAP ROT
    5568  41 54 49 4f 4e 20 00 6e 20 6b 6f 6d 6d 65 6e 00   ATION .n kommen.
    5584  6b 00 1e 40 06 00 00 01 00 00 00 e6 00 00 00 c5   k..@............
    5600  d7 a1 5b 90 a6 5b 00 e6 00 00 00 01 00 00 00 90   ..[..[..........
    5616  01 00 00 65 96 59 00 74 72 61 69 6e 69 6e 67 00   ...e.Y.training.
    5632  4f 54 41 54 49 4f 4e 20 00 6e 20 6b 6f 6d 6d 65   OTATION .n komme
    5648  6e 00 6b 00 1e 40 06 00 00 01 00 00 00 e6 00 00   n.k..@..........
    5664  00 c5 d7 a1 5b 90 a6 5b 00 e6 00 00 00 01 00 00   ....[..[........
    5680  00 90 01 00 00 65 96 5a 00 68 75 61 73 63 61 72   .....e.Z.huascar
    5696  61 73 64 00 41 54 49 4f 4e 20 00 6e 20 6b 6f 6d   asd.ATION .n kom
    5712  6d 65 6e 00 6b 00 1e 40 06 00 00 01 00 00 00 e6   men.k..@........
    5728  00 00 00 c5 d7 a1 5b 90 a6 5b 00 e6 00 00 00 01   ......[..[......
    5744  00 00 00 90 01 00 00 65 96 5b 00 4c 76 6c 20 31   .......e.[.Lvl 1
    5760  35 20 51 55 45 53 54 20 42 4f 53 53 00 6e 20 6b   5 QUEST BOSS.n k
    5776  6f 6d 6d 65 6e 00 6b 00 1e 40 06 00 00 01 00 00   ommen.k..@......
    5792  00 e6 00 00 00 c5 d7 a1 5b 90 a6 5b 00 e6 00 00   ........[..[....
    5808  00 01 00 00 00 90 01 00 00 65 96 5c 00 51 75 65   .........e.\.Que
    5824  73 74 00 20 51 55 45 53 54 20 42 4f 53 53 00 6e   st. QUEST BOSS.n
    5840  20 6b 6f 6d 6d 65 6e 00 6b 00 1e 40 06 00 00 01    kommen.k..@....
    5856  00 00 00 e6 00 00 00 c5 d7 a1 5b 90 a6 5b 00 e6   ..........[..[..
    5872  00 00 00 01 00 00 00 90 01 00 00 65 96 5d 00 54   ...........e.].T
    5888  75 74 6f 72 69 61 6c 5f 52 6f 6f 6d 00 4f 53 53   utorial_Room.OSS
    5904  00 6e 20 6b 6f 6d 6d 65 6e 00 6b 00 1e 40 06 00   .n kommen.k..@..
    5920  00 01 00 00 00 e6 00 00 00 c5 d7 a1 5b 90 a6 5b   ............[..[
    5936  00 e6 00 00 00 01 00 00 00 90 01 00 00 65 96 5e   .............e.^
    5952  00 47 72 65 65 6e 20 42 75 67 67 65 72 73 00 4f   .Green Buggers.O
    5968  53 53 00 6e 20 6b 6f 6d 6d 65 6e 00 6b 00 1e 40   SS.n kommen.k..@
    5984  06 00 00 01 00 00 00 e6 00 00 00 c5 d7 a1 5b 90   ..............[.
    6000  a6 5b 00 e6 00 00 00 01 00 00 00 90 01 00 00 65   .[.............e
    6016  96 5f 00 73 65 66 73 64 66 73 64 66 00 65 72 73   ._.sefsdfsdf.ers
    6032  00 4f 53 53 00 6e 20 6b 6f 6d 6d 65 6e 00 6b 00   .OSS.n kommen.k.
    6048  1e 40 06 00 00 01 00 00 00 e6 00 00 00 c5 d7 a1   .@..............
    6064  5b 90 a6 5b 00 e6 00 00 00 01 00 00 00 90 01 00   [..[............
    6080  00 65 96 60 00 41 42 43 44 45 46 47 00 66 00 65   .e.`.ABCDEFG.f.e
    6096  72 73 00 4f 53 53 00 6e 20 6b 6f 6d 6d 65 6e 00   rs.OSS.n kommen.
    6112  6b 00 1e 40 06 00 00 01 00 00 00 e6 00 00 00 c5   k..@............
    6128  d7 a1 5b 90 a6 5b 00 e6 00 00 00 01 00 00 00 90   ..[..[..........
    6144  01 00 00 65 96 61 00 70 72 61 00 45 46 47 00 66   ...e.a.pra.EFG.f
    6160  00 65 72 73 00 4f 53 53 00 6e 20 6b 6f 6d 6d 65   .ers.OSS.n komme
    6176  6e 00 6b 00 1e 40 06 00 00 01 00 00 00 e6 00 00   n.k..@..........
    6192  00 c5 d7 a1 5b 90 a6 5b 00 e6 00 00 00 01 00 00   ....[..[........
    6208  00 90 01 00 00 65 96 62 00 4a 41 50 41 4e 00 47   .....e.b.JAPAN.G
    6224  00 66 00 65 72 73 00 4f 53 53 00 6e 20 6b 6f 6d   .f.ers.OSS.n kom
    6240  6d 65 6e 00 6b 00 1e 40 06 00 00 01 00 00 00 e6   men.k..@........
    6256  00 00 00 c5 d7 a1 5b 90 a6 5b 00 e6 00 00 00 01   ......[..[......
    6272  00 00 00 90 01 00 00 65 96 63 00 77 6f 6f 73 61   .......e.c.woosa
    6288  6d 00 00 66 00 65 72 73 00 4f 53 53 00 6e 20 6b   m..f.ers.OSS.n k
    6304  6f 6d 6d 65 6e 00 6b 00 1e 40 06 00 00 01 00 00   ommen.k..@......
    6320  00 e6 00 00 00 c5 d7 a1 5b 90 a6 5b 00 e6 00 00   ........[..[....
    6336  00 01 00 00 00 90 01 00 00 65 96 64 00 57 48 41   .........e.d.WHA
    6352  54 20 49 53 20 54 48 49 53 00 00 4f 53 53 00 6e   T IS THIS..OSS.n
    6368  20 6b 6f 6d 6d 65 6e 00 6b 00 1e 40 06 00 00 01    kommen.k..@....
    6384  00 00 00 e6 00 00 00 c5 d7 a1 5b 90 a6 5b 00 e6   ..........[..[..
    6400  00 00 00 01 00 00 00 90 01 00 00 65 96 65 00 6e   ...........e.e.n
    6416  6e 6e 63 66 74 00 20 54 48 49 53 00 00 4f 53 53   nncft. THIS..OSS
    6432  00 6e 20 6b 6f 6d 6d 65 6e 00 6b 00 1e 40 06 00   .n kommen.k..@..
    6448  00 01 00 00 00 e6 00 00 00 c5 d7 a1 5b 90 a6 5b   ............[..[
    6464  00 e6 00 00 00 01 00 00 00 90 01 00 00 65 96 66   .............e.f
    6480  00 74 6f 77 6e 74 77 6f 6e 00 48 49 53 00 00 4f   .towntwon.HIS..O
    6496  53 53 00 6e 20 6b 6f 6d 6d 65 6e 00 6b 00 1e 40   SS.n kommen.k..@
    6512  06 00 00 01 00 00 00 e6 00 00 00 c5 d7 a1 5b 90   ..............[.
    6528  a6 5b 00 e6 00 00 00 01 00 00 00 90 01 00 00 65   .[.............e
    6544  96 67 00 74 65 73 74 00 77 6f 6e 00 48 49 53 00   .g.test.won.HIS.
    6560  00 4f 53 53 00 6e 20 6b 6f 6d 6d 65 6e 00 6b 00   .OSS.n kommen.k.
    6576  1e 40 06 00 00 01 00 00 00 e6 00 00 00 c5 d7 a1   .@..............
    6592  5b 90 a6 5b 00 e6 00 00 00 01 00 00 00 90 01 00   [..[............
    6608  00 65 96                                          .e.

#### 1337 0x0539  **UNKNOWN**   n=1  dir=C2S  bodylen=56
  example (C2S, serial=48, 51B params):
       0  00 00 00 08 00 00 00 05 00 00 00 3a 9b 00 00 00   ...........:....
      16  00 00 00 66 91 00 00 00 00 00 00 b4 a1 00 00 00   ...f............
      32  00 00 00 b4 a0 00 00 00 00 00 00 fd 98 00 00 00   ................
      48  00 00 00                                          ...

#### 1401 0x0579  MC_MATCH_STAGE_REQUEST_ENTERBATTLE   n=4  dir=C2S  bodylen=12
  example (C2S, serial=212, 7B params):
       0  84 00 00 00 00 00 00                              .......

#### 1402 0x057a  MC_MATCH_STAGE_ENTERBATTLE   n=9  dir=S2C  bodylen=579
  example (S2C, serial=1, 574B params):
       0  3a 02 00 00 32 02 00 00 01 00 00 00 17 27 23 00   :...2........'#.
      16  00 00 00 00 55 83 6a 0c 4f 1e 00 00 57 79 72 65   ....U.j.O...Wyre
      32  6c 61 64 65 00 00 00 00 00 00 00 00 00 00 00 00   lade............
      48  00 00 00 00 00 00 00 00 00 00 00 00 00 00 00 00   ................
      64  00 00 00 00 00 00 00 00 00 00 00 00 00 00 00 00   ................
      80  00 00 00 07 00 01 00 00 f5 17 00 00 44 44 00 00   ............DD..
      96  00 00 00 00 52 03 00 00 00 00 00 00 87 11 83 6a   ....R..........j
     112  00 00 00 00 be 23 00 00 00 00 00 00 2e 05 00 00   .....#..........
     128  00 00 00 00 00 00 00 00 00 00 00 00 00 00 3c 00   ..............<.
     144  00 00 00 00 00 00 00 00 00 00 63 4d 2f 00 79 74   ..........cM/.yt
     160  2f 00 a1 c2 2f 00 c7 9b 2f 00 cf e9 2f 00 00 00   /.../.../.../...
     176  00 00 00 00 00 00 af ab 1e 00 12 e4 1f 00 14 e4   ................
     192  1f 00 c7 91 21 00 00 00 00 00 00 00 00 00 00 00   ....!...........
     208  00 00 00 00 00 00 00 00 00 00 00 00 00 00 00 00   ................
     224  00 00 00 00 00 00 00 00 00 00 21 14 5d 00 00 00   ..........!.]...
     240  00 00 00 00 00 00 00 00 00 00 0a 00 00 00 9d 3c   ...............<
     256  4d 00 00 00 00 00 a4 3c 4d 00 00 00 00 00 a2 3c   M......<M......<
     272  4d 00 00 00 00 00 a3 3c 4d 00 00 00 00 00 a1 3c   M......<M......<
     288  4d 00 00 00 00 00 00 00 00 00 00 00 00 00 00 00   M...............
     304  00 00 00 00 00 00 b2 3c 4d 00 00 00 00 00 ab 3c   .......<M......<
     320  4d 00 00 00 00 00 ac 3c 4d 00 00 00 00 00 b0 3c   M......<M......<
     336  4d 00 00 00 00 00 00 00 00 00 00 00 00 00 00 00   M...............
     352  00 00 00 00 00 00 00 00 00 00 00 00 00 00 00 00   ................
     368  00 00 00 00 00 00 00 00 00 00 00 00 00 00 00 00   ................
     384  00 00 00 00 00 00 00 00 00 00 00 00 00 00 00 00   ................
     400  00 00 00 00 00 00 00 00 00 00 00 00 00 00 72 3c   ..............r<
     416  4d 00 00 00 00 00 00 00 00 00 00 00 00 00 01 00   M...............
     432  00 00 01 00 00 00 01 00 00 00 01 00 00 00 01 00   ................
     448  00 00 00 00 00 00 00 00 00 00 01 00 00 00 01 00   ................
     464  00 00 01 00 00 00 01 00 00 00 00 00 00 00 00 00   ................
     480  00 00 00 00 00 00 00 00 00 00 00 00 00 00 00 00   ................
     496  00 00 00 00 00 00 00 00 00 00 00 00 00 00 01 00   ................
     512  00 00 00 00 00 00 a4 56 00 00 f1 68 00 00 00 00   .......V...h....
     528  00 00 ff ff ff ff 28 00 00 00 00 00 00 00 00 00   ......(.........
     544  00 00 00 00 00 00 00 00 00 00 00 00 00 00 00 00   ................
     560  00 00 00 00 00 00 00 00 00 00 00 02 00 00         ..............

#### 1403 0x057b  MC_MATCH_STAGE_LEAVEBATTLE   n=7  dir=C2S  bodylen=5
  example (C2S, serial=0, 0B params):


#### 1404 0x057c  **UNKNOWN**   n=8  dir=S2C  bodylen=13
  example (S2C, serial=228, 8B params):
       0  19 23 00 00 00 00 00 00                           .#......

#### 1411 0x0583  MC_MATCH_REQUEST_STAGESETTING   n=11  dir=C2S  bodylen=12
  example (C2S, serial=212, 7B params):
       0  84 00 00 00 00 00 00                              .......

#### 1412 0x0584  MC_MATCH_RESPONSE_STAGESETTING   n=13  dir=S2C  bodylen=383..577 (4 sizes)
  example (S2C, serial=212, 572B params):
       0  84 00 00 00 00 00 00 30 01 00 00 28 01 00 00 01   .......0...(....
      16  00 00 00 00 00 00 00 00 00 00 00 54 6f 77 6e 00   ...........Town.
      32  00 00 00 00 00 00 00 00 00 00 00 00 00 00 00 00   ................
      48  00 00 00 00 00 00 00 00 00 00 00 00 00 00 00 00   ................
      64  00 00 00 00 00 00 00 00 00 00 00 00 00 00 00 00   ................
      80  00 00 00 00 00 00 00 00 00 00 00 05 00 00 00 02   ................
      96  00 00 00 64 00 00 00 80 ee 36 00 10 00 00 00 00   ...d.....6......
     112  00 01 00 00 00 00 00 01 00 00 00 00 00 00 00 ff   ................
     128  ff ff ff ff ff ff ff ff ff ff ff ff ff ff ff ff   ................
     144  ff ff ff ff ff ff ff ff ff ff ff ff ff ff ff ff   ................
     160  ff ff ff ff ff ff ff ff ff ff ff ff ff ff ff ff   ................
     176  ff ff ff ff ff ff ff ff ff ff ff ff ff ff ff ff   ................
     192  ff ff ff ff ff ff ff ff ff ff ff ff ff ff ff 00   ................
     208  00 00 00 02 00 00 00 00 00 00 00 00 01 01 01 00   ................
     224  00 00 00 00 00 00 00 00 00 00 00 64 00 00 00 01   ...........d....
     240  00 00 00 78 00 00 00 32 30 32 36 30 38 31 37 30   ...x...202608170
     256  35 33 33 30 33 34 30 30 34 00 00 00 00 00 00 00   533034004.......
     272  00 00 00 00 00 00 00 00 00 00 00 00 00 00 00 00   ................
     288  00 00 00 00 00 00 00 00 00 00 00 00 00 00 00 00   ................
     304  00 00 00 00 00 00 00 0f 00 00 00 d8 00 00 00 10   ................
     320  00 00 00 0d 00 00 00 eb 2a 1e 00 00 00 00 00 02   ........*.......
     336  00 00 00 01 00 00 00 0d 80 20 00 00 00 00 00 03   ......... ......
     352  00 00 00 01 00 00 00 d4 a2 20 00 00 00 00 00 02   ......... ......
     368  00 00 00 01 00 00 00 d5 07 21 00 00 00 00 00 03   .........!......
     384  00 00 00 01 00 00 00 02 d9 21 00 00 00 00 00 03   .........!......
     400  00 00 00 00 00 00 00 f5 0a 22 00 00 00 00 00 02   ........."......
     416  00 00 00 01 00 00 00 93 36 22 00 00 00 00 00 03   ........6"......
     432  00 00 00 01 00 00 00 70 4c 22 00 00 00 00 00 02   .......pL"......
     448  00 00 00 01 00 00 00 4a 98 22 00 00 00 00 00 03   .......J."......
     464  00 00 00 01 00 00 00 f6 ad 22 00 00 00 00 00 02   ........."......
     480  00 00 00 01 00 00 00 99 15 23 00 00 00 00 00 02   .........#......
     496  00 00 00 01 00 00 00 e4 19 23 00 00 00 00 00 03   .........#......
     512  00 00 00 01 00 00 00 17 27 23 00 00 00 00 00 02   ........'#......
     528  00 00 00 00 00 00 00 02 00 00 00 0d 80 20 00 00   ............. ..
     544  00 00 00 0a 00 74 6f 77 6e 74 77 6f 6e 00 06 00   .....towntwon...
     560  02 00 00 18 64 00 00 00 64 00 00 00               ....d...d...

#### 1416 0x0588  MC_MATCH_STAGE_RESPONSE_FORCED_ENTRY   n=2  dir=S2C  bodylen=8
  example (S2C, serial=0, 3B params):
       0  00 00 00                                          ...

#### 1418 0x058a  **UNKNOWN**   n=1  dir=S2C  bodylen=36
  example (S2C, serial=54, 31B params):
       0  a2 00 00 00 00 00 00 00 00 00 00 02 00 00 00 0c   ................
      16  00 00 00 04 00 00 00 01 00 00 00 00 00 00 00      ...............

#### 1421 0x058d  MC_MATCH_STAGE_MASTER   n=4  dir=S2C  bodylen=20
  example (S2C, serial=212, 15B params):
       0  84 00 00 00 00 00 00 0d 80 20 00 00 00 00 00      ......... .....

#### 1422 0x058e  MC_MATCH_STAGE_PLAYER_STATE   n=33  dir=S2C  bodylen=24
  example (S2C, serial=23, 19B params):
       0  27 23 00 00 00 00 00 d4 84 00 00 00 00 00 00 00   '#..............
      16  00 00 00                                          ...

#### 1423 0x058f  MC_MATCH_STAGE_TEAM   n=4  dir=S2C  bodylen=24
  example (S2C, serial=23, 19B params):
       0  27 23 00 00 00 00 00 d4 84 00 00 00 00 00 00 02   '#..............
      16  00 00 00                                          ...

#### 1424 0x0590  **UNKNOWN**   n=11  dir=S2C  bodylen=44
  example (S2C, serial=23, 39B params):
       0  27 23 00 00 00 00 00 d4 84 00 00 00 00 00 00 14   '#..............
      16  00 00 00 04 00 00 00 03 00 00 00 00 00 00 00 21   ...............!
      32  14 5d 00 00 00 00 00                              .].....

#### 1431 0x0597  MC_MATCH_STAGE_START   n=4  dir=C2S/S2C  bodylen=8
  example (S2C, serial=3, 3B params):
       0  00 00 00                                          ...

#### 1432 0x0598  MC_MATCH_STAGE_LAUNCH   n=2  dir=S2C  bodylen=23
  example (S2C, serial=18, 18B params):
       0  a2 00 00 00 00 00 00 09 00 4d 61 6e 73 69 6f 6e   .........Mansion
      16  00 b5                                             ..

#### 1441 0x05a1  MC_MATCH_LOADING_COMPLETE   n=11  dir=C2S/S2C  bodylen=16
  example (S2C, serial=16, 11B params):
       0  cc 21 00 00 00 00 00 64 00 00 00                  .!.....d...

#### 1442 0x05a2  MC_MATCH_STAGE_FINISH_GAME   n=1  dir=S2C  bodylen=13
  example (S2C, serial=54, 8B params):
       0  a2 00 00 00 00 00 00 01                           ........

#### 1443 0x05a3  **UNKNOWN**   n=3  dir=C2S  bodylen=148
  example (C2S, serial=140, 143B params):
       0  00 00 00 84 00 00 00 01 00 00 00 02 00 00 00 3c   ...............<
      16  a0 01 00 02 00 00 00 01 00 00 00 cd 01 00 00 00   ................
      32  00 00 00 00 00 00 00 00 00 00 00 00 00 00 00 00   ................
      48  00 00 00 00 00 00 00 00 00 00 00 00 00 00 00 00   ................
      64  00 00 00 00 00 00 00 00 00 00 00 00 00 00 00 00   ................
      80  00 00 00 00 00 00 00 00 00 00 00 00 00 00 00 00   ................
      96  00 00 00 00 00 00 00 00 00 00 00 00 00 00 00 00   ................
     112  00 00 00 00 00 00 00 00 00 00 00 00 00 00 00 2e   ................
     128  00 00 00 09 00 00 00 00 00 00 00 02 00 00 00      ...............

#### 1445 0x05a5  **UNKNOWN**   n=5  dir=S2C  bodylen=12
  example (S2C, serial=228, 7B params):
       0  19 23 00 00 00 00 00                              .#.....

#### 1451 0x05ab  MC_MATCH_REQUEST_GAME_INFO   n=4  dir=C2S  bodylen=12
  example (C2S, serial=212, 7B params):
       0  84 00 00 00 00 00 00                              .......

#### 1461 0x05b5  MC_MATCH_REQUEST_PEERLIST   n=2  dir=C2S  bodylen=12
  example (C2S, serial=212, 7B params):
       0  84 00 00 00 00 00 00                              .......

#### 1462 0x05b6  MC_MATCH_RESPONSE_PEERLIST   n=2  dir=S2C  bodylen=2834..6206 (2 sizes)
  example (S2C, serial=212, 6201B params):
       0  84 00 00 00 00 00 00 2e 18 00 00 32 02 00 00 0b   ...........2....
      16  00 00 00 eb 2a 1e 00 00 00 00 00 d2 0a 4d d0 37   ....*........M.7
      32  1e 00 00 4e 69 73 61 00 00 00 00 00 00 00 00 00   ...Nisa.........
      48  00 00 00 00 00 00 00 00 00 00 00 00 00 00 00 00   ................
      64  00 00 00 00 00 00 00 00 00 00 00 00 00 00 00 00   ................
      80  00 00 00 00 00 00 00 00 00 00 09 00 01 00 00 13   ................
      96  3f 00 00 91 65 00 00 00 00 00 00 6e 15 00 00 00   ?...e......n....
     112  00 00 00 3b 13 83 6a 00 00 00 00 d4 49 00 00 00   ...;..j.....I...
     128  00 00 00 07 14 00 00 00 00 00 00 00 00 00 00 00   ................
     144  00 00 00 00 00 3c 00 00 00 00 00 00 00 00 00 00   .....<..........
     160  00 b8 4d 2f 00 79 74 2f 00 a1 c2 2f 00 c7 9b 2f   ..M/.yt/.../.../
     176  00 cf e9 2f 00 00 d4 30 00 00 d4 30 00 96 ab 1e   .../...0...0....
     192  00 14 e4 1f 00 12 e4 1f 00 c4 91 21 00 c3 91 21   ...........!...!
     208  00 00 00 00 00 00 00 00 00 00 00 00 00 00 00 00   ................
     224  00 00 00 00 00 00 00 00 00 00 00 00 00 00 00 00   ................
     240  00 21 14 5d 00 00 00 00 00 00 00 00 00 00 00 00   .!.]............
     256  00 0a 00 00 00 7a a6 4c 00 00 00 00 00 79 a6 4c   .....z.L.....y.L
     272  00 00 00 00 00 77 a6 4c 00 00 00 00 00 78 a6 4c   .....w.L.....x.L
     288  00 00 00 00 00 76 a6 4c 00 00 00 00 00 80 a6 4c   .....v.L.......L
     304  00 00 00 00 00 74 a6 4c 00 00 00 00 00 7e a6 4c   .....t.L.....~.L
     320  00 00 00 00 00 7f a6 4c 00 00 00 00 00 75 a6 4c   .......L.....u.L
     336  00 00 00 00 00 7c a6 4c 00 00 00 00 00 7d a6 4c   .....|.L.....}.L
     352  00 00 00 00 00 00 00 00 00 00 00 00 00 00 00 00   ................
     368  00 00 00 00 00 00 00 00 00 00 00 00 00 00 00 00   ................
     384  00 00 00 00 00 00 00 00 00 00 00 00 00 00 00 00   ................
     400  00 00 00 00 00 00 00 00 00 00 00 00 00 00 00 00   ................
     416  00 00 00 00 00 fa 07 42 00 00 00 00 00 00 00 00   .......B........
     432  00 00 00 00 00 01 00 00 00 01 00 00 00 01 00 00   ................
     448  00 01 00 00 00 01 00 00 00 01 00 00 00 01 00 00   ................
     464  00 01 00 00 00 01 00 00 00 01 00 00 00 01 00 00   ................
     480  00 01 00 00 00 00 00 00 00 00 00 00 00 00 00 00   ................
     496  00 00 00 00 00 00 00 00 00 00 00 00 00 00 00 00   ................
     512  00 00 00 00 00 01 00 00 00 00 00 00 00 d4 26 00   ..............&.
     528  00 ba 46 00 00 00 00 00 00 ff ff ff ff b3 01 00   ..F.............
     544  00 00 00 00 00 00 00 00 00 00 00 00 00 00 00 00   ................
     560  00 00 00 00 00 00 00 00 00 00 00 00 00 00 00 00   ................
     576  00 00 02 00 00 0d 80 20 00 00 00 00 00 58 14 a7   ....... .....X..
     592  69 4c 1e 00 00 4a 75 70 69 54 69 65 72 31 00 00   iL...JupiTier1..
     608  00 00 00 00 00 00 00 00 00 00 00 00 00 00 00 00   ................
     624  00 00 00 00 00 00 00 00 00 00 00 00 00 00 00 00   ................
     640  00 00 00 00 00 00 00 00 00 00 00 03 1e 00 01 00   ................
     656  00 4f 2d 09 00 c7 44 02 00 00 00 00 00 7c be 00   .O-...D......|..
     672  00 00 00 00 00 5c 13 83 6a 00 00 00 00 b8 2e 00   .....\..j.......
     688  00 00 00 00 00 69 63 01 00 00 00 00 00 00 00 00   .....ic.........
     704  00 00 00 00 00 00 00 3c 00 00 00 00 00 00 00 00   .......<........
     720  00 00 00 71 4d 2f 00 70 74 2f 00 97 c2 2f 00 84   ...qM/.pt/.../..
     736  9b 2f 00 c4 e9 2f 00 00 d4 30 00 01 d4 30 00 96   ./.../...0...0..
     752  ab 1e 00 00 00 00 00 00 00 00 00 00 00 00 00 00   ................
     768  00 00 00 00 00 00 00 00 00 00 00 00 00 00 00 00   ................
     784  00 00 00 00 00 00 00 00 00 00 00 00 00 00 00 71   ...............q
     800  62 5d 00 24 14 5d 00 66 3b 5d 00 00 00 00 00 00   b].$.].f;]......
     816  00 00 00 0a 00 00 00 aa f5 4a 00 00 00 00 00 c8   .........J......
     832  ef 4a 00 00 00 00 00 c7 ef 4a 00 00 00 00 00 c1   .J.......J......
     848  ef 4a 00 00 00 00 00 c6 ef 4a 00 00 00 00 00 c4   .J.......J......
     864  ef 4a 00 00 00 00 00 c3 ef 4a 00 00 00 00 00 c5   .J.......J......
     880  ef 4a 00 00 00 00 00 00 00 00 00 00 00 00 00 00   .J..............
     896  00 00 00 00 00 00 00 00 00 00 00 00 00 00 00 00   ................
     912  00 00 00 00 00 00 00 00 00 00 00 00 00 00 00 00   ................
     928  00 00 00 00 00 00 00 00 00 00 00 00 00 00 00 00   ................
     944  00 00 00 00 00 00 00 00 00 00 00 00 00 00 00 00   ................
     960  00 00 00 00 00 00 00 00 00 00 00 00 00 00 00 81   ................
     976  ce 4a 00 00 00 00 00 4c 49 47 00 00 00 00 00 3d   .J.....LIG.....=
     992  49 47 00 00 00 00 00 01 00 00 00 01 00 00 00 01   IG..............
    1008  00 00 00 01 00 00 00 01 00 00 00 01 00 00 00 01   ................
    1024  00 00 00 01 00 00 00 00 00 00 00 00 00 00 00 00   ................
    1040  00 00 00 00 00 00 00 00 00 00 00 00 00 00 00 00   ................
    1056  00 00 00 00 00 00 00 00 00 00 00 00 00 00 00 00   ................
    1072  00 00 00 01 00 00 00 01 00 00 00 01 00 00 00 db   ................
    1088  9b 00 00 96 b4 00 00 00 00 00 00 ff ff ff ff 4d   ...............M
    1104  08 00 00 00 00 00 00 00 00 00 00 00 00 00 00 00   ................
    1120  00 00 00 00 00 00 00 00 00 00 00 00 00 00 00 00   ................
    1136  00 00 00 00 02 00 00 d4 a2 20 00 00 00 00 00 af   ......... ......
    1152  75 95 5b 52 1e 00 00 50 4c 54 52 00 00 00 00 00   u.[R...PLTR.....
    1168  00 00 00 00 00 00 00 00 00 00 00 00 00 00 00 00   ................
    1184  00 00 00 00 00 00 00 00 00 00 00 00 00 00 00 00   ................
    1200  00 00 00 00 00 00 00 00 00 00 00 00 00 00 0b 00   ................
    1216  01 00 00 36 75 00 00 a6 63 00 00 00 00 00 00 be   ...6u...c.......
    1232  23 00 00 00 00 00 00 80 13 83 6a 00 00 00 00 38   #.........j....8
    1248  0e 00 00 00 00 00 00 be 23 00 00 00 00 00 00 00   ........#.......
    1264  00 00 00 00 00 00 00 00 00 3c 00 00 00 00 00 00   .........<......
    1280  00 00 00 00 00 00 00 00 00 7c 74 2f 00 90 c2 2f   .........|t/.../
    1296  00 83 9b 2f 00 c4 e9 2f 00 00 00 00 00 00 00 00   .../.../........
    1312  00 87 84 1e 00 12 e4 1f 00 14 e4 1f 00 c7 91 21   ...............!
    1328  00 00 00 00 00 00 00 00 00 00 00 00 00 00 00 00   ................
    1344  00 00 00 00 00 00 00 00 00 00 00 00 00 00 00 00   ................
    1360  00 00 00 00 00 25 14 5d 00 00 00 00 00 00 00 00   .....%.]........
    1376  00 00 00 00 00 0a 00 00 00 00 00 00 00 00 00 00   ................
    1392  00 92 b1 49 00 00 00 00 00 43 a5 47 00 00 00 00   ...I.....C.G....
    1408  00 c1 b0 49 00 00 00 00 00 e2 92 47 00 00 00 00   ...I.......G....
    1424  00 00 00 00 00 00 00 00 00 00 00 00 00 00 00 00   ................
    1440  00 0e dd 4a 00 00 00 00 00 d9 a2 47 00 00 00 00   ...J.......G....
    1456  00 49 a3 47 00 00 00 00 00 e5 92 47 00 00 00 00   .I.G.......G....
    1472  00 00 00 00 00 00 00 00 00 00 00 00 00 00 00 00   ................
    1488  00 00 00 00 00 00 00 00 00 00 00 00 00 00 00 00   ................
    1504  00 00 00 00 00 00 00 00 00 00 00 00 00 00 00 00   ................
    1520  00 00 00 00 00 00 00 00 00 00 00 00 00 00 00 00   ................
    1536  00 00 00 00 00 00 00 00 00 a9 91 47 00 00 00 00   ...........G....
    1552  00 00 00 00 00 00 00 00 00 00 00 00 00 01 00 00   ................
    1568  00 01 00 00 00 01 00 00 00 01 00 00 00 00 00 00   ................
    1584  00 00 00 00 00 01 00 00 00 01 00 00 00 01 00 00   ................
    1600  00 01 00 00 00 00 00 00 00 00 00 00 00 00 00 00   ................
    1616  00 00 00 00 00 00 00 00 00 00 00 00 00 00 00 00   ................
    1632  00 00 00 00 00 00 00 00 00 01 00 00 00 00 00 00   ................
    1648  00 43 1b 01 00 cd 3f 01 00 00 00 00 00 ff ff ff   .C....?.........
    1664  ff 00 00 00 00 00 00 00 00 00 00 00 00 00 00 00   ................
    1680  00 00 00 00 00 00 00 00 00 00 00 00 00 00 00 00   ................
    1696  00 00 00 00 00 00 02 00 00 d5 07 21 00 00 00 00   ...........!....
    1712  00 3b 1d 93 5a 62 1e 00 00 4c 41 5a 45 00 00 00   .;..Zb...LAZE...
    1728  00 00 00 00 00 00 00 00 00 00 00 00 00 00 00 00   ................
    1744  00 00 00 00 00 00 00 00 00 00 00 00 00 00 00 00   ................
    1760  00 00 00 00 00 00 00 00 00 00 00 00 00 00 00 00   ................
    1776  16 00 01 00 00 46 5e 03 00 8b d3 00 00 00 00 00   .....F^.........
    1792  00 fc 0a 00 00 00 00 00 00 6a 13 83 6a 00 00 00   .........j..j...
    1808  00 1e 1e 00 00 00 00 00 00 65 5e 00 00 00 00 00   .........e^.....
    1824  00 00 00 00 00 00 00 00 00 00 00 3c 00 00 00 00   ...........<....
    1840  00 00 00 00 00 00 00 68 4d 2f 00 70 74 2f 00 97   .......hM/.pt/..
    1856  c2 2f 00 84 9b 2f 00 c4 e9 2f 00 02 d4 30 00 00   ./.../.../...0..
    1872  00 00 00 af ab 1e 00 14 e4 1f 00 12 e4 1f 00 c8   ................
    1888  91 21 00 ca 91 21 00 00 00 00 00 00 00 00 00 00   .!...!..........
    1904  00 00 00 00 00 00 00 00 00 00 00 00 00 00 00 00   ................
    1920  00 00 00 7b 62 5d 00 74 14 5d 00 66 3b 5d 00 00   ...{b].t.].f;]..
    1936  00 00 00 00 00 00 00 0a 00 00 00 b1 55 48 00 00   ............UH..
    1952  00 00 00 c0 55 48 00 00 00 00 00 bf 55 48 00 00   ....UH......UH..
    1968  00 00 00 bb 55 48 00 00 00 00 00 be 55 48 00 00   ....UH......UH..
    1984  00 00 00 b9 55 48 00 00 00 00 00 00 00 00 00 00   ....UH..........
    2000  00 00 00 c3 55 48 00 00 00 00 00 bc 55 48 00 00   ....UH......UH..
    2016  00 00 00 b7 55 48 00 00 00 00 00 b4 55 48 00 00   ....UH......UH..
    2032  00 00 00 b3 55 48 00 00 00 00 00 00 00 00 00 00   ....UH..........
    2048  00 00 00 00 00 00 00 00 00 00 00 00 00 00 00 00   ................
    2064  00 00 00 00 00 00 00 00 00 00 00 00 00 00 00 00   ................
    2080  00 00 00 00 00 00 00 00 00 00 00 00 00 00 00 00   ................
    2096  00 00 00 97 55 48 00 00 00 00 00 9b 55 48 00 00   ....UH......UH..
    2112  00 00 00 9c 55 48 00 00 00 00 00 01 00 00 00 01   ....UH..........
    2128  00 00 00 01 00 00 00 01 00 00 00 01 00 00 00 01   ................
    2144  00 00 00 00 00 00 00 01 00 00 00 01 00 00 00 01   ................
    2160  00 00 00 01 00 00 00 01 00 00 00 00 00 00 00 00   ................
    2176  00 00 00 00 00 00 00 00 00 00 00 00 00 00 00 00   ................
    2192  00 00 00 00 00 00 00 01 00 00 00 01 00 00 00 01   ................
    2208  00 00 00 52 e8 00 00 34 06 01 00 00 00 00 00 ff   ...R...4........
    2224  ff ff ff 57 03 00 00 00 00 00 00 00 00 00 00 00   ...W............
    2240  00 00 00 00 00 00 00 00 00 00 00 00 00 00 00 00   ................
    2256  00 00 00 00 00 00 00 00 02 00 00 f5 0a 22 00 00   ............."..
    2272  00 00 00 53 23 cc 90 27 1e 00 00 4d 61 6e 69 74   ...S#..'...Manit
    2288  00 00 00 00 00 00 00 00 00 00 00 00 00 00 00 00   ................
    2304  00 00 00 00 00 00 00 00 00 00 00 00 00 00 00 00   ................
    2320  00 00 00 00 00 00 00 00 00 00 00 00 00 00 00 00   ................
    2336  00 00 0c 00 00 00 00 8c 93 00 00 6c 69 00 00 00   ...........li...
    2352  00 00 00 16 29 00 00 00 00 00 00 6f 13 83 6a 00   ....)......o..j.
    2368  00 00 00 f4 1f 00 00 00 00 00 00 9c 34 00 00 00   ............4...
    2384  00 00 00 00 00 00 00 00 00 00 00 00 00 3c 00 00   .............<..
    2400  00 00 00 00 00 00 00 00 00 d3 c6 2d 00 e3 ed 2d   ...........-...-
    2416  00 03 3c 2e 00 f0 14 2e 00 00 63 2e 00 02 d4 30   ..<.......c....0
    2432  00 00 d4 30 00 94 ab 1e 00 13 e4 1f 00 12 e4 1f   ...0............
    2448  00 c3 91 21 00 c7 91 21 00 00 00 00 00 00 00 00   ...!...!........
    2464  00 00 00 00 00 00 00 00 00 00 00 00 00 00 00 00   ................
    2480  00 00 00 00 00 43 62 5d 00 4f 14 5d 00 31 3b 5d   .....Cb].O.].1;]
    2496  00 00 00 00 00 00 00 00 00 0a 00 00 00 1d 70 4a   ..............pJ
    2512  00 00 00 00 00 1c 70 4a 00 00 00 00 00 1e 70 4a   ......pJ......pJ
    2528  00 00 00 00 00 1b 70 4a 00 00 00 00 00 25 70 4a   ......pJ.....%pJ
    2544  00 00 00 00 00 20 70 4a 00 00 00 00 00 1f 70 4a   ..... pJ......pJ
    2560  00 00 00 00 00 21 70 4a 00 00 00 00 00 24 70 4a   .....!pJ.....$pJ
    2576  00 00 00 00 00 23 70 4a 00 00 00 00 00 1a 70 4a   .....#pJ......pJ
    2592  00 00 00 00 00 28 70 4a 00 00 00 00 00 00 00 00   .....(pJ........
    2608  00 00 00 00 00 00 00 00 00 00 00 00 00 00 00 00   ................
    2624  00 00 00 00 00 00 00 00 00 00 00 00 00 00 00 00   ................
    2640  00 00 00 00 00 00 00 00 00 00 00 00 00 00 00 00   ................
    2656  00 00 00 00 00 e5 6f 4a 00 00 00 00 00 e4 6f 4a   ......oJ......oJ
    2672  00 00 00 00 00 e9 6f 4a 00 00 00 00 00 01 00 00   ......oJ........
    2688  00 01 00 00 00 01 00 00 00 01 00 00 00 01 00 00   ................
    2704  00 01 00 00 00 01 00 00 00 01 00 00 00 01 00 00   ................
    2720  00 01 00 00 00 01 00 00 00 01 00 00 00 00 00 00   ................
    2736  00 00 00 00 00 00 00 00 00 00 00 00 00 00 00 00   ................
    2752  00 00 00 00 00 00 00 00 00 01 00 00 00 01 00 00   ................
    2768  00 01 00 00 00 b0 c8 00 00 20 e6 00 00 00 00 00   ......... ......
    2784  00 ff ff ff ff a0 00 00 00 00 00 00 00 00 00 00   ................
    2800  00 00 00 00 00 00 00 00 00 00 00 00 00 00 00 00   ................
    2816  00 00 00 00 00 00 00 00 00 00 02 00 00 93 36 22   ..............6"
    2832  00 00 00 00 00 70 c9 ca 91 2d 1e 00 00 4c 41 43   .....p...-...LAC
    2848  61 69 72 6f 00 00 00 00 00 00 00 00 00 00 00 00   airo............
    2864  00 00 00 00 00 00 00 00 00 00 00 00 00 00 00 00   ................
    2880  00 00 00 00 00 00 00 00 00 00 00 00 00 00 00 00   ................
    2896  00 00 00 00 07 00 00 00 00 54 15 00 00 c1 5a 00   .........T....Z.
    2912  00 00 00 00 00 69 0c 00 00 00 00 00 00 48 13 83   .....i.......H..
    2928  6a 00 00 00 00 00 00 00 00 00 00 00 00 1d 09 00   j...............
    2944  00 00 00 00 00 00 00 00 00 00 00 00 00 00 00 3c   ...............<
    2960  00 00 00 00 00 00 00 00 00 00 00 00 00 00 00 d0   ................
    2976  ed 2d 00 f0 3b 2e 00 00 00 00 00 00 63 2e 00 00   .-..;.......c...
    2992  00 00 00 00 00 00 00 af ab 1e 00 fe 95 1f 00 00   ................
    3008  00 00 00 c7 91 21 00 00 00 00 00 00 00 00 00 00   .....!..........
    3024  00 00 00 00 00 00 00 00 00 00 00 00 00 00 00 00   ................
    3040  00 00 00 00 00 00 00 00 00 00 00 21 14 5d 00 00   ...........!.]..
    3056  00 00 00 00 00 00 00 00 00 00 00 0a 00 00 00 00   ................
    3072  00 00 00 00 00 00 00 34 e7 4a 00 00 00 00 00 33   .......4.J.....3
    3088  e7 4a 00 00 00 00 00 00 00 00 00 00 00 00 00 32   .J.............2
    3104  e7 4a 00 00 00 00 00 00 00 00 00 00 00 00 00 00   .J..............
    3120  00 00 00 00 00 00 00 37 e7 4a 00 00 00 00 00 36   .......7.J.....6
    3136  e7 4a 00 00 00 00 00 00 00 00 00 00 00 00 00 35   .J.............5
    3152  e7 4a 00 00 00 00 00 00 00 00 00 00 00 00 00 00   .J..............
    3168  00 00 00 00 00 00 00 00 00 00 00 00 00 00 00 00   ................
    3184  00 00 00 00 00 00 00 00 00 00 00 00 00 00 00 00   ................
    3200  00 00 00 00 00 00 00 00 00 00 00 00 00 00 00 00   ................
    3216  00 00 00 00 00 00 00 00 00 00 00 00 00 00 00 03   ................
    3232  d4 4a 00 00 00 00 00 00 00 00 00 00 00 00 00 00   .J..............
    3248  00 00 00 01 00 00 00 01 00 00 00 00 00 00 00 01   ................
    3264  00 00 00 00 00 00 00 00 00 00 00 01 00 00 00 01   ................
    3280  00 00 00 00 00 00 00 01 00 00 00 00 00 00 00 00   ................
    3296  00 00 00 00 00 00 00 00 00 00 00 00 00 00 00 00   ................
    3312  00 00 00 00 00 00 00 00 00 00 00 00 00 00 00 01   ................
    3328  00 00 00 00 00 00 00 58 e5 00 00 0f 03 01 00 00   .......X........
    3344  00 00 00 ff ff ff ff 5a 00 00 00 00 00 00 00 00   .......Z........
    3360  00 00 00 00 00 00 00 00 00 00 00 00 00 00 00 00   ................
    3376  00 00 00 00 00 00 00 00 00 00 00 00 02 00 00 70   ...............p
    3392  4c 22 00 00 00 00 00 48 bc c3 68 31 1e 00 00 77   L".....H..h1...w
    3408  6f 6c 64 6f 6b 73 74 79 6c 65 65 00 00 00 00 00   oldokstylee.....
    3424  00 00 00 00 00 00 00 00 00 00 00 00 00 00 00 00   ................
    3440  00 00 00 00 00 00 00 00 00 00 00 00 00 00 00 00   ................
    3456  00 00 00 00 00 01 15 00 01 00 00 3e d2 02 00 ed   ...........>....
    3472  41 00 00 00 00 00 00 76 16 00 00 00 00 00 00 73   A......v.......s
    3488  13 83 6a 00 00 00 00 0e 79 00 00 00 00 00 00 db   ..j.....y.......
    3504  6c 00 00 00 00 00 00 00 00 00 00 00 00 00 00 00   l...............
    3520  00 3c 00 00 00 00 00 00 00 00 00 00 00 68 4d 2f   .<...........hM/
    3536  00 70 74 2f 00 97 c2 2f 00 81 9b 2f 00 c4 e9 2f   .pt/.../.../.../
    3552  00 00 d4 30 00 00 d4 30 00 91 ab 1e 00 10 e4 1f   ...0...0........
    3568  00 10 e4 1f 00 c4 91 21 00 c3 91 21 00 00 00 00   .......!...!....
    3584  00 00 00 00 00 00 00 00 00 00 00 00 00 00 00 00   ................
    3600  00 00 00 00 00 00 00 00 00 00 00 00 00 00 00 00   ................
    3616  00 00 00 00 00 00 00 00 00 00 00 00 00 0a 00 00   ................
    3632  00 ac fc 4a 00 00 00 00 00 b9 fc 4a 00 00 00 00   ...J.......J....
    3648  00 b8 fc 4a 00 00 00 00 00 ad fc 4a 00 00 00 00   ...J.......J....
    3664  00 b7 fc 4a 00 00 00 00 00 ab fc 4a 00 00 00 00   ...J.......J....
    3680  00 ae fc 4a 00 00 00 00 00 b2 fc 4a 00 00 00 00   ...J.......J....
    3696  00 b5 fc 4a 00 00 00 00 00 b6 fc 4a 00 00 00 00   ...J.......J....
    3712  00 a8 fc 4a 00 00 00 00 00 a9 fc 4a 00 00 00 00   ...J.......J....
    3728  00 00 00 00 00 00 00 00 00 00 00 00 00 00 00 00   ................
    3744  00 00 00 00 00 00 00 00 00 00 00 00 00 00 00 00   ................
    3760  00 00 00 00 00 00 00 00 00 00 00 00 00 00 00 00   ................
    3776  00 00 00 00 00 00 00 00 00 00 00 00 00 00 00 00   ................
    3792  00 00 00 00 00 00 00 00 00 00 00 00 00 00 00 00   ................
    3808  00 01 00 00 00 01 00 00 00 01 00 00 00 01 00 00   ................
    3824  00 01 00 00 00 01 00 00 00 01 00 00 00 01 00 00   ................
    3840  00 01 00 00 00 01 00 00 00 01 00 00 00 01 00 00   ................
    3856  00 00 00 00 00 00 00 00 00 00 00 00 00 00 00 00   ................
    3872  00 00 00 00 00 00 00 00 00 00 00 00 00 00 00 00   ................
    3888  00 00 00 00 00 00 00 00 00 cd cc 00 00 52 f9 00   .............R..
    3904  00 00 00 00 00 ff ff ff ff 00 00 00 00 00 00 00   ................
    3920  00 00 00 00 00 00 00 00 00 00 00 00 00 00 00 00   ................
    3936  00 00 00 00 00 00 00 00 00 00 00 00 00 00 02 00   ................
    3952  00 4a 98 22 00 00 00 00 00 7e db 0a bb 3b 1e 00   .J.".....~...;..
    3968  00 4d 79 74 68 69 6d 00 00 00 00 00 00 00 00 00   .Mythim.........
    3984  00 00 00 00 00 00 00 00 00 00 00 00 00 00 00 00   ................
    4000  00 00 00 00 00 00 00 00 00 00 00 00 00 00 00 00   ................
    4016  00 00 00 00 00 00 00 00 0c 00 00 00 00 17 7c 00   ..............|.
    4032  00 a0 3b 00 00 00 00 00 00 23 12 00 00 00 00 00   ..;......#......
    4048  00 88 13 83 6a 00 00 00 00 7e 4a 00 00 00 00 00   ....j....~J.....
    4064  00 2a 20 00 00 00 00 00 00 00 00 00 00 00 00 00   .* .............
    4080  00 00 00 3c 00 00 00 00 00 00 00 00 00 00 00 c8   ...<............
    4096  c6 2d 00 d0 ed 2d 00 f0 3b 2e 00 e9 14 2e 00 00   .-...-..;.......
    4112  63 2e 00 00 00 00 00 00 00 00 00 94 ab 1e 00 00   c...............
    4128  00 00 00 00 00 00 00 00 00 00 00 00 00 00 00 00   ................
    4144  00 00 00 00 00 00 00 00 00 00 00 00 00 00 00 00   ................
    4160  00 00 00 00 00 00 00 00 00 00 00 40 62 5d 00 24   ...........@b].$
    4176  14 5d 00 66 3b 5d 00 00 00 00 00 00 00 00 00 0a   .].f;]..........
    4192  00 00 00 4d b3 4c 00 00 00 00 00 51 b3 4c 00 00   ...M.L.....Q.L..
    4208  00 00 00 50 b3 4c 00 00 00 00 00 4a b3 4c 00 00   ...P.L.....J.L..
    4224  00 00 00 4f b3 4c 00 00 00 00 00 00 00 00 00 00   ...O.L..........
    4240  00 00 00 00 00 00 00 00 00 00 00 44 b3 4c 00 00   ...........D.L..
    4256  00 00 00 00 00 00 00 00 00 00 00 00 00 00 00 00   ................
    4272  00 00 00 00 00 00 00 00 00 00 00 00 00 00 00 00   ................
    4288  00 00 00 00 00 00 00 00 00 00 00 00 00 00 00 00   ................
    4304  00 00 00 00 00 00 00 00 00 00 00 00 00 00 00 00   ................
    4320  00 00 00 00 00 00 00 00 00 00 00 00 00 00 00 00   ................
    4336  00 00 00 00 00 00 00 00 00 00 00 e1 cd 4b 00 00   .............K..
    4352  00 00 00 e5 cd 4b 00 00 00 00 00 db cd 4b 00 00   .....K.......K..
    4368  00 00 00 01 00 00 00 01 00 00 00 01 00 00 00 01   ................
    4384  00 00 00 01 00 00 00 00 00 00 00 00 00 00 00 01   ................
    4400  00 00 00 00 00 00 00 00 00 00 00 00 00 00 00 00   ................
    4416  00 00 00 00 00 00 00 00 00 00 00 00 00 00 00 00   ................
    4432  00 00 00 00 00 00 00 00 00 00 00 00 00 00 00 01   ................
    4448  00 00 00 01 00 00 00 01 00 00 00 8d 29 00 00 a9   ............)...
    4464  37 00 00 00 00 00 00 ff ff ff ff ea 01 00 00 00   7...............
    4480  00 00 00 00 00 00 00 00 00 00 00 00 00 00 00 00   ................
    4496  00 00 00 00 00 00 00 00 00 00 00 00 00 00 00 00   ................
    4512  02 00 00 f6 ad 22 00 00 00 00 00 d3 33 20 12 3e   ....."......3 .>
    4528  1e 00 00 6b 69 6d 63 68 69 62 62 6f 79 00 00 00   ...kimchibboy...
    4544  00 00 00 00 00 00 00 00 00 00 00 00 00 00 00 00   ................
    4560  00 00 00 00 00 00 00 00 00 00 00 00 00 00 00 00   ................
    4576  00 00 00 00 00 00 00 00 00 00 06 00 01 00 00 a6   ................
    4592  10 00 00 58 54 00 00 00 00 00 00 90 08 00 00 00   ...XT...........
    4608  00 00 00 81 13 83 6a 00 00 00 00 58 02 00 00 00   ......j....X....
    4624  00 00 00 90 08 00 00 00 00 00 00 00 00 00 00 00   ................
    4640  00 00 00 00 00 3c 00 00 00 00 00 00 00 00 00 00   .....<..........
    4656  00 00 00 00 00 70 74 2f 00 97 c2 2f 00 00 00 00   .....pt/.../....
    4672  00 c4 e9 2f 00 00 00 00 00 00 00 00 00 94 ab 1e   .../............
    4688  00 e1 6e 1f 00 fe 95 1f 00 c7 91 21 00 00 00 00   ..n........!....
    4704  00 00 00 00 00 00 00 00 00 00 00 00 00 00 00 00   ................
    4720  00 00 00 00 00 00 00 00 00 00 00 00 00 00 00 00   ................
    4736  00 00 00 00 00 00 00 00 00 00 00 00 00 00 00 00   ................
    4752  00 0a 00 00 00 00 00 00 00 00 00 00 00 13 15 4c   ...............L
    4768  00 00 00 00 00 12 15 4c 00 00 00 00 00 00 00 00   .......L........
    4784  00 00 00 00 00 11 15 4c 00 00 00 00 00 00 00 00   .......L........
    4800  00 00 00 00 00 00 00 00 00 00 00 00 00 10 15 4c   ...............L
    4816  00 00 00 00 00 0f 15 4c 00 00 00 00 00 15 15 4c   .......L.......L
    4832  00 00 00 00 00 14 15 4c 00 00 00 00 00 00 00 00   .......L........
    4848  00 00 00 00 00 00 00 00 00 00 00 00 00 00 00 00   ................
    4864  00 00 00 00 00 00 00 00 00 00 00 00 00 00 00 00   ................
    4880  00 00 00 00 00 00 00 00 00 00 00 00 00 00 00 00   ................
    4896  00 00 00 00 00 00 00 00 00 00 00 00 00 00 00 00   ................
    4912  00 00 00 00 00 00 00 00 00 00 00 00 00 00 00 00   ................
    4928  00 00 00 00 00 00 00 00 00 01 00 00 00 01 00 00   ................
    4944  00 00 00 00 00 01 00 00 00 00 00 00 00 00 00 00   ................
    4960  00 01 00 00 00 01 00 00 00 01 00 00 00 01 00 00   ................
    4976  00 00 00 00 00 00 00 00 00 00 00 00 00 00 00 00   ................
    4992  00 00 00 00 00 00 00 00 00 00 00 00 00 00 00 00   ................
    5008  00 00 00 00 00 00 00 00 00 00 00 00 00 5f 1e 01   ............._..
    5024  00 54 43 01 00 00 00 00 00 ff ff ff ff 00 00 00   .TC.............
    5040  00 00 00 00 00 00 00 00 00 00 00 00 00 00 00 00   ................
    5056  00 00 00 00 00 00 00 00 00 00 00 00 00 00 00 00   ................
    5072  00 00 02 00 00 99 15 23 00 00 00 00 00 dd a0 e6   .......#........
    5088  c2 4d 1e 00 00 53 53 53 53 41 41 41 41 00 00 00   .M...SSSSAAAA...
    5104  00 00 00 00 00 00 00 00 00 00 00 00 00 00 00 00   ................
    5120  00 00 00 00 00 00 00 00 00 00 00 00 00 00 00 00   ................
    5136  00 00 00 00 00 00 00 00 00 00 00 00 02 00 01 00   ................
    5152  00 c8 00 00 00 90 4c 00 00 00 00 00 00 c8 00 00   ......L.........
    5168  00 00 00 00 00 8a 9d 82 6a 00 00 00 00 58 02 00   ........j....X..
    5184  00 00 00 00 00 00 00 00 00 00 00 00 00 00 00 00   ................
    5200  00 00 00 00 00 00 00 3c 00 00 00 00 00 00 00 00   .......<........
    5216  00 00 00 00 00 00 00 70 74 2f 00 97 c2 2f 00 00   .......pt/.../..
    5232  00 00 00 c4 e9 2f 00 00 00 00 00 00 00 00 00 95   ...../..........
    5248  ab 1e 00 12 e4 1f 00 10 e4 1f 00 c7 91 21 00 00   .............!..
    5264  00 00 00 00 00 00 00 00 00 00 00 00 00 00 00 00   ................
    5280  00 00 00 00 00 00 00 00 00 00 00 00 00 00 00 00   ................
    5296  00 00 00 00 00 00 00 00 00 00 00 00 00 00 00 00   ................
    5312  00 00 00 0a 00 00 00 00 00 00 00 00 00 00 00 55   ...............U
    5328  1e 4d 00 00 00 00 00 54 1e 4d 00 00 00 00 00 00   .M.....T.M......
    5344  00 00 00 00 00 00 00 53 1e 4d 00 00 00 00 00 00   .......S.M......
    5360  00 00 00 00 00 00 00 00 00 00 00 00 00 00 00 50   ...............P
    5376  1e 4d 00 00 00 00 00 51 1e 4d 00 00 00 00 00 52   .M.....Q.M.....R
    5392  1e 4d 00 00 00 00 00 56 1e 4d 00 00 00 00 00 00   .M.....V.M......
    5408  00 00 00 00 00 00 00 00 00 00 00 00 00 00 00 00   ................
    5424  00 00 00 00 00 00 00 00 00 00 00 00 00 00 00 00   ................
    5440  00 00 00 00 00 00 00 00 00 00 00 00 00 00 00 00   ................
    5456  00 00 00 00 00 00 00 00 00 00 00 00 00 00 00 00   ................
    5472  00 00 00 00 00 00 00 00 00 00 00 00 00 00 00 00   ................
    5488  00 00 00 00 00 00 00 00 00 00 00 01 00 00 00 01   ................
    5504  00 00 00 00 00 00 00 01 00 00 00 00 00 00 00 00   ................
    5520  00 00 00 01 00 00 00 01 00 00 00 01 00 00 00 01   ................
    5536  00 00 00 00 00 00 00 00 00 00 00 00 00 00 00 00   ................
    5552  00 00 00 00 00 00 00 00 00 00 00 00 00 00 00 00   ................
    5568  00 00 00 00 00 00 00 00 00 00 00 00 00 00 00 63   ...............c
    5584  0f 01 00 97 32 01 00 00 00 00 00 ff ff ff ff 14   ....2...........
    5600  00 00 00 00 00 00 00 00 00 00 00 00 00 00 00 00   ................
    5616  00 00 00 00 00 00 00 00 00 00 00 00 00 00 00 00   ................
    5632  00 00 00 00 02 00 00 e4 19 23 00 00 00 00 00 08   .........#......
    5648  30 73 b8 4d 1e 00 00 66 6f 72 74 00 00 00 00 00   0s.M...fort.....
    5664  00 00 00 00 00 00 00 00 00 00 00 00 00 00 00 00   ................
    5680  00 00 00 00 00 00 00 00 00 00 00 00 00 00 00 00   ................
    5696  00 00 00 00 00 00 00 00 00 00 00 00 00 00 04 00   ................
    5712  01 00 00 c0 03 00 00 c1 4f 00 00 00 00 00 00 cd   ........O.......
    5728  02 00 00 00 00 00 00 06 0f 83 6a 00 00 00 00 2c   ..........j....,
    5744  01 00 00 00 00 00 00 75 00 00 00 00 00 00 00 00   .......u........
    5760  00 00 00 00 00 00 00 00 00 3c 00 00 00 00 00 00   .........<......
    5776  00 00 00 00 00 00 00 00 00 70 74 2f 00 97 c2 2f   .........pt/.../
    5792  00 00 00 00 00 c4 e9 2f 00 00 00 00 00 00 00 00   ......./........
    5808  00 af ab 1e 00 14 e4 1f 00 00 00 00 00 c7 91 21   ...............!
    5824  00 00 00 00 00 00 00 00 00 00 00 00 00 00 00 00   ................
    5840  00 00 00 00 00 00 00 00 00 00 00 00 00 00 00 00   ................
    5856  00 00 00 00 00 00 00 00 00 00 00 00 00 00 00 00   ................
    5872  00 00 00 00 00 0a 00 00 00 00 00 00 00 00 00 00   ................
    5888  00 6a 24 4d 00 00 00 00 00 69 24 4d 00 00 00 00   .j$M.....i$M....
    5904  00 00 00 00 00 00 00 00 00 68 24 4d 00 00 00 00   .........h$M....
    5920  00 00 00 00 00 00 00 00 00 00 00 00 00 00 00 00   ................
    5936  00 6d 24 4d 00 00 00 00 00 67 24 4d 00 00 00 00   .m$M.....g$M....
    5952  00 00 00 00 00 00 00 00 00 6b 24 4d 00 00 00 00   .........k$M....
    5968  00 00 00 00 00 00 00 00 00 00 00 00 00 00 00 00   ................
    5984  00 00 00 00 00 00 00 00 00 00 00 00 00 00 00 00   ................
    6000  00 00 00 00 00 00 00 00 00 00 00 00 00 00 00 00   ................
    6016  00 00 00 00 00 00 00 00 00 00 00 00 00 00 00 00   ................
    6032  00 00 00 00 00 00 00 00 00 00 00 00 00 00 00 00   ................
    6048  00 00 00 00 00 00 00 00 00 00 00 00 00 01 00 00   ................
    6064  00 01 00 00 00 00 00 00 00 01 00 00 00 00 00 00   ................
    6080  00 00 00 00 00 01 00 00 00 01 00 00 00 00 00 00   ................
    6096  00 01 00 00 00 00 00 00 00 00 00 00 00 00 00 00   ................
    6112  00 00 00 00 00 00 00 00 00 00 00 00 00 00 00 00   ................
    6128  00 00 00 00 00 00 00 00 00 00 00 00 00 00 00 00   ................
    6144  00 55 1e 01 00 5f 43 01 00 00 00 00 00 ff ff ff   .U..._C.........
    6160  ff 5a 00 00 00 00 00 00 00 00 00 00 00 00 00 00   .Z..............
    6176  00 00 00 00 00 00 00 00 00 00 00 00 00 00 00 00   ................
    6192  00 00 00 00 00 00 02 00 00                        .........

#### 1471 0x05bf  MC_MATCH_REQUEST_PEER_RELAY   n=2  dir=C2S  bodylen=12
  example (C2S, serial=23, 7B params):
       0  27 23 00 00 00 00 00                              '#.....

#### 1472 0x05c0  MC_MATCH_RESPONSE_PEER_RELAY   n=2  dir=S2C  bodylen=12
  example (S2C, serial=0, 7B params):
       0  00 00 00 00 00 00 00                              .......

#### 1501 0x05dd  MC_MATCH_GAME_ROUNDSTATE   n=10  dir=S2C  bodylen=28
  example (S2C, serial=212, 23B params):
       0  84 00 00 00 00 00 00 00 00 00 00 02 00 00 00 00   ................
      16  00 00 00 c4 50 2c 00                              ....P,.

#### 1511 0x05e7  MC_MATCH_GAME_KILL   n=2  dir=C2S  bodylen=20
  example (C2S, serial=13, 15B params):
       0  80 20 00 00 00 00 00 96 ab 1e 00 af ab 1e 00      . .............

#### 1512 0x05e8  MC_MATCH_GAME_DEAD   n=38  dir=S2C  bodylen=28
  example (S2C, serial=213, 23B params):
       0  07 21 00 00 00 00 00 30 00 6e 00 f6 ad 22 00 00   .!.....0.n..."..
      16  00 00 00 2c 00 00 00                              ...,...

#### 1513 0x05e9  MC_MATCH_GAME_LEVEL_UP   n=2  dir=S2C  bodylen=16
  example (S2C, serial=212, 11B params):
       0  a2 20 00 00 00 00 00 0c 00 00 00                  . .........

#### 1515 0x05eb  MC_MATCH_GAME_REQUEST_SPAWN   n=5  dir=C2S  bodylen=36
  example (C2S, serial=23, 31B params):
       0  27 23 00 00 00 00 00 6f 11 aa 44 65 6d 3d 45 00   '#.....o..Dem=E.
      16  00 00 00 fe ff 7f bf 95 bf d6 b3 00 00 00 00      ...............

#### 1516 0x05ec  MC_MATCH_GAME_RESPONSE_SPAWN   n=40  dir=S2C  bodylen=24
  example (S2C, serial=23, 19B params):
       0  27 23 00 00 00 00 00 51 05 d7 0b 00 00 01 83 00   '#.....Q........
      16  00 00 00                                          ...

#### 1521 0x05f1  MC_MATCH_GAME_REQUEST_TIMESYNC   n=4  dir=C2S  bodylen=8
  example (C2S, serial=100, 3B params):
       0  c6 e1 00                                          ...

#### 1522 0x05f2  MC_MATCH_GAME_RESPONSE_TIMESYNC   n=4  dir=S2C  bodylen=12
  example (S2C, serial=100, 7B params):
       0  c6 e1 00 a0 15 a0 12                              .......

#### 1523 0x05f3  MC_MATCH_GAME_REPORT_TIMESYNC   n=13  dir=C2S  bodylen=12
  example (C2S, serial=109, 7B params):
       0  16 a0 12 00 00 00 00                              .......

#### 1541 0x0605  MC_MATCH_REQUEST_OBTAIN_WORLDITEM   n=2  dir=C2S  bodylen=16
  example (C2S, serial=23, 11B params):
       0  27 23 00 00 00 00 00 5c 00 00 00                  '#.....\...

#### 1542 0x0606  MC_MATCH_OBTAIN_WORLDITEM   n=14  dir=S2C  bodylen=16
  example (S2C, serial=245, 11B params):
       0  0a 22 00 00 00 00 00 5a 00 00 00                  .".....Z...

#### 1543 0x0607  MC_MATCH_SPAWN_WORLDITEM   n=14  dir=S2C  bodylen=28..52 (2 sizes)
  example (S2C, serial=44, 47B params):
       0  00 00 00 0c 00 00 00 03 00 00 00 5a 00 06 00 01   ...........Z....
      16  00 9b f0 0a f9 09 02 5b 00 02 00 01 00 2b fc 44   .......[.....+.D
      32  f6 89 fe 5c 00 03 00 01 00 91 0c d1 0a 39 fd      ...\.........9.

#### 1605 0x0645  MC_MATCH_USER_OPTION   n=13  dir=C2S  bodylen=8
  example (C2S, serial=0, 3B params):
       0  00 00 00                                          ...

#### 1701 0x06a5  MC_MATCH_REQUEST_ACCOUNT_CHARLIST   n=5  dir=C2S  bodylen=36
  example (C2S, serial=28, 31B params):
       0  00 00 00 01 00 00 00 14 00 00 00 00 00 00 00 00   ................
      16  00 00 00 00 00 00 00 00 00 00 00 00 00 00 00      ...............

#### 1702 0x06a6  MC_MATCH_RESPONSE_ACCOUNT_CHARLIST   n=5  dir=S2C  bodylen=108..154 (2 sizes)
  example (S2C, serial=146, 149B params):
       0  00 00 00 2e 00 00 00 03 00 00 00 f1 68 00 00 57   ............h..W
      16  79 72 65 6c 61 64 65 00 00 00 00 00 00 00 00 00   yrelade.........
      32  00 00 00 00 00 00 00 00 00 00 00 00 00 00 00 00   ................
      48  07 21 14 5d 00 00 00 00 00 d1 43 01 00 53 74 72   .!.]......C..Str
      64  69 6b 65 47 5a 00 00 00 00 00 00 00 00 00 00 00   ikeGZ...........
      80  00 00 00 00 00 00 00 00 00 00 00 00 00 01 01 00   ................
      96  00 00 00 00 00 00 00 69 44 01 00 74 65 73 74 35   .......iD..test5
     112  00 00 00 00 00 00 00 00 00 00 00 00 00 00 00 00   ................
     128  00 00 00 00 00 00 00 00 00 00 00 02 01 00 00 00   ................
     144  00 00 00 00 00                                    .....

#### 1703 0x06a7  MC_MATCH_REQUEST_SELECT_CHAR   n=13  dir=C2S  bodylen=16
  example (C2S, serial=23, 11B params):
       0  27 23 00 00 00 00 00 00 00 00 00                  '#.........

#### 1704 0x06a8  MC_MATCH_RESPONSE_SELECT_CHAR   n=13  dir=S2C  bodylen=608
  example (S2C, serial=0, 603B params):
       0  00 00 00 26 02 00 00 1e 02 00 00 01 00 00 00 57   ...&...........W
      16  79 72 65 6c 61 64 65 00 00 00 00 00 00 00 00 00   yrelade.........
      32  00 00 00 00 00 00 00 00 00 00 00 00 00 00 00 00   ................
      48  00 00 00 00 00 00 00 00 00 00 00 00 00 00 00 00   ................
      64  00 00 00 00 00 00 07 00 01 00 00 f5 17 00 00 44   ...............D
      80  44 00 00 00 00 00 00 52 03 00 00 00 00 00 00 87   D......R........
      96  11 83 6a 00 00 00 00 be 23 00 00 00 00 00 00 2e   ..j.....#.......
     112  05 00 00 00 00 00 00 00 00 00 00 00 00 00 00 00   ................
     128  00 3c 00 00 00 00 00 00 00 00 00 00 00 63 4d 2f   .<...........cM/
     144  00 79 74 2f 00 a1 c2 2f 00 c7 9b 2f 00 cf e9 2f   .yt/.../.../.../
     160  00 00 00 00 00 00 00 00 00 af ab 1e 00 12 e4 1f   ................
     176  00 14 e4 1f 00 c7 91 21 00 00 00 00 00 00 00 00   .......!........
     192  00 00 00 00 00 00 00 00 00 00 00 00 00 00 00 00   ................
     208  00 00 00 00 00 00 00 00 00 00 00 00 00 21 14 5d   .............!.]
     224  00 00 00 00 00 00 00 00 00 00 00 00 00 00 00 00   ................
     240  00 9d 3c 4d 00 00 00 00 00 a4 3c 4d 00 00 00 00   ..<M......<M....
     256  00 a2 3c 4d 00 00 00 00 00 a3 3c 4d 00 00 00 00   ..<M......<M....
     272  00 a1 3c 4d 00 00 00 00 00 00 00 00 00 00 00 00   ..<M............
     288  00 00 00 00 00 00 00 00 00 b2 3c 4d 00 00 00 00   ..........<M....
     304  00 ab 3c 4d 00 00 00 00 00 ac 3c 4d 00 00 00 00   ..<M......<M....
     320  00 b0 3c 4d 00 00 00 00 00 00 00 00 00 00 00 00   ..<M............
     336  00 00 00 00 00 00 00 00 00 00 00 00 00 00 00 00   ................
     352  00 00 00 00 00 00 00 00 00 00 00 00 00 00 00 00   ................
     368  00 00 00 00 00 00 00 00 00 00 00 00 00 00 00 00   ................
     384  00 00 00 00 00 00 00 00 00 00 00 00 00 00 00 00   ................
     400  00 72 3c 4d 00 00 00 00 00 00 00 00 00 00 00 00   .r<M............
     416  00 01 00 00 00 01 00 00 00 01 00 00 00 01 00 00   ................
     432  00 01 00 00 00 00 00 00 00 00 00 00 00 01 00 00   ................
     448  00 01 00 00 00 01 00 00 00 01 00 00 00 00 00 00   ................
     464  00 00 00 00 00 00 00 00 00 00 00 00 00 00 00 00   ................
     480  00 00 00 00 00 00 00 00 00 00 00 00 00 00 00 00   ................
     496  00 01 00 00 00 00 00 00 00 a4 56 00 00 f1 68 00   ..........V...h.
     512  00 00 00 00 00 ff ff ff ff 28 00 00 00 00 00 00   .........(......
     528  00 00 00 00 00 00 00 00 00 00 00 00 00 00 00 00   ................
     544  00 00 00 00 00 00 00 00 00 00 00 00 00 09 00 00   ................
     560  00 01 00 00 00 01 00 00 00 16 1c 00 00 00 14 00   ................
     576  00 00 01 00 00 00 00 00 00 00 00 00 00 00 00 00   ................
     592  00 00 4f 16 0f 00 00 00 00 00 01                  ..O........

#### 1711 0x06af  MC_MATCH_REQUEST_CREATE_CHAR   n=1  dir=C2S  bodylen=41
  example (C2S, serial=23, 36B params):
       0  27 23 00 00 00 00 00 02 00 00 00 07 00 74 65 73   '#...........tes
      16  74 35 00 88 01 00 00 00 00 00 00 00 00 00 00 00   t5..............
      32  00 00 00 00                                       ....

#### 1712 0x06b0  MC_MATCH_RESPONSE_CREATE_CHAR   n=1  dir=S2C  bodylen=17
  example (S2C, serial=0, 12B params):
       0  00 00 00 07 00 74 65 73 74 35 00 00               .....test5..

#### 1717 0x06b5  MC_MATCH_REQUEST_CHARINFO_DETAIL   n=13  dir=C2S  bodylen=21..24 (2 sizes)
  example (C2S, serial=23, 19B params):
       0  27 23 00 00 00 00 00 0a 00 57 79 72 65 6c 61 64   '#.......Wyrelad
      16  65 00 95                                          e..

#### 1718 0x06b6  MC_MATCH_RESPONSE_CHARINFO_DETAIL   n=13  dir=S2C  bodylen=265
  example (S2C, serial=1, 260B params):
       0  01 00 00 f9 00 00 00 01 00 00 00 57 79 72 65 6c   ...........Wyrel
      16  61 64 65 00 00 00 00 00 00 00 00 00 00 00 00 00   ade.............
      32  00 00 00 00 00 00 00 00 00 00 00 00 00 00 00 00   ................
      48  00 00 00 00 00 00 00 00 00 00 00 00 00 00 00 00   ................
      64  00 00 00 07 00 01 00 00 f5 17 00 00 44 44 00 00   ............DD..
      80  00 00 00 00 52 03 00 00 00 00 00 00 87 11 83 6a   ....R..........j
      96  00 00 00 00 be 23 00 00 00 00 00 00 2e 05 00 00   .....#..........
     112  00 00 00 00 16 00 00 00 1a 00 00 00 00 00 00 00   ................
     128  00 00 00 00 00 00 00 00 00 00 00 00 00 00 00 00   ................
     144  00 00 00 00 96 2c 00 00 00 00 00 00 63 4d 2f 00   .....,......cM/.
     160  79 74 2f 00 a1 c2 2f 00 c7 9b 2f 00 cf e9 2f 00   yt/.../.../.../.
     176  00 00 00 00 00 00 00 00 af ab 1e 00 12 e4 1f 00   ................
     192  14 e4 1f 00 c7 91 21 00 00 00 00 00 00 00 00 00   ......!.........
     208  00 00 00 00 00 00 00 00 00 00 00 00 00 00 00 00   ................
     224  00 00 00 00 00 00 00 00 00 00 00 00 00 00 00 00   ................
     240  00 00 00 00 00 00 00 00 00 00 00 00 00 00 00 00   ................
     256  ff ff ff ff                                       ....

#### 1719 0x06b7  MC_MATCH_REQUEST_ACCOUNT_CHARINFO   n=8  dir=C2S  bodylen=5
  example (C2S, serial=0, 0B params):


#### 1720 0x06b8  MC_MATCH_RESPONSE_ACCOUNT_CHARINFO   n=8  dir=S2C  bodylen=559
  example (S2C, serial=0, 554B params):
       0  26 02 00 00 1e 02 00 00 01 00 00 00 57 79 72 65   &...........Wyre
      16  6c 61 64 65 00 00 00 00 00 00 00 00 00 00 00 00   lade............
      32  00 00 00 00 00 00 00 00 00 00 00 00 00 00 00 00   ................
      48  00 00 00 00 00 00 00 00 00 00 00 00 00 00 00 00   ................
      64  00 00 00 07 00 01 00 00 f5 17 00 00 44 44 00 00   ............DD..
      80  00 00 00 00 52 03 00 00 00 00 00 00 87 11 83 6a   ....R..........j
      96  00 00 00 00 00 00 00 00 00 00 00 00 00 00 00 00   ................
     112  00 00 00 00 00 00 00 00 00 00 00 00 00 00 00 00   ................
     128  00 00 00 00 00 00 00 00 00 00 63 4d 2f 00 79 74   ..........cM/.yt
     144  2f 00 a1 c2 2f 00 c7 9b 2f 00 cf e9 2f 00 00 00   /.../.../.../...
     160  00 00 00 00 00 00 af ab 1e 00 12 e4 1f 00 14 e4   ................
     176  1f 00 c7 91 21 00 00 00 00 00 00 00 00 00 00 00   ....!...........
     192  00 00 00 00 00 00 00 00 00 00 00 00 00 00 00 00   ................
     208  00 00 00 00 00 00 00 00 00 00 21 14 5d 00 00 00   ..........!.]...
     224  00 00 00 00 00 00 00 00 00 00 ff ff ff ff 00 00   ................
     240  00 00 00 00 00 00 00 00 00 00 00 00 00 00 00 00   ................
     256  00 00 00 00 00 00 00 00 00 00 00 00 00 00 00 00   ................
     272  00 00 00 00 00 00 00 00 00 00 00 00 00 00 00 00   ................
     288  00 00 00 00 00 00 00 00 00 00 00 00 00 00 00 00   ................
     304  00 00 00 00 00 00 00 00 00 00 00 00 00 00 00 00   ................
     320  00 00 00 00 00 00 00 00 00 00 00 00 00 00 00 00   ................
     336  00 00 00 00 00 00 00 00 00 00 00 00 00 00 00 00   ................
     352  00 00 00 00 00 00 00 00 00 00 00 00 00 00 00 00   ................
     368  00 00 00 00 00 00 00 00 00 00 00 00 00 00 00 00   ................
     384  00 00 00 00 00 00 00 00 00 00 00 00 00 00 00 00   ................
     400  00 00 00 00 00 00 00 00 00 00 00 00 00 00 00 00   ................
     416  00 00 00 00 00 00 00 00 00 00 00 00 00 00 00 00   ................
     432  00 00 00 00 00 00 00 00 00 00 00 00 00 00 00 00   ................
     448  00 00 00 00 00 00 00 00 00 00 00 00 00 00 00 00   ................
     464  00 00 00 00 00 00 00 00 00 00 00 00 00 00 00 00   ................
     480  00 00 00 00 00 00 00 00 00 00 00 00 00 00 00 00   ................
     496  00 00 00 00 00 00 00 00 00 00 00 00 00 00 00 00   ................
     512  00 00 00 00 00 00 00 00 00 00 00 00 00 00 00 00   ................
     528  00 00 00 00 00 00 00 00 00 00 00 00 00 00 00 00   ................
     544  00 00 00 00 00 00 00 00 00 00                     ..........

#### 1722 0x06ba  **UNKNOWN**   n=7  dir=S2C  bodylen=16
  example (S2C, serial=8, 11B params):
       0  00 00 00 c4 00 00 00 00 00 00 00                  ...........

#### 1724 0x06bc  **UNKNOWN**   n=13  dir=S2C  bodylen=28
  example (S2C, serial=20, 23B params):
       0  00 00 00 0c 00 00 00 01 00 00 00 01 00 00 00 04   ................
      16  00 00 00 00 00 00 00                              .......

#### 1727 0x06bf  **UNKNOWN**   n=4  dir=C2S  bodylen=12
  example (C2S, serial=1, 7B params):
       0  00 00 00 02 00 00 00                              .......

#### 1728 0x06c0  **UNKNOWN**   n=4  dir=S2C  bodylen=12
  example (S2C, serial=1, 7B params):
       0  00 00 00 02 00 00 00                              .......

#### 1803 0x070b  MC_MATCH_REQUEST_MY_SIMPLE_CHARINFO   n=4  dir=C2S  bodylen=12
  example (C2S, serial=23, 7B params):
       0  27 23 00 00 00 00 00                              '#.....

#### 1804 0x070c  MC_MATCH_RESPONSE_MY_SIMPLE_CHARINFO   n=5  dir=S2C  bodylen=61
  example (S2C, serial=53, 56B params):
       0  00 00 00 2d 00 00 00 01 00 00 00 07 3c 18 00 00   ...-........<...
      16  79 44 00 00 00 00 00 00 87 03 00 00 00 00 00 00   yD..............
      32  b9 13 83 6a 00 00 00 00 be 23 00 00 00 00 00 00   ...j.....#......
      48  63 05 00 00 00 00 00 00                           c.......

#### 1811 0x0713  MC_MATCH_REQUEST_BUY_ITEM   n=5  dir=C2S  bodylen=29
  example (C2S, serial=0, 24B params):
       0  00 00 00 00 2d 31 01 01 00 00 00 02 00 00 96 02   ....-1..........
      16  00 00 00 03 00 00 00 00                           ........

#### 1812 0x0714  MC_MATCH_RESPONSE_BUY_ITEM   n=5  dir=S2C  bodylen=12
  example (S2C, serial=0, 7B params):
       0  00 00 00 00 2d 31 01                              ....-1.

#### 1822 0x071e  MC_MATCH_RESPONSE_CHARACTER_ITEMLIST   n=51  dir=S2C  bodylen=663..1562 (10 sizes)
  example (S2C, serial=55, 1557B params):
       0  5e 00 00 00 00 00 00 b8 00 00 00 08 00 00 00 16   ^...............
      16  00 00 00 c4 6d 4d 00 00 00 00 00 cb 6d 4d 00 00   ....mM......mM..
      32  00 00 00 c9 6d 4d 00 00 00 00 00 ca 6d 4d 00 00   ....mM......mM..
      48  00 00 00 c8 6d 4d 00 00 00 00 00 bf 6d 4d 00 00   ....mM......mM..
      64  00 00 00 be 6d 4d 00 00 00 00 00 d9 6d 4d 00 00   ....mM......mM..
      80  00 00 00 d2 6d 4d 00 00 00 00 00 d3 6d 4d 00 00   ....mM......mM..
      96  00 00 00 cf 6d 4d 00 00 00 00 00 ce 6d 4d 00 00   ....mM......mM..
     112  00 00 00 00 00 00 00 00 00 00 00 00 00 00 00 00   ................
     128  00 00 00 00 00 00 00 00 00 00 00 00 00 00 00 00   ................
     144  00 00 00 00 00 00 00 00 00 00 00 00 00 00 00 00   ................
     160  00 00 00 00 00 00 00 00 00 00 00 00 00 00 00 00   ................
     176  00 00 00 72 3c 4d 00 00 00 00 00 00 00 00 00 00   ...r<M..........
     192  00 00 00 3e 05 00 00 1d 00 00 00 2e 00 00 00 be   ...>............
     208  6d 4d 00 00 00 00 00 01 d4 30 00 df 10 00 00 48   mM.......0.....H
     224  00 00 00 01 00 00 00 0a 48 e8 01 00 bf 6d 4d 00   ........H....mM.
     240  00 00 00 00 00 d4 30 00 df 10 00 00 48 00 00 00   ......0.....H...
     256  01 00 00 00 00 48 e8 01 00 c0 6d 4d 00 00 00 00   .....H....mM....
     272  00 81 9b 2f 00 df 10 00 00 48 00 00 00 01 00 00   .../.....H......
     288  00 0a 13 dc 01 00 c1 6d 4d 00 00 00 00 00 a4 74   .......mM......t
     304  2f 00 df 10 00 00 48 00 00 00 01 00 00 00 68 8e   /.....H.......h.
     320  da 01 00 c2 6d 4d 00 00 00 00 00 80 84 1e 00 df   ....mM..........
     336  10 00 00 48 00 00 00 01 00 00 00 00 2d 31 01 00   ...H........-1..
     352  c3 6d 4d 00 00 00 00 00 60 21 60 00 20 05 08 00   .mM.....`!`. ...
     368  00 00 00 00 05 00 00 00 00 00 00 00 00 c4 6d 4d   ..............mM
     384  00 00 00 00 00 63 4d 2f 00 c9 10 00 00 48 00 00   .....cM/.....H..
     400  00 01 00 00 00 de 05 d9 01 00 c5 6d 4d 00 00 00   ...........mM...
     416  00 00 e0 6e 1f 00 c6 10 00 00 48 00 00 00 01 00   ...n......H.....
     432  00 00 c0 54 3a 01 00 c6 6d 4d 00 00 00 00 00 95   ...T:...mM......
     448  ab 1e 00 c5 10 00 00 48 00 00 00 01 00 00 00 d2   .......H........
     464  b3 32 01 00 c7 6d 4d 00 00 00 00 00 88 84 1e 00   .2...mM.........
     480  c5 10 00 00 48 00 00 00 01 00 00 00 50 2d 31 01   ....H.......P-1.
     496  00 c8 6d 4d 00 00 00 00 00 cf e9 2f 00 20 05 08   ..mM......./. ..
     512  00 00 00 00 00 01 00 00 00 00 00 00 00 00 c9 6d   ...............m
     528  4d 00 00 00 00 00 a1 c2 2f 00 20 05 08 00 00 00   M......./. .....
     544  00 00 01 00 00 00 00 00 00 00 00 ca 6d 4d 00 00   ............mM..
     560  00 00 00 c7 9b 2f 00 20 05 08 00 00 00 00 00 01   ...../. ........
     576  00 00 00 00 00 00 00 00 cb 6d 4d 00 00 00 00 00   .........mM.....
     592  79 74 2f 00 20 05 08 00 00 00 00 00 01 00 00 00   yt/. ...........
     608  00 00 00 00 00 cc 6d 4d 00 00 00 00 00 b8 4d 2f   ......mM......M/
     624  00 20 05 08 00 00 00 00 00 01 00 00 00 00 00 00   . ..............
     640  00 00 cd 6d 4d 00 00 00 00 00 c0 91 21 00 70 9a   ...mM.......!.p.
     656  00 00 d0 02 00 00 01 00 00 00 00 00 00 00 00 ce   ................
     672  6d 4d 00 00 00 00 00 c4 91 21 00 70 9a 00 00 d0   mM.......!.p....
     688  02 00 00 01 00 00 00 00 00 00 00 00 cf 6d 4d 00   .............mM.
     704  00 00 00 00 c3 91 21 00 70 9a 00 00 d0 02 00 00   ......!.p.......
     720  01 00 00 00 00 00 00 00 00 d0 6d 4d 00 00 00 00   ..........mM....
     736  00 03 bd 1f 00 70 9a 00 00 d0 02 00 00 01 00 00   .....p..........
     752  00 00 00 00 00 00 d1 6d 4d 00 00 00 00 00 96 ab   .......mM.......
     768  1e 00 20 05 08 00 00 00 00 00 01 00 00 00 00 00   .. .............
     784  00 00 00 d2 6d 4d 00 00 00 00 00 12 e4 1f 00 20   ....mM......... 
     800  05 08 00 00 00 00 00 01 00 00 00 b7 e8 3e 01 00   .............>..
     816  d3 6d 4d 00 00 00 00 00 14 e4 1f 00 20 05 08 00   .mM......... ...
     832  00 00 00 00 01 00 00 00 cb e8 3e 01 00 d4 6d 4d   ..........>...mM
     848  00 00 00 00 00 c4 e9 2f 00 20 05 08 00 00 00 00   ......./. ......
     864  00 01 00 00 00 00 00 00 00 00 d5 6d 4d 00 00 00   ...........mM...
     880  00 00 97 c2 2f 00 20 05 08 00 00 00 00 00 01 00   ..../. .........
     896  00 00 00 00 00 00 00 d6 6d 4d 00 00 00 00 00 70   ........mM.....p
     912  74 2f 00 20 05 08 00 00 00 00 00 01 00 00 00 00   t/. ............
     928  00 00 00 00 d7 6d 4d 00 00 00 00 00 c7 91 21 00   .....mM.......!.
     944  20 05 08 00 00 00 00 00 01 00 00 00 00 00 00 00    ...............
     960  00 d8 6d 4d 00 00 00 00 00 fe 95 1f 00 20 05 08   ..mM......... ..
     976  00 00 00 00 00 01 00 00 00 00 00 00 00 00 d9 6d   ...............m
     992  4d 00 00 00 00 00 af ab 1e 00 20 05 08 00 00 00   M......... .....
    1008  00 00 01 00 00 00 00 00 00 00 00 72 3c 4d 00 00   ...........r<M..
    1024  00 00 00 21 14 5d 00 20 05 08 00 00 00 00 00 01   ...!.]. ........
    1040  00 00 00 00 00 00 00 00 73 3c 4d 00 00 00 00 00   ........s<M.....
    1056  7f 62 5d 00 20 05 08 00 00 00 00 00 01 00 00 00   .b]. ...........
    1072  00 00 00 00 00 74 3c 4d 00 00 00 00 00 41 62 5d   .....t<M.....Ab]
    1088  00 20 05 08 00 00 00 00 00 01 00 00 00 00 00 00   . ..............
    1104  00 00 75 3c 4d 00 00 00 00 00 40 62 5d 00 20 05   ..u<M.....@b]. .
    1120  08 00 00 00 00 00 01 00 00 00 00 00 00 00 00 76   ...............v
    1136  3c 4d 00 00 00 00 00 31 3b 5d 00 20 05 08 00 00   <M.....1;]. ....
    1152  00 00 00 01 00 00 00 00 00 00 00 00 77 3c 4d 00   ............w<M.
    1168  00 00 00 00 30 3b 5d 00 20 05 08 00 00 00 00 00   ....0;]. .......
    1184  01 00 00 00 00 00 00 00 00 78 3c 4d 00 00 00 00   .........x<M....
    1200  00 25 14 5d 00 20 05 08 00 00 00 00 00 01 00 00   .%.]. ..........
    1216  00 00 00 00 00 00 79 3c 4d 00 00 00 00 00 24 14   ......y<M.....$.
    1232  5d 00 20 05 08 00 00 00 00 00 01 00 00 00 00 00   ]. .............
    1248  00 00 00 7a 3c 4d 00 00 00 00 00 23 14 5d 00 20   ...z<M.....#.]. 
    1264  05 08 00 00 00 00 00 01 00 00 00 00 00 00 00 00   ................
    1280  c4 63 4d 00 00 00 00 00 21 14 5d 00 20 05 08 00   .cM.....!.]. ...
    1296  00 00 00 00 01 00 00 00 00 00 00 00 00 c5 63 4d   ..............cM
    1312  00 00 00 00 00 7f 62 5d 00 20 05 08 00 00 00 00   ......b]. ......
    1328  00 01 00 00 00 00 00 00 00 00 c6 63 4d 00 00 00   ...........cM...
    1344  00 00 41 62 5d 00 20 05 08 00 00 00 00 00 01 00   ..Ab]. .........
    1360  00 00 00 00 00 00 00 c7 63 4d 00 00 00 00 00 40   ........cM.....@
    1376  62 5d 00 20 05 08 00 00 00 00 00 01 00 00 00 00   b]. ............
    1392  00 00 00 00 c8 63 4d 00 00 00 00 00 31 3b 5d 00   .....cM.....1;].
    1408  20 05 08 00 00 00 00 00 01 00 00 00 00 00 00 00    ...............
    1424  00 c9 63 4d 00 00 00 00 00 30 3b 5d 00 20 05 08   ..cM.....0;]. ..
    1440  00 00 00 00 00 01 00 00 00 00 00 00 00 00 ca 63   ...............c
    1456  4d 00 00 00 00 00 25 14 5d 00 20 05 08 00 00 00   M.....%.]. .....
    1472  00 00 01 00 00 00 00 00 00 00 00 cb 63 4d 00 00   ............cM..
    1488  00 00 00 24 14 5d 00 20 05 08 00 00 00 00 00 01   ...$.]. ........
    1504  00 00 00 00 00 00 00 00 cc 63 4d 00 00 00 00 00   .........cM.....
    1520  23 14 5d 00 20 05 08 00 00 00 00 00 01 00 00 00   #.]. ...........
    1536  00 00 00 00 00 08 00 00 00 18 00 00 00 00 00 00   ................
    1552  00 00 00 00 00                                    .....

#### 1823 0x071f  MC_MATCH_REQUEST_EQUIP_ITEM   n=8  dir=C2S  bodylen=24
  example (C2S, serial=23, 19B params):
       0  27 23 00 00 00 00 00 a8 3c 4d 00 00 00 00 00 0a   '#......<M......
      16  00 00 00                                          ...

#### 1824 0x0720  MC_MATCH_RESPONSE_EQUIP_ITEM   n=4  dir=S2C  bodylen=8
  example (S2C, serial=0, 3B params):
       0  00 00 00                                          ...

#### 1845 0x0735  **UNKNOWN**   n=1  dir=S2C  bodylen=140
  example (S2C, serial=241, 135B params):
       0  03 00 00 10 0e 00 00 00 00 00 00 58 44 aa 07 38   ...........XD..8
      16  00 00 00 18 00 00 00 02 00 00 00 00 00 00 00 10   ................
      32  0e 00 00 01 00 00 00 e8 03 00 00 00 00 00 00 00   ................
      48  63 63 6f 01 00 00 00 10 0e 00 00 01 00 00 00 d0   cco.............
      64  07 00 00 00 00 00 00 00 7d 00 00 38 00 00 00 18   ........}..8....
      80  00 00 00 02 00 00 00 00 00 00 00 08 07 00 00 02   ................
      96  00 00 00 32 00 00 00 00 00 00 00 00 63 63 6f 01   ...2........cco.
     112  00 00 00 10 0e 00 00 03 00 00 00 0f 00 00 00 00   ................
     128  00 00 00 00 7d 00 00                              ....}..

#### 1848 0x0738  **UNKNOWN**   n=1  dir=S2C  bodylen=20
  example (S2C, serial=233, 15B params):
       0  0a 0b 00 9a 99 99 3e 00 00 00 00 00 00 00 00      ......>........

#### 1853 0x073d  **UNKNOWN**   n=1  dir=C2S  bodylen=8
  example (C2S, serial=1, 3B params):
       0  00 00 00                                          ...

#### 1854 0x073e  **UNKNOWN**   n=1  dir=S2C  bodylen=20
  example (S2C, serial=1, 15B params):
       0  00 00 00 08 00 00 00 08 00 00 00 00 00 00 00      ...............

#### 1886 0x075e  **UNKNOWN**   n=54  dir=S2C  bodylen=8
  example (S2C, serial=0, 3B params):
       0  00 00 00                                          ...

#### 1889 0x0761  **UNKNOWN**   n=2  dir=C2S  bodylen=8
  example (C2S, serial=5, 3B params):
       0  00 00 00                                          ...

#### 1890 0x0762  **UNKNOWN**   n=2  dir=S2C  bodylen=12
  example (S2C, serial=5, 7B params):
       0  00 00 00 3c 00 00 00                              ...<...

#### 2051 0x0803  MC_MATCH_CLAN_REQUEST_EMBLEMURL   n=2  dir=C2S  bodylen=20
  example (C2S, serial=12, 15B params):
       0  00 00 00 04 00 00 00 01 00 00 00 18 00 00 00      ...............

#### 2052 0x0804  MC_MATCH_CLAN_RESPONSE_EMBLEMURL   n=2  dir=S2C  bodylen=16
  example (S2C, serial=24, 11B params):
       0  00 00 00 00 00 00 00 02 00 00 10                  ...........

#### 2101 0x0835  MC_MATCH_NOTIFY_CALLVOTE   n=4  dir=S2C  bodylen=45
  example (S2C, serial=197, 40B params):
       0  22 21 00 00 00 00 00 06 00 6b 69 63 6b 00 15 0a   "!.......kick...
      16  00 57 79 72 65 6c 61 64 65 00 f5 01 00 00 00 01   .Wyrelade.......
      32  00 00 00 06 00 00 00 01                           ........

#### 2102 0x0836  MC_MATCH_NOTIFY_VOTERESULT   n=1  dir=S2C  bodylen=28
  example (S2C, serial=6, 23B params):
       0  00 6b 69 63 6b 00 a9 01 00 00 00 0a 00 57 79 72   .kick........Wyr
      16  65 6c 61 64 65 00 3e                              elade.>

#### 2202 0x089a  MC_MATCH_BROADCAST_DUEL_RENEW_VICTORIES   n=4  dir=S2C  bodylen=38..42 (4 sizes)
  example (S2C, serial=12, 37B params):
       0  00 67 68 6b 76 75 64 31 31 31 31 00 00 0e 00 46   .ghkvud1111....F
      16  72 65 65 20 43 68 61 6e 6e 65 6c 00 f1 2f 00 00   ree Channel../..
      32  00 0a 00 00 00                                    .....

#### 2203 0x089b  MC_MATCH_BROADCAST_DUEL_INTERRUPT_VICTORIES   n=3  dir=S2C  bodylen=30..32 (2 sizes)
  example (S2C, serial=10, 27B params):
       0  00 4b 73 70 65 63 74 65 72 00 05 0a 00 73 69 6e   .Kspecter....sin
      16  58 77 6f 6f 6e 00 12 0c 00 00 00                  Xwoon......

#### 2303 0x08ff  **UNKNOWN**   n=13  dir=S2C  bodylen=32
  example (S2C, serial=232, 27B params):
       0  03 00 00 00 00 00 00 00 00 00 00 ff ff ff ff ff   ................
      16  ff ff ff 00 00 00 00 0a 00 00 00                  ...........

#### 2307 0x0903  **UNKNOWN**   n=13  dir=S2C  bodylen=24
  example (S2C, serial=0, 19B params):
       0  00 00 00 00 00 00 00 00 00 00 00 00 00 00 00 00   ................
      16  00 00 00                                          ...

#### 3200 0x0c80  **UNKNOWN**   n=17  dir=S2C  bodylen=72..3312 (7 sizes)
  example (S2C, serial=216, 3307B params):
       0  0c 00 00 28 00 00 00 52 00 00 00 81 e6 65 01 00   ...(...R.....e..
      16  00 00 00 02 00 00 00 01 00 00 00 03 00 00 00 b7   ................
      32  d9 9a da 00 00 00 00 00 00 00 00 00 30 bc c0 00   ............0...
      48  00 00 00 82 e6 65 01 00 00 00 00 19 00 00 00 01   .....e..........
      64  00 00 00 00 00 00 00 64 59 50 21 00 00 00 00 00   .......dYP!.....
      80  00 00 00 00 f6 dd 54 00 00 00 00 83 e6 65 01 00   ......T......e..
      96  00 00 00 a4 00 00 00 01 00 00 00 00 00 00 00 30   ...............0
     112  d0 f1 f1 00 00 00 00 00 00 00 00 00 5b 35 9e 00   ............[5..
     128  00 00 00 84 e6 65 01 00 00 00 00 b0 00 00 00 01   .....e..........
     144  00 00 00 00 00 00 00 f7 11 ff 63 00 00 00 00 00   ..........c.....
     160  00 00 00 00 92 c9 0b 00 00 00 00 85 e6 65 01 00   .............e..
     176  00 00 00 f3 00 00 00 01 00 00 00 00 00 00 00 b7   ................
     192  d9 9a 84 00 00 00 00 00 00 00 00 00 30 bc c0 00   ............0...
     208  00 00 00 86 e6 65 01 00 00 00 00 01 01 00 00 01   .....e..........
     224  00 00 00 16 00 00 00 64 59 50 60 00 00 00 00 00   .......dYP`.....
     240  00 00 00 00 f6 dd 54 00 00 00 00 87 e6 65 01 00   ......T......e..
     256  00 00 00 08 01 00 00 01 00 00 00 00 00 00 00 30   ...............0
     272  d0 f1 7d 00 00 00 00 00 00 00 00 00 5b 35 9e 00   ..}.........[5..
     288  00 00 00 88 e6 65 01 00 00 00 00 1b 01 00 00 01   .....e..........
     304  00 00 00 00 00 00 00 f7 11 ff 75 00 00 00 00 00   ..........u.....
     320  00 00 00 00 92 c9 0b 00 00 00 00 89 e6 65 01 00   .............e..
     336  00 00 00 1d 01 00 00 01 00 00 00 05 00 00 00 b7   ................
     352  d9 9a 59 00 00 00 00 00 00 00 00 00 30 bc c0 00   ..Y.........0...
     368  00 00 00 8a e6 65 01 00 00 00 00 1f 01 00 00 02   .....e..........
     384  00 00 00 50 46 00 00 64 59 50 82 86 2c 80 6a 00   ...PF..dYP..,.j.
     400  00 00 00 00 f6 dd 54 00 00 00 00 8b e6 65 01 00   ......T......e..
     416  00 00 00 e8 03 00 00 01 00 00 00 02 00 00 00 30   ...............0
     432  d0 f1 23 00 00 00 00 00 00 00 00 00 5b 35 9e 00   ..#.........[5..
     448  00 00 00 a7 e6 65 01 00 00 00 00 ed 03 00 00 01   .....e..........
     464  00 00 00 00 00 00 00 f7 11 ff ab 00 00 00 00 00   ................
     480  00 00 00 00 92 c9 0b 00 00 00 00 a8 e6 65 01 00   .............e..
     496  00 00 00 f2 03 00 00 01 00 00 00 00 00 00 00 b7   ................
     512  d9 9a a4 00 00 00 00 00 00 00 00 00 30 bc c0 00   ............0...
     528  00 00 00 a9 e6 65 01 00 00 00 00 f7 03 00 00 01   .....e..........
     544  00 00 00 00 00 00 00 64 59 50 9f 00 00 00 00 00   .......dYP......
     560  00 00 00 00 f6 dd 54 00 00 00 00 aa e6 65 01 00   ......T......e..
     576  00 00 00 fc 03 00 00 01 00 00 00 00 00 00 00 30   ...............0
     592  d0 f1 a1 00 00 00 00 00 00 00 00 00 5b 35 9e 00   ............[5..
     608  00 00 00 ab e6 65 01 00 00 00 00 01 04 00 00 01   .....e..........
     624  00 00 00 00 00 00 00 f7 11 ff 36 00 00 00 00 00   ..........6.....
     640  00 00 00 00 92 c9 0b 00 00 00 00 ac e6 65 01 00   .............e..
     656  00 00 00 06 04 00 00 01 00 00 00 00 00 00 00 b7   ................
     672  d9 9a 3a 00 00 00 00 00 00 00 00 00 30 bc c0 00   ..:.........0...
     688  00 00 00 ad e6 65 01 00 00 00 00 0c 04 00 00 01   .....e..........
     704  00 00 00 00 00 00 00 64 59 50 e0 00 00 00 00 00   .......dYP......
     720  00 00 00 00 f6 dd 54 00 00 00 00 ae e6 65 01 00   ......T......e..
     736  00 00 00 11 04 00 00 01 00 00 00 00 00 00 00 30   ...............0
     752  d0 f1 1c 00 00 00 00 00 00 00 00 00 5b 35 9e 00   ............[5..
     768  00 00 00 8c e6 65 01 00 00 00 00 16 04 00 00 02   .....e..........
     784  00 00 00 e8 03 00 00 f7 11 ff d4 db 73 7f 6a 00   ............s.j.
     800  00 00 00 00 92 c9 0b 00 00 00 00 af e6 65 01 00   .............e..
     816  00 00 00 1b 04 00 00 01 00 00 00 00 00 00 00 b7   ................
     832  d9 9a 99 00 00 00 00 00 00 00 00 00 30 bc c0 00   ............0...
     848  00 00 00 b0 e6 65 01 00 00 00 00 20 04 00 00 01   .....e..... ....
     864  00 00 00 00 00 00 00 64 59 50 65 00 00 00 00 00   .......dYPe.....
     880  00 00 00 00 f6 dd 54 00 00 00 00 b1 e6 65 01 00   ......T......e..
     896  00 00 00 25 04 00 00 01 00 00 00 00 00 00 00 30   ...%...........0
     912  d0 f1 9a 00 00 00 00 00 00 00 00 00 5b 35 9e 00   ............[5..
     928  00 00 00 b2 e6 65 01 00 00 00 00 2a 04 00 00 01   .....e.....*....
     944  00 00 00 00 00 00 00 f7 11 ff 53 00 00 00 00 00   ..........S.....
     960  00 00 00 00 92 c9 0b 00 00 00 00 8d e6 65 01 00   .............e..
     976  00 00 00 2f 04 00 00 02 00 00 00 e8 03 00 00 b7   .../............
     992  d9 9a 1f bb 78 7f 6a 00 00 00 00 00 30 bc c0 00   ....x.j.....0...
    1008  00 00 00 b3 e6 65 01 00 00 00 00 34 04 00 00 01   .....e.....4....
    1024  00 00 00 00 00 00 00 64 59 50 e7 00 00 00 00 00   .......dYP......
    1040  00 00 00 00 f6 dd 54 00 00 00 00 b4 e6 65 01 00   ......T......e..
    1056  00 00 00 39 04 00 00 01 00 00 00 00 00 00 00 30   ...9...........0
    1072  d0 f1 19 00 00 00 00 00 00 00 00 00 5b 35 9e 00   ............[5..
    1088  00 00 00 b5 e6 65 01 00 00 00 00 3e 04 00 00 01   .....e.....>....
    1104  00 00 00 00 00 00 00 f7 11 ff d1 00 00 00 00 00   ................
    1120  00 00 00 00 92 c9 0b 00 00 00 00 8e e6 65 01 00   .............e..
    1136  00 00 00 43 04 00 00 02 00 00 00 e8 03 00 00 b7   ...C............
    1152  d9 9a 92 db 73 7f 6a 00 00 00 00 00 30 bc c0 00   ....s.j.....0...
    1168  00 00 00 8f e6 65 01 00 00 00 00 48 04 00 00 02   .....e.....H....
    1184  00 00 00 e8 03 00 00 64 59 50 68 db 73 7f 6a 00   .......dYPh.s.j.
    1200  00 00 00 00 f6 dd 54 00 00 00 00 90 e6 65 01 00   ......T......e..
    1216  00 00 00 52 04 00 00 01 00 00 00 02 00 00 00 30   ...R...........0
    1232  d0 f1 74 00 00 00 00 00 00 00 00 00 5b 35 9e 00   ..t.........[5..
    1248  00 00 00 91 e6 65 01 00 00 00 00 5c 04 00 00 03   .....e.....\....
    1264  00 00 00 2c 01 00 00 f7 11 ff 9d d1 72 7f 6a 00   ...,........r.j.
    1280  00 00 00 00 92 c9 0b 00 00 00 00 92 e6 65 01 00   .............e..
    1296  00 00 00 5d 04 00 00 01 00 00 00 9d 03 00 00 b7   ...]............
    1312  d9 9a d6 00 00 00 00 00 00 00 00 00 30 bc c0 00   ............0...
    1328  00 00 00 b6 e6 65 01 00 00 00 00 61 04 00 00 01   .....e.....a....
    1344  00 00 00 00 00 00 00 64 59 50 ad 00 00 00 00 00   .......dYP......
    1360  00 00 00 00 f6 dd 54 00 00 00 00 b7 e6 65 01 00   ......T......e..
    1376  00 00 00 66 04 00 00 01 00 00 00 00 00 00 00 30   ...f...........0
    1392  d0 f1 53 00 00 00 00 00 00 00 00 00 5b 35 9e 00   ..S.........[5..
    1408  00 00 00 b8 e6 65 01 00 00 00 00 6b 04 00 00 01   .....e.....k....
    1424  00 00 00 00 00 00 00 f7 11 ff 18 00 00 00 00 00   ................
    1440  00 00 00 00 92 c9 0b 00 00 00 00 93 e6 65 01 00   .............e..
    1456  00 00 00 70 04 00 00 01 00 00 00 19 00 00 00 b7   ...p............
    1472  d9 9a 54 00 00 00 00 00 00 00 00 00 30 bc c0 00   ..T.........0...
    1488  00 00 00 94 e6 65 01 00 00 00 00 75 04 00 00 01   .....e.....u....
    1504  00 00 00 01 00 00 00 64 59 50 8e 00 00 00 00 00   .......dYP......
    1520  00 00 00 00 f6 dd 54 00 00 00 00 95 e6 65 01 00   ......T......e..
    1536  00 00 00 7f 04 00 00 02 00 00 00 14 00 00 00 30   ...............0
    1552  d0 f1 ae d0 10 83 6a 00 00 00 00 00 5b 35 9e 00   ......j.....[5..
    1568  00 00 00 b9 e6 65 01 00 00 00 00 84 04 00 00 01   .....e..........
    1584  00 00 00 00 00 00 00 f7 11 ff 27 00 00 00 00 00   ..........'.....
    1600  00 00 00 00 92 c9 0b 00 00 00 00 ba e6 65 01 00   .............e..
    1616  00 00 00 89 04 00 00 01 00 00 00 00 00 00 00 b7   ................
    1632  d9 9a 2b 00 00 00 00 00 00 00 00 00 30 bc c0 00   ..+.........0...
    1648  00 00 00 96 e6 65 01 00 00 00 00 8e 04 00 00 02   .....e..........
    1664  00 00 00 c8 00 00 00 64 59 50 b3 7e f2 80 6a 00   .......dYP.~..j.
    1680  00 00 00 00 f6 dd 54 00 00 00 00 bb e6 65 01 00   ......T......e..
    1696  00 00 00 96 04 00 00 01 00 00 00 00 00 00 00 30   ...............0
    1712  d0 f1 0d 00 00 00 00 00 00 00 00 00 5b 35 9e 00   ............[5..
    1728  00 00 00 97 e6 65 01 00 00 00 00 99 04 00 00 01   .....e..........
    1744  00 00 00 01 00 00 00 f7 11 ff c5 00 00 00 00 00   ................
    1760  00 00 00 00 92 c9 0b 00 00 00 00 98 e6 65 01 00   .............e..
    1776  00 00 00 9e 04 00 00 01 00 00 00 02 00 00 00 b7   ................
    1792  d9 9a ce 00 00 00 00 00 00 00 00 00 30 bc c0 00   ............0...
    1808  00 00 00 bc e6 65 01 00 00 00 00 a1 04 00 00 01   .....e..........
    1824  00 00 00 00 00 00 00 64 59 50 f5 00 00 00 00 00   .......dYP......
    1840  00 00 00 00 f6 dd 54 00 00 00 00 bd e6 65 01 00   ......T......e..
    1856  00 00 00 a4 04 00 00 01 00 00 00 00 00 00 00 30   ...............0
    1872  d0 f1 ca 00 00 00 00 00 00 00 00 00 5b 35 9e 00   ............[5..
    1888  00 00 00 be e6 65 01 00 00 00 00 a7 04 00 00 01   .....e..........
    1904  00 00 00 00 00 00 00 f7 11 ff 43 00 00 00 00 00   ..........C.....
    1920  00 00 00 00 92 c9 0b 00 00 00 00 bf e6 65 01 00   .............e..
    1936  00 00 00 aa 04 00 00 01 00 00 00 00 00 00 00 b7   ................
    1952  d9 9a 4f 00 00 00 00 00 00 00 00 00 30 bc c0 00   ..O.........0...
    1968  00 00 00 c0 e6 65 01 00 00 00 00 ad 04 00 00 01   .....e..........
    1984  00 00 00 00 00 00 00 64 59 50 d7 00 00 00 00 00   .......dYP......
    2000  00 00 00 00 f6 dd 54 00 00 00 00 99 e6 65 01 00   ......T......e..
    2016  00 00 00 b5 04 00 00 02 00 00 00 03 00 00 00 30   ...............0
    2032  d0 f1 69 c3 2b 80 6a 00 00 00 00 00 5b 35 9e 00   ..i.+.j.....[5..
    2048  00 00 00 9a e6 65 01 00 00 00 00 ba 04 00 00 02   .....e..........
    2064  00 00 00 04 00 00 00 f7 11 ff e1 d5 2b 80 6a 00   ............+.j.
    2080  00 00 00 00 92 c9 0b 00 00 00 00 9b e6 65 01 00   .............e..
    2096  00 00 00 bf 04 00 00 01 00 00 00 08 00 00 00 b7   ................
    2112  d9 9a 62 00 00 00 00 00 00 00 00 00 30 bc c0 00   ..b.........0...
    2128  00 00 00 c1 e6 65 01 00 00 00 00 c4 04 00 00 01   .....e..........
    2144  00 00 00 00 00 00 00 64 59 50 7c 00 00 00 00 00   .......dYP|.....
    2160  00 00 00 00 f6 dd 54 00 00 00 00 9c e6 65 01 00   ......T......e..
    2176  00 00 00 e8 04 00 00 02 00 00 00 05 00 00 00 30   ...............0
    2192  d0 f1 c0 82 0e 83 6a 00 00 00 00 00 5b 35 9e 00   ......j.....[5..
    2208  00 00 00 c2 e6 65 01 00 00 00 00 f7 04 00 00 01   .....e..........
    2224  00 00 00 00 00 00 00 f7 11 ff 89 00 00 00 00 00   ................
    2240  00 00 00 00 92 c9 0b 00 00 00 00 c3 e6 65 01 00   .............e..
    2256  00 00 00 fc 04 00 00 01 00 00 00 00 00 00 00 b7   ................
    2272  d9 9a 3a 00 00 00 00 00 00 00 00 00 30 bc c0 00   ..:.........0...
    2288  00 00 00 c4 e6 65 01 00 00 00 00 06 05 00 00 01   .....e..........
    2304  00 00 00 00 00 00 00 64 59 50 81 00 00 00 00 00   .......dYP......
    2320  00 00 00 00 f6 dd 54 00 00 00 00 c5 e6 65 01 00   ......T......e..
    2336  00 00 00 07 05 00 00 01 00 00 00 00 00 00 00 30   ...............0
    2352  d0 f1 3f 00 00 00 00 00 00 00 00 00 5b 35 9e 00   ..?.........[5..
    2368  00 00 00 c6 e6 65 01 00 00 00 00 08 05 00 00 01   .....e..........
    2384  00 00 00 00 00 00 00 f7 11 ff 37 00 00 00 00 00   ..........7.....
    2400  00 00 00 00 92 c9 0b 00 00 00 00 c7 e6 65 01 00   .............e..
    2416  00 00 00 09 05 00 00 01 00 00 00 00 00 00 00 b7   ................
    2432  d9 9a bb 00 00 00 00 00 00 00 00 00 30 bc c0 00   ............0...
    2448  00 00 00 c8 e6 65 01 00 00 00 00 0a 05 00 00 01   .....e..........
    2464  00 00 00 00 00 00 00 64 59 50 00 00 00 00 00 00   .......dYP......
    2480  00 00 00 00 f6 dd 54 00 00 00 00 c9 e6 65 01 00   ......T......e..
    2496  00 00 00 0b 05 00 00 01 00 00 00 00 00 00 00 30   ...............0
    2512  d0 f1 bf 00 00 00 00 00 00 00 00 00 5b 35 9e 00   ............[5..
    2528  00 00 00 ca e6 65 01 00 00 00 00 0c 05 00 00 01   .....e..........
    2544  00 00 00 00 00 00 00 f7 11 ff b7 00 00 00 00 00   ................
    2560  00 00 00 00 92 c9 0b 00 00 00 00 cb e6 65 01 00   .............e..
    2576  00 00 00 0d 05 00 00 01 00 00 00 00 00 00 00 b7   ................
    2592  d9 9a 3b 00 00 00 00 00 00 00 00 00 30 bc c0 00   ..;.........0...
    2608  00 00 00 cc e6 65 01 00 00 00 00 0e 05 00 00 01   .....e..........
    2624  00 00 00 00 00 00 00 64 59 50 23 00 00 00 00 00   .......dYP#.....
    2640  00 00 00 00 f6 dd 54 00 00 00 00 9d e6 65 01 00   ......T......e..
    2656  00 00 00 12 05 00 00 03 00 00 00 88 13 00 00 30   ...............0
    2672  d0 f1 dc c6 68 7f 6a 00 00 00 00 00 5b 35 9e 00   ....h.j.....[5..
    2688  00 00 00 9e e6 65 01 00 00 00 00 13 05 00 00 01   .....e..........
    2704  00 00 00 98 1c 00 00 f7 11 ff 53 00 00 00 00 00   ..........S.....
    2720  00 00 00 00 92 c9 0b 00 00 00 00 9f e6 65 01 00   .............e..
    2736  00 00 00 17 05 00 00 01 00 00 00 20 4e 00 00 b7   ........... N...
    2752  d9 9a 1f 00 00 00 00 00 00 00 00 00 30 bc c0 00   ............0...
    2768  00 00 00 a0 e6 65 01 00 00 00 00 2a 05 00 00 02   .....e.....*....
    2784  00 00 00 2c 01 00 00 64 59 50 e7 c2 10 83 6a 00   ...,...dYP....j.
    2800  00 00 00 00 f6 dd 54 00 00 00 00 cd e6 65 01 00   ......T......e..
    2816  00 00 00 2f 05 00 00 01 00 00 00 00 00 00 00 30   .../...........0
    2832  d0 f1 91 00 00 00 00 00 00 00 00 00 5b 35 9e 00   ............[5..
    2848  00 00 00 a1 e6 65 01 00 00 00 00 34 05 00 00 02   .....e.....4....
    2864  00 00 00 3c 00 00 00 f7 11 ff 46 9f 2c 80 6a 00   ...<......F.,.j.
    2880  00 00 00 00 92 c9 0b 00 00 00 00 ce e6 65 01 00   .............e..
    2896  00 00 00 7d 05 00 00 01 00 00 00 00 00 00 00 b7   ...}............
    2912  d9 9a 0a 00 00 00 00 00 00 00 00 00 30 bc c0 00   ............0...
    2928  00 00 00 cf e6 65 01 00 00 00 00 82 05 00 00 01   .....e..........
    2944  00 00 00 00 00 00 00 64 59 50 f0 00 00 00 00 00   .......dYP......
    2960  00 00 00 00 f6 dd 54 00 00 00 00 d0 e6 65 01 00   ......T......e..
    2976  00 00 00 87 05 00 00 01 00 00 00 00 00 00 00 30   ...............0
    2992  d0 f1 0c 00 00 00 00 00 00 00 00 00 5b 35 9e 00   ............[5..
    3008  00 00 00 d1 e6 65 01 00 00 00 00 8c 05 00 00 01   .....e..........
    3024  00 00 00 00 00 00 00 f7 11 ff 05 00 00 00 00 00   ................
    3040  00 00 00 00 92 c9 0b 00 00 00 00 d2 e6 65 01 00   .............e..
    3056  00 00 00 91 05 00 00 01 00 00 00 00 00 00 00 b7   ................
    3072  d9 9a cf 00 00 00 00 00 00 00 00 00 30 bc c0 00   ............0...
    3088  00 00 00 a2 e6 65 01 00 00 00 00 b8 13 00 00 01   .....e..........
    3104  00 00 00 00 00 00 00 64 59 50 18 00 00 00 00 00   .......dYP......
    3120  00 00 00 00 f6 dd 54 01 00 00 00 a3 e6 65 01 00   ......T......e..
    3136  00 00 00 be 13 00 00 01 00 00 00 00 00 00 00 30   ...............0
    3152  d0 f1 13 00 00 00 00 00 00 00 00 00 5b 35 9e 01   ............[5..
    3168  00 00 00 a4 e6 65 01 00 00 00 00 ee 13 00 00 02   .....e..........
    3184  00 00 00 b0 04 00 00 f7 11 ff 58 b9 0e 83 6a 00   ..........X...j.
    3200  00 00 00 00 92 c9 0b 01 00 00 00 a5 e6 65 01 00   .............e..
    3216  00 00 00 57 14 00 00 01 00 00 00 00 00 00 00 26   ...W...........&
    3232  d9 9a f0 00 00 00 00 00 00 00 00 00 00 00 00 01   ................
    3248  00 00 00 a6 e6 65 01 00 00 00 00 72 14 00 00 01   .....e.....r....
    3264  00 00 00 01 00 00 00 9a 7b af b0 00 00 00 00 00   ........{.......
    3280  00 00 00 00 f6 dd 8b 01 00 00 00 f9 8c 00 00 f9   ................
    3296  8c 00 00 52 00 00 00 00 00 00 00                  ...R.......

#### 3201 0x0c81  MC_MATCH_STATE_STEAM   n=155  dir=C2S  bodylen=17
  example (C2S, serial=196, 12B params):
       0  e6 65 01 00 00 00 00 07 00 00 00 01               .e..........

#### 3202 0x0c82  **UNKNOWN**   n=155  dir=S2C  bodylen=24
  example (S2C, serial=196, 19B params):
       0  e6 65 01 00 00 00 00 00 00 00 00 00 00 00 00 00   .e..............
      16  00 00 00                                          ...

#### 3203 0x0c83  **UNKNOWN**   n=2  dir=C2S  bodylen=24
  example (C2S, serial=16, 19B params):
       0  00 00 00 08 00 00 00 01 00 00 00 8a e6 65 01 00   .............e..
      16  00 00 00                                          ...

#### 3204 0x0c84  **UNKNOWN**   n=2  dir=S2C  bodylen=16
  example (S2C, serial=138, 11B params):
       0  e6 65 01 00 00 00 00 00 00 00 00                  .e.........

#### 3206 0x0c86  **UNKNOWN**   n=13  dir=S2C  bodylen=16
  example (S2C, serial=105, 11B params):
       0  00 00 00 26 35 00 00 11 00 00 00                  ...&5......

#### 5004 0x138c  **UNKNOWN**   n=5  dir=S2C  bodylen=544
  example (S2C, serial=24, 539B params):
       0  02 00 00 58 00 00 00 06 00 00 00 0c 00 00 00 00   ...X............
      16  00 00 00 67 61 30 32 2e 6d 61 73 61 6e 67 73 6f   ...ga02.masangso
      32  66 74 2e 63 6f 6d 00 77 56 f3 2a 26 d1 b4 19 b9   ft.com.wV.*&....
      48  2d 3d 56 d3 5c 9e 5b be bb e2 72 56 27 0f 8b 51   -=V.\.[...rV'..Q
      64  7b 64 52 d5 c9 4d bb e6 b1 48 fc 12 5d d0 98 47   {dR..M...H..]..G
      80  96 dd cc ec 13 00 00 62 1e 00 00 06 00 00 00 a9   .......b........
      96  d1 f5 ea 0e 00 00 00 00 00 00 00 67 61 30 36 2e   ...........ga06.
     112  6d 61 73 61 6e 67 73 6f 66 74 2e 63 6f 6d 00 98   masangsoft.com..
     128  50 a9 19 1c 19 a2 41 b6 8f 82 c3 69 f3 5a 7f 31   P.....A....i.Z.1
     144  60 fc 1b 14 ec e9 fe da 72 6d 3a 6a c7 07 e1 8a   `.......rm:j....
     160  b7 0c 56 de 21 5e de 16 de 67 d4 ec 13 00 00 62   ..V.!^...g.....b
     176  1e 00 00 05 00 00 00 4f a1 96 01 0f 00 00 00 00   .......O........
     192  00 00 00 67 61 30 35 2e 6d 61 73 61 6e 67 73 6f   ...ga05.masangso
     208  66 74 2e 63 6f 6d 00 88 b6 e7 d3 2a c9 1a f1 c0   ft.com.....*....
     224  9c 0c 16 7a 64 05 c4 26 de 4e 79 4e 0a 0a 5d 16   ...zd..&.NyN..].
     240  1c 1d 98 6b 20 56 d0 5b 52 69 78 0e 98 5e 64 11   ...k V.[Rix..^d.
     256  f6 ca 96 ec 13 00 00 62 1e 00 00 02 00 00 00 85   .......b........
     272  c5 f8 a3 18 00 00 00 00 00 00 00 67 61 30 34 2e   ...........ga04.
     288  6d 61 73 61 6e 67 73 6f 66 74 2e 63 6f 6d 00 d2   masangsoft.com..
     304  f6 c6 b6 5f c7 37 82 80 b1 f4 3e 69 11 53 c5 56   ..._.7....>i.S.V
     320  7f eb db 9b b7 9b 1a f9 06 21 7e 32 3e 24 fa 62   .........!~2>$.b
     336  b1 7d 51 60 de ec 30 fd 63 2e bc ec 13 00 00 62   .}Q`..0.c......b
     352  1e 00 00 04 00 00 00 fe 65 d2 b8 85 26 1a 00 00   ........e...&...
     368  00 00 00 67 61 30 33 2e 6d 61 73 61 6e 67 73 6f   ...ga03.masangso
     384  66 74 2e 63 6f 6d 00 e7 17 6b fc 1b 91 c0 07 07   ft.com...k......
     400  f4 4e 94 49 13 39 cc 3c 59 09 69 82 d0 16 2c 48   .N.I.9.<Y.i...,H
     416  5b 59 7a 1e 49 9b 1d af df 09 04 10 00 ed 30 c3   [Yz.I.........0.
     432  a1 7c 3e ec 13 00 00 62 1e 00 00 03 00 00 00 61   .|>....b.......a
     448  2d 9c 87 0b 7f 1b 00 00 00 00 00 67 61 30 31 2e   -..........ga01.
     464  6d 61 73 61 6e 67 73 6f 66 74 2e 63 6f 6d 00 12   masangsoft.com..
     480  bc 54 f2 62 2a a4 5b 9a 37 49 03 5f 52 1c b2 0e   .T.b*.[.7I._R...
     496  49 7b 25 44 03 8d 32 f8 68 b2 f7 f3 ff c4 1c 45   I{%D..2.h......E
     512  d0 68 b7 8c d5 6c e0 38 f6 9a 33 ec 13 00 00 62   .h...l.8..3....b
     528  1e 00 00 01 00 00 00 f7 11 ff 16                  ...........

#### 5061 0x13c5  MC_AGENT_LOCATETO_CLIENT   n=2  dir=S2C  bodylen=43
  example (S2C, serial=11, 38B params):
       0  7f 1b 00 00 00 00 00 15 00 67 61 30 31 2e 6d 61   .........ga01.ma
      16  73 61 6e 67 73 6f 66 74 2e 63 6f 6d 00 01 ec 13   sangsoft.com....
      32  00 00 62 1e 00 00                                 ..b...

#### 6347 0x18cb  MC_MATCH_MISC_STEAM   n=13  dir=C2S  bodylen=12
  example (C2S, serial=23, 7B params):
       0  27 23 00 00 00 00 00                              '#.....

#### 9301 0x2455  **UNKNOWN**   n=140  dir=S2C  bodylen=44
  example (S2C, serial=32, 39B params):
       0  00 00 00 18 00 00 00 01 00 00 00 02 00 0b 00 e9   ................
      16  09 00 00 00 00 00 00 00 00 00 00 00 00 00 00 4d   ...............M
      32  4b 89 53 18 00 00 00                              K.S....

#### 21000 0x5208  MC_MATCH_REQUEST_CHAR_QUEST_ITEM_LIST   n=4  dir=C2S  bodylen=12
  example (C2S, serial=23, 7B params):
       0  27 23 00 00 00 00 00                              '#.....

#### 21001 0x5209  MC_MATCH_RESPONSE_CHAR_QUEST_ITEM_LIST   n=4  dir=S2C  bodylen=16
  example (S2C, serial=8, 11B params):
       0  00 00 00 08 00 00 00 00 00 00 00                  ...........

#### 22002 0x55f2  **UNKNOWN**   n=1  dir=S2C  bodylen=854
  example (S2C, serial=78, 849B params):
       0  03 00 00 03 00 00 00 35 01 00 00 43 ed 00 00 00   .......5...C....
      16  00 00 00 00 01 01 00 00 00 00 00 00 00 00 00 da   ................
      32  72 7f 6a d0 02 00 00 00 00 00 00 00 00 00 00 00   r.j.............
      48  00 00 00 00 00 00 00 00 00 00 00 02 00 47 4d 0f   .............GM.
      64  00 57 69 73 68 6c 69 73 74 20 52 65 77 61 72 64   .Wishlist Reward
      80  8c 00 54 68 61 6e 6b 73 20 66 6f 72 20 70 61 72   ..Thanks for par
      96  74 69 63 69 70 61 74 69 6e 67 20 69 6e 20 74 68   ticipating in th
     112  65 20 57 69 73 68 6c 69 73 74 20 65 76 65 6e 74   e Wishlist event
     128  21 0a 4c 65 74 27 73 20 52 4f 43 4b 21 21 0a 0a   !.Let's ROCK!!..
     144  e2 80 bb 20 47 65 6e 64 65 72 2d 73 70 65 63 69   ... Gender-speci
     160  66 69 63 20 69 74 65 6d 73 20 77 69 6c 6c 20 62   fic items will b
     176  65 20 70 72 6f 76 69 64 65 64 20 62 61 73 65 64   e provided based
     192  20 6f 6e 20 79 6f 75 72 20 63 68 61 72 61 63 74    on your charact
     208  65 72 e2 80 99 73 20 67 65 6e 64 65 72 2e 04 00   er...s gender...
     224  a4 bb 0d 00 01 00 00 00 ff ff ff ff ff ff ff ff   ................
     240  00 00 00 00 00 00 00 00 c0 91 21 00 01 00 00 00   ..........!.....
     256  ff ff ff ff ff ff ff ff d0 02 00 00 00 00 00 00   ................
     272  c3 91 21 00 01 00 00 00 ff ff ff ff ff ff ff ff   ..!.............
     288  d0 02 00 00 00 00 00 00 c4 91 21 00 01 00 00 00   ..........!.....
     304  ff ff ff ff ff ff ff ff d0 02 00 00 00 00 00 00   ................
     320  1d 01 00 00 44 ed 00 00 00 00 00 00 00 01 01 00   ....D...........
     336  00 00 00 00 00 00 00 00 da 72 7f 6a d0 02 00 00   .........r.j....
     352  00 00 00 00 00 00 00 00 00 00 00 00 00 00 00 00   ................
     368  00 00 00 00 02 00 47 4d 0f 00 57 69 73 68 6c 69   ......GM..Wishli
     384  73 74 20 52 65 77 61 72 64 8c 00 54 68 61 6e 6b   st Reward..Thank
     400  73 20 66 6f 72 20 70 61 72 74 69 63 69 70 61 74   s for participat
     416  69 6e 67 20 69 6e 20 74 68 65 20 57 69 73 68 6c   ing in the Wishl
     432  69 73 74 20 65 76 65 6e 74 21 0a 4c 65 74 27 73   ist event!.Let's
     448  20 52 4f 43 4b 21 21 0a 0a e2 80 bb 20 47 65 6e    ROCK!!..... Gen
     464  64 65 72 2d 73 70 65 63 69 66 69 63 20 69 74 65   der-specific ite
     480  6d 73 20 77 69 6c 6c 20 62 65 20 70 72 6f 76 69   ms will be provi
     496  64 65 64 20 62 61 73 65 64 20 6f 6e 20 79 6f 75   ded based on you
     512  72 20 63 68 61 72 61 63 74 65 72 e2 80 99 73 20   r character...s 
     528  67 65 6e 64 65 72 2e 03 00 03 bd 1f 00 01 00 00   gender..........
     544  00 ff ff ff ff ff ff ff ff d0 02 00 00 00 00 00   ................
     560  00 96 ab 1e 00 01 00 00 00 ff ff ff ff ff ff ff   ................
     576  ff 00 00 00 00 00 00 00 00 21 d6 13 00 01 00 00   .........!......
     592  00 ff ff ff ff ff ff ff ff 00 00 00 00 00 00 00   ................
     608  00 ec 00 00 00 45 ed 00 00 00 00 00 00 00 01 01   .....E..........
     624  00 00 00 00 00 00 00 00 00 da 72 7f 6a d0 02 00   ..........r.j...
     640  00 00 00 00 00 00 00 00 00 00 00 00 00 00 00 00   ................
     656  00 00 00 00 00 02 00 47 4d 17 00 54 68 61 6e 6b   .......GM..Thank
     672  73 20 66 6f 72 20 4a 6f 69 6e 69 6e 67 20 47 75   s for Joining Gu
     688  6e 5a 83 00 54 68 61 6e 6b 20 79 6f 75 20 66 6f   nZ..Thank you fo
     704  72 20 62 65 69 6e 67 20 70 61 72 74 20 6f 66 20   r being part of 
     720  74 68 65 20 6e 65 77 20 62 65 67 69 6e 6e 69 6e   the new beginnin
     736  67 20 6f 66 20 47 75 6e 5a 3a 20 54 68 65 20 44   g of GunZ: The D
     752  75 65 6c 2e 0a 50 6c 65 61 73 65 20 65 6e 6a 6f   uel..Please enjo
     768  79 20 74 68 69 73 20 73 70 65 63 69 61 6c 20 70   y this special p
     784  72 6f 66 69 6c 65 20 69 6d 61 67 65 20 74 6f 20   rofile image to 
     800  63 6f 6d 6d 65 6d 6f 72 61 74 65 20 74 68 65 20   commemorate the 
     816  6d 6f 6d 65 6e 74 2e 01 00 21 14 5d 00 01 00 00   moment...!.]....
     832  00 ff ff ff ff ff ff ff ff 00 00 00 00 00 00 00   ................
     848  00                                                .

#### 22117 0x5665  **UNKNOWN**   n=1  dir=S2C  bodylen=8
  example (S2C, serial=2, 3B params):
       0  00 00 6a                                          ..j


====== FULL TIMELINE (wire order) ======
  S2C   361 0x0169 sn=176 len=8     MC_CLOCK_SYNCHRONIZE  `f39f12`
  S2C  1002 0x03ea sn=0   len=40    MC_MATCH_RESPONSE_LOGIN  `000000060047756e7a006e04090031343530373932000500`
  S2C  1848 0x0738 sn=233 len=20    ?  `0a0b009a99993e0000000000000000`
  S2C 22117 0x5665 sn=2   len=8     ?  `00006a`
  S2C  3200 0x0c80 sn=64  len=1112  ?  `040000280000001b00000065e66501000000004d04000001`
  S2C  9301 0x2455 sn=32  len=44    ?  `000000180000000100000002000b00e90900000000000000`
  S2C  1702 0x06a6 sn=100 len=108   MC_MATCH_RESPONSE_ACCOUNT_CHARLIST  `0000002e00000002000000f1680000577972656c61646500`
  S2C  5004 0x138c sn=24  len=544   ?  `02000058000000060000000c00000000000000676130322e`
  S2C  1720 0x06b8 sn=0   len=559   MC_MATCH_RESPONSE_ACCOUNT_CHARINFO  `260200001e02000001000000577972656c61646500000000`
  S2C 22002 0x55f2 sn=78  len=854   ?  `030000030000003501000043ed0000000000000001010000`
  S2C  1704 0x06a8 sn=0   len=608   MC_MATCH_RESPONSE_SELECT_CHAR  `000000260200001e02000001000000577972656c61646500`
  S2C  3200 0x0c80 sn=216 len=3312  ?  `0c0000280000005200000081e66501000000000200000001`
  S2C  3206 0x0c86 sn=105 len=16    ?  `0000002635000011000000`
  S2C  2307 0x0903 sn=0   len=24    ?  `00000000000000000000000000000000000000`
  S2C  2303 0x08ff sn=232 len=32    ?  `0300000000000000000000ffffffffffffffff000000000a`
  S2C  1822 0x071e sn=68  len=1127  MC_MATCH_RESPONSE_CHARACTER_ITEMLIST  `44000000000000b800000008000000160000009d3c4d0000`
  S2C  1724 0x06bc sn=20  len=28    ?  `0000000c00000001000000010000000400000000000000`
  S2C  1007 0x03ef sn=23  len=16    MC_MATCH_BRIDGEPEER_ACK  `2723000000000000000000`
  S2C  1202 0x04b2 sn=1   len=12    MC_MATCH_RESPONSE_RECOMMANDED_CHANNEL  `00000000000000`
  S2C  3202 0x0c82 sn=196 len=24    ?  `e6650100000000000000000000000000000000`
  S2C  3202 0x0c82 sn=197 len=24    ?  `e6650100000000000000000000000000000000`
  S2C  3202 0x0c82 sn=198 len=24    ?  `e6650100000000000000000000000000000000`
  S2C  3202 0x0c82 sn=199 len=24    ?  `e6650100000000000000000000000000000000`
  S2C  3202 0x0c82 sn=200 len=24    ?  `e6650100000000000000000000000000000000`
  S2C  3202 0x0c82 sn=201 len=24    ?  `e6650100000000000000000000000000000000`
  S2C  3202 0x0c82 sn=202 len=24    ?  `e6650100000000000000000000000000000000`
  S2C  3202 0x0c82 sn=203 len=24    ?  `e6650100000000000000000000000000000000`
  S2C  3202 0x0c82 sn=204 len=24    ?  `e6650100000000000000000000000000000000`
  S2C  1886 0x075e sn=0   len=8     ?  `000000`
  S2C  1207 0x04b7 sn=1   len=46    MC_MATCH_CHANNEL_RESPONSE_JOIN  `00000000000000000000001b005354523a4348414e4e454c`
  S2C   402 0x0192 sn=0   len=29    MC_MATCH_ANNOUNCE  `00000013005850205550203f3f3f203f3f3f3f3f3f2e00dd`
  S2C  1231 0x04cf sn=1   len=16    MC_MATCH_CHANNEL_RESPONSE_RULE  `0000000000000005000000`
  S2C  1222 0x04c6 sn=246 len=606   MC_MATCH_CHANNEL_RESPONSE_PLAYER_LIST  `00540200005400000007000000180e000000000000476172`
  S2C  1222 0x04c6 sn=246 len=606   MC_MATCH_CHANNEL_RESPONSE_PLAYER_LIST  `00540200005400000007000000180e000000000000476172`
  S2C  1718 0x06b6 sn=1   len=265   MC_MATCH_RESPONSE_CHARINFO_DETAIL  `010000f900000001000000577972656c6164650000000000`
  S2C  1314 0x0522 sn=1   len=5078  MC_MATCH_STAGE_LIST  `01cc13000016000000e6000000c4a0000000000000010001`
  S2C  1335 0x0537 sn=208 len=6616  ?  `1900004200000064000000010046696f726120526f6f6d00`
  S2C  1335 0x0537 sn=208 len=6616  ?  `190000420000006400000068004159595900776f6e004849`
  S2C  1335 0x0537 sn=196 len=1996  ?  `070000420000001e000000cc0043414e4f0074696e6f7321`
  S2C  1226 0x04ca sn=1   len=70    MC_MATCH_CHANNEL_CHAT  `000000000000000a0049616d4e6567616e00240800686168`
  S2C  9301 0x2455 sn=32  len=44    ?  `000000180000000100000002000b00e90900000000000000`
  S2C 21001 0x5209 sn=8   len=16    MC_MATCH_RESPONSE_CHAR_QUEST_ITEM_LIST  `0000000800000000000000`
  S2C  1222 0x04c6 sn=248 len=606   MC_MATCH_CHANNEL_RESPONSE_PLAYER_LIST  `00540200005400000007000000180e000000000000476172`
  S2C  1722 0x06ba sn=8   len=16    ?  `000000c400000000000000`
  S2C  1213 0x04bd sn=168 len=176   MC_MATCH_CHANNEL_LIST  `000000a00000000100000001000000000000000000f400a0`
  S2C  9301 0x2455 sn=32  len=44    ?  `000000180000000100000002000b00e90900000000000000`
  S2C  1303 0x0517 sn=23  len=36    MC_MATCH_STAGE_JOIN  `27230000000000d484000000000000660000000a00746f77`
  S2C  1101 0x044d sn=2   len=3033  MC_MATCH_OBJECT_CACHE  `d00b0000e80000000d0000000000000000000000eb2a1e00`
  S2C  1421 0x058d sn=212 len=20    MC_MATCH_STAGE_MASTER  `840000000000000d80200000000000`
  S2C  1423 0x058f sn=23  len=24    MC_MATCH_STAGE_TEAM  `27230000000000d48400000000000002000000`
  S2C  1422 0x058e sn=23  len=24    MC_MATCH_STAGE_PLAYER_STATE  `27230000000000d48400000000000000000000`
  S2C  1424 0x0590 sn=23  len=44    ?  `27230000000000d484000000000000140000000400000003`
  S2C  1007 0x03ef sn=23  len=16    MC_MATCH_BRIDGEPEER_ACK  `2723000000000000000000`
  S2C  1412 0x0584 sn=212 len=577   MC_MATCH_RESPONSE_STAGESETTING  `840000000000003001000028010000010000000000000000`
  S2C  1412 0x0584 sn=212 len=577   MC_MATCH_RESPONSE_STAGESETTING  `840000000000003001000028010000010000000000000000`
  S2C  1416 0x0588 sn=0   len=8     MC_MATCH_STAGE_RESPONSE_FORCED_ENTRY  `000000`
  S2C  3202 0x0c82 sn=104 len=24    ?  `e6650100000000000000000d00000000000000`
  S2C  1007 0x03ef sn=23  len=16    MC_MATCH_BRIDGEPEER_ACK  `2723000000000000000000`
  S2C  1462 0x05b6 sn=212 len=6206  MC_MATCH_RESPONSE_PEERLIST  `840000000000002e180000320200000b000000eb2a1e0000`
  S2C  1422 0x058e sn=23  len=24    MC_MATCH_STAGE_PLAYER_STATE  `27230000000000d48400000000000001000000`
  S2C  1402 0x057a sn=1   len=579   MC_MATCH_STAGE_ENTERBATTLE  `3a0200003202000001000000172723000000000055836a0c`
  S2C  1543 0x0607 sn=44  len=52    MC_MATCH_SPAWN_WORLDITEM  `0000000c000000030000005a00060001009bf00af909025b`
  S2C  1501 0x05dd sn=212 len=28    MC_MATCH_GAME_ROUNDSTATE  `84000000000000000000000200000000000000c4502c00`
  S2C  1522 0x05f2 sn=100 len=12    MC_MATCH_GAME_RESPONSE_TIMESYNC  `c6e100a015a012`
  S2C  1512 0x05e8 sn=213 len=28    MC_MATCH_GAME_DEAD  `0721000000000030006e00f6ad2200000000002c000000`
  S2C  1516 0x05ec sn=23  len=24    MC_MATCH_GAME_RESPONSE_SPAWN  `272300000000005105d70b0000018300000000`
  S2C  1512 0x05e8 sn=13  len=28    MC_MATCH_GAME_DEAD  `802000000000001f00e3004a9822000000000010000000`
  S2C  9301 0x2455 sn=32  len=44    ?  `000000180000000100000002000b00e90900000000000000`
  S2C  1101 0x044d sn=0   len=249   MC_MATCH_OBJECT_CACHE  `f0000000e8000000010000000200020065500000de1b2300`
  S2C  1422 0x058e sn=222 len=24    MC_MATCH_STAGE_PLAYER_STATE  `1b230000000000d48400000000000000000000`
  S2C  1424 0x0590 sn=222 len=44    ?  `1b230000000000d484000000000000140000000400000003`
  S2C  9301 0x2455 sn=32  len=44    ?  `000000180000000100000002000b00e90900000000000000`
  S2C  5061 0x13c5 sn=11  len=43    MC_AGENT_LOCATETO_CLIENT  `7f1b00000000001500676130312e6d6173616e67736f6674`
  S2C  1472 0x05c0 sn=0   len=12    MC_MATCH_RESPONSE_PEER_RELAY  `00000000000000`
  S2C  1445 0x05a5 sn=228 len=12    ?  `19230000000000`
  S2C  1422 0x058e sn=222 len=24    MC_MATCH_STAGE_PLAYER_STATE  `1b230000000000d48400000000000003000000`
  S2C  1512 0x05e8 sn=13  len=28    MC_MATCH_GAME_DEAD  `802000000000001f008200933622000000000000000000`
  S2C  9301 0x2455 sn=32  len=44    ?  `000000180000000100000002000b00e90900000000000000`
  S2C  1516 0x05ec sn=246 len=24    MC_MATCH_GAME_RESPONSE_SPAWN  `ad220000000000520ed10a39fd018300000000`
  S2C  1512 0x05e8 sn=213 len=28    MC_MATCH_GAME_DEAD  `072100000000003100e300f50a22000000000055000000`
  S2C  1512 0x05e8 sn=212 len=28    MC_MATCH_GAME_DEAD  `a22000000000006400a001d50721000000000031000000`
  S2C  1513 0x05e9 sn=212 len=16    MC_MATCH_GAME_LEVEL_UP  `a22000000000000c000000`
  S2C  1516 0x05ec sn=74  len=24    MC_MATCH_GAME_RESPONSE_SPAWN  `982200000000002b11590e39fd000001830000`
  S2C  9301 0x2455 sn=32  len=44    ?  `000000180000000100000002000b00e90900000000000000`
  S2C  1226 0x04ca sn=1   len=82    MC_MATCH_CHANNEL_CHAT  `000000000000000b0050696e6f7953746570007013004544`
  S2C  9301 0x2455 sn=32  len=44    ?  `000000180000000100000002000b00e90900000000000000`
  S2C  1516 0x05ec sn=147 len=24    MC_MATCH_GAME_RESPONSE_SPAWN  `362200000000007b0e2b011000000001830000`
  S2C  1512 0x05e8 sn=13  len=28    MC_MATCH_GAME_DEAD  `802000000000001f00a900eb2a1e000000000050000000`
  S2C  1516 0x05ec sn=245 len=24    MC_MATCH_GAME_RESPONSE_SPAWN  `0a220000000000c9f43d020000000001830000`
  S2C  1516 0x05ec sn=213 len=24    MC_MATCH_GAME_RESPONSE_SPAWN  `0721000000000094fecdf239fd018300000000`
  S2C  1422 0x058e sn=222 len=24    MC_MATCH_STAGE_PLAYER_STATE  `1b230000000000d48400000000000000000000`
  S2C  9301 0x2455 sn=32  len=44    ?  `000000180000000100000002000b00e90900000000000000`
  S2C  1512 0x05e8 sn=13  len=28    MC_MATCH_GAME_DEAD  `802000000000001f00200099152300000000003a000000`
  S2C  2202 0x089a sn=12  len=42    MC_MATCH_BROADCAST_DUEL_RENEW_VICTORIES  `0067686b7675643131313100000e0046726565204368616e`
  S2C  9301 0x2455 sn=32  len=44    ?  `000000180000000100000002000b00e90900000000000000`
  S2C  1542 0x0606 sn=245 len=16    MC_MATCH_OBTAIN_WORLDITEM  `0a2200000000005a000000`
  S2C  1422 0x058e sn=222 len=24    MC_MATCH_STAGE_PLAYER_STATE  `1b230000000000d48400000000000003000000`
  S2C  1512 0x05e8 sn=213 len=28    MC_MATCH_GAME_DEAD  `0721000000000032009301704c22000000000027000000`
  S2C  1516 0x05ec sn=235 len=24    MC_MATCH_GAME_RESPONSE_SPAWN  `2a1e0000000000abf98eebc1fdff7c00000000`
  S2C  9301 0x2455 sn=32  len=44    ?  `000000180000000100000002000b00e90900000000000000`
  S2C  1422 0x058e sn=222 len=24    MC_MATCH_STAGE_PLAYER_STATE  `1b230000000000d48400000000000002000000`
  S2C  1226 0x04ca sn=1   len=71    MC_MATCH_CHANNEL_CHAT  `000000000000000a00436875636b6b797900000900626f62`
  S2C  1422 0x058e sn=222 len=24    MC_MATCH_STAGE_PLAYER_STATE  `1b230000000000d48400000000000002000000`
  S2C  9301 0x2455 sn=32  len=44    ?  `000000180000000100000002000b00e90900000000000000`
  S2C  1516 0x05ec sn=153 len=24    MC_MATCH_GAME_RESPONSE_SPAWN  `15230000000000d5ffe50700000000ff7c0000`
  S2C  1516 0x05ec sn=112 len=24    MC_MATCH_GAME_RESPONSE_SPAWN  `4c2200000000002b127bf139fd018300000000`
  S2C  9301 0x2455 sn=32  len=44    ?  `000000180000000100000002000b00e90900000000000000`
  S2C  1226 0x04ca sn=1   len=65    MC_MATCH_CHANNEL_CHAT  `000000000000000700416c65786100000600686168610027`
  S2C  1512 0x05e8 sn=74  len=28    MC_MATCH_GAME_DEAD  `982200000000001200e300d4a220000000000000000000`
  S2C  1512 0x05e8 sn=74  len=28    MC_MATCH_GAME_DEAD  `9822000000000014006e00f6ad2200000000002c000000`
  S2C  1512 0x05e8 sn=235 len=28    MC_MATCH_GAME_DEAD  `2a1e00000000005500e3004a9822000000000014000000`
  S2C  9301 0x2455 sn=32  len=44    ?  `000000180000000100000002000b00e90900000000000000`
  S2C  1542 0x0606 sn=23  len=16    MC_MATCH_OBTAIN_WORLDITEM  `272300000000005c000000`
  S2C  9301 0x2455 sn=32  len=44    ?  `000000180000000100000002000b00e90900000000000000`
  S2C  1516 0x05ec sn=212 len=24    MC_MATCH_GAME_RESPONSE_SPAWN  `a22000000000003a0ad1ea39fd0000ff7c0000`
  S2C  1101 0x044d sn=0   len=249   MC_MATCH_OBJECT_CACHE  `f0000000e80000000100000001fb5800005a696d10cc2100`
  S2C  1422 0x058e sn=16  len=24    MC_MATCH_STAGE_PLAYER_STATE  `cc210000000000d48400000000000000000000`
  S2C  1424 0x0590 sn=16  len=44    ?  `cc210000000000d484000000000000140000000400000003`
  S2C  1516 0x05ec sn=246 len=24    MC_MATCH_GAME_RESPONSE_SPAWN  `ad2200000000007b0e2b011000000001830000`
  S2C  9301 0x2455 sn=32  len=44    ?  `000000180000000100000002000b00e90900000000000000`
  S2C  1516 0x05ec sn=74  len=24    MC_MATCH_GAME_RESPONSE_SPAWN  `98220000000000700940fa26fe018300000000`
  S2C  1441 0x05a1 sn=16  len=16    MC_MATCH_LOADING_COMPLETE  `cc21000000000064000000`
  S2C  1422 0x058e sn=16  len=24    MC_MATCH_STAGE_PLAYER_STATE  `cc210000000000d48400000000000001000000`
  S2C  1402 0x057a sn=1   len=579   MC_MATCH_STAGE_ENTERBATTLE  `3a020000320200000100000010cc2100000000007db514a2`
  S2C  1516 0x05ec sn=16  len=24    MC_MATCH_GAME_RESPONSE_SPAWN  `cc210000000000d5ffe50700000000ff7c0000`
  S2C  1512 0x05e8 sn=228 len=28    MC_MATCH_GAME_DEAD  `192300000000001a008200933622000000000000000000`
  S2C  9301 0x2455 sn=32  len=44    ?  `000000180000000100000002000b00e90900000000000000`
  S2C  1512 0x05e8 sn=23  len=28    MC_MATCH_GAME_DEAD  `2723000000000019004700e4192300000000001a000000`
  S2C  3202 0x0c82 sn=129 len=24    ?  `e6650100000000000000000400000000000000`
  S2C  3202 0x0c82 sn=137 len=24    ?  `e6650100000000000000000600000000000000`
  S2C  9301 0x2455 sn=32  len=44    ?  `000000180000000100000002000b00e90900000000000000`
  S2C  1512 0x05e8 sn=246 len=28    MC_MATCH_GAME_DEAD  `ad2200000000003600dd00d50721000000000032000000`
  S2C  2203 0x089b sn=12  len=30    MC_MATCH_BROADCAST_DUEL_INTERRUPT_VICTORIES  `0067686b76756431313131005a06004b68616e00950b0000`
  S2C  1512 0x05e8 sn=112 len=28    MC_MATCH_GAME_DEAD  `4c2200000000002800200099152300000000003a000000`
  S2C  1445 0x05a5 sn=16  len=12    ?  `cc210000000000`
  S2C  9301 0x2455 sn=32  len=44    ?  `000000180000000100000002000b00e90900000000000000`
  S2C  1512 0x05e8 sn=13  len=28    MC_MATCH_GAME_DEAD  `8020000000000020009301704c22000000000028000000`
  S2C  1516 0x05ec sn=147 len=24    MC_MATCH_GAME_RESPONSE_SPAWN  `36220000000000e0f52af339fd000001830000`
  S2C  1101 0x044d sn=0   len=249   MC_MATCH_OBJECT_CACHE  `f0000000e80000000100000000000000000000002b1a2300`
  S2C  1422 0x058e sn=43  len=24    MC_MATCH_STAGE_PLAYER_STATE  `1a230000000000d48400000000000000000000`
  S2C  1424 0x0590 sn=43  len=44    ?  `1a230000000000d484000000000000140000000400000003`
  S2C  1404 0x057c sn=228 len=13    ?  `1923000000000000`
  S2C  1422 0x058e sn=228 len=24    MC_MATCH_STAGE_PLAYER_STATE  `19230000000000d48400000000000000000000`
  S2C  1307 0x051b sn=228 len=12    MC_MATCH_STAGE_LEAVE  `19230000000000`
  S2C  1101 0x044d sn=1   len=249   MC_MATCH_OBJECT_CACHE  `f0000000e8000000010000000000000000000000e4192300`
  S2C  1226 0x04ca sn=1   len=84    MC_MATCH_CHANNEL_CHAT  `000000000000000e004f61744e65616c6966696564000012`
  S2C  9301 0x2455 sn=32  len=44    ?  `000000180000000100000002000b00e90900000000000000`
  S2C  1516 0x05ec sn=213 len=24    MC_MATCH_GAME_RESPONSE_SPAWN  `072100000000004b090f0c47fe000001830000`
  S2C  1542 0x0606 sn=13  len=16    MC_MATCH_OBTAIN_WORLDITEM  `802000000000005b000000`
  S2C  3202 0x0c82 sn=103 len=24    ?  `e6650100000000000000001806000000000000`
  S2C   322 0x0142 sn=20  len=8     MC_NET_PING  `e3a012`
  S2C  1516 0x05ec sn=153 len=24    MC_MATCH_GAME_RESPONSE_SPAWN  `152300000000007b0e2b011000000001830000`
  S2C  9301 0x2455 sn=32  len=44    ?  `000000180000000100000002000b00e90900000000000000`
  S2C  1512 0x05e8 sn=212 len=28    MC_MATCH_GAME_DEAD  `a22000000000000300e3004a9822000000000014000000`
  S2C  1516 0x05ec sn=112 len=24    MC_MATCH_GAME_RESPONSE_SPAWN  `4c22000000000094fecdf239fd018300000000`
  S2C  1512 0x05e8 sn=13  len=28    MC_MATCH_GAME_DEAD  `8020000000000020008200172723000000000019000000`
  S2C  1404 0x057c sn=153 len=13    ?  `1523000000000000`
  S2C  1422 0x058e sn=153 len=24    MC_MATCH_STAGE_PLAYER_STATE  `15230000000000d48400000000000000000000`
  S2C  1307 0x051b sn=153 len=12    MC_MATCH_STAGE_LEAVE  `15230000000000`
  S2C  1101 0x044d sn=1   len=249   MC_MATCH_OBJECT_CACHE  `f0000000e80000000100000002000100e778000099152300`
  S2C  9301 0x2455 sn=32  len=44    ?  `000000180000000100000002000b00e90900000000000000`
  S2C  1441 0x05a1 sn=43  len=16    MC_MATCH_LOADING_COMPLETE  `1a23000000000064000000`
  S2C  1422 0x058e sn=43  len=24    MC_MATCH_STAGE_PLAYER_STATE  `1a230000000000d48400000000000001000000`
  S2C  1402 0x057a sn=1   len=579   MC_MATCH_STAGE_ENTERBATTLE  `3a02000032020000010000002b1a23000000000025fb67b9`
  S2C  1516 0x05ec sn=43  len=24    MC_MATCH_GAME_RESPONSE_SPAWN  `1a2300000000006ff245fb00000000ff7c0000`
  S2C  9301 0x2455 sn=32  len=44    ?  `000000180000000100000002000b00e90900000000000000`
  S2C  1512 0x05e8 sn=112 len=28    MC_MATCH_GAME_DEAD  `4c22000000000028008200933622000000000000000000`
  S2C  1226 0x04ca sn=1   len=77    MC_MATCH_CHANNEL_CHAT  `00000000000000090044616c697361790081100073616c69`
  S2C  3202 0x0c82 sn=146 len=24    ?  `e665010000000000000000d903000000000000`
  S2C  1516 0x05ec sn=74  len=24    MC_MATCH_GAME_RESPONSE_SPAWN  `9822000000000094fecdf239fd018300000000`
  S2C  9301 0x2455 sn=32  len=44    ?  `000000180000000100000002000b00e90900000000000000`
  S2C  1512 0x05e8 sn=112 len=28    MC_MATCH_GAME_DEAD  `4c2200000000002a0042020d8020000000000020000000`
  S2C  1512 0x05e8 sn=246 len=28    MC_MATCH_GAME_DEAD  `ad2200000000004100dd00d4a220000000000003000000`
  S2C  1516 0x05ec sn=23  len=24    MC_MATCH_GAME_RESPONSE_SPAWN  `27230000000000360edfea39fd0000ff7c0000`
  S2C  1226 0x04ca sn=1   len=67    MC_MATCH_CHANNEL_CHAT  `000000000000000700416c65786100000800484148414841`
  S2C  1543 0x0607 sn=20  len=28    MC_MATCH_SPAWN_WORLDITEM  `0000000c000000010000005d00060001009bf00af90902`
  S2C  9301 0x2455 sn=32  len=44    ?  `000000180000000100000002000b00e90900000000000000`
  S2C  1445 0x05a5 sn=43  len=12    ?  `1a230000000000`
  S2C  1516 0x05ec sn=147 len=24    MC_MATCH_GAME_RESPONSE_SPAWN  `362200000000002b11590e39fd000001830000`
  S2C  1512 0x05e8 sn=245 len=28    MC_MATCH_GAME_DEAD  `0a2200000000005700a900eb2a1e000000000055000000`
  S2C  1307 0x051b sn=222 len=12    MC_MATCH_STAGE_LEAVE  `1b230000000000`
  S2C  1101 0x044d sn=1   len=249   MC_MATCH_OBJECT_CACHE  `f0000000e80000000100000000ad1c00004b6574de1b2300`
  S2C  9301 0x2455 sn=32  len=44    ?  `000000180000000100000002000b00e90900000000000000`
  S2C  1516 0x05ec sn=13  len=24    MC_MATCH_GAME_RESPONSE_SPAWN  `802000000000005105d70b0000018300000000`
  S2C  1516 0x05ec sn=212 len=24    MC_MATCH_GAME_RESPONSE_SPAWN  `a2200000000000520ed10a39fd018300000000`
  S2C  1226 0x04ca sn=1   len=69    MC_MATCH_CHANNEL_CHAT  `0000000000000006005055424700ee0b00eca285ec9ab1ec`
  S2C  9301 0x2455 sn=32  len=44    ?  `000000180000000100000002000b00e90900000000000000`
  S2C  1101 0x044d sn=0   len=249   MC_MATCH_OBJECT_CACHE  `f0000000e8000000010000009b2201000000000073ba2200`
  S2C  1422 0x058e sn=115 len=24    MC_MATCH_STAGE_PLAYER_STATE  `ba220000000000d48400000000000000000000`
  S2C  1424 0x0590 sn=115 len=44    ?  `ba220000000000d484000000000000140000000400000003`
  S2C  1512 0x05e8 sn=74  len=28    MC_MATCH_GAME_DEAD  `982200000000001600e300f50a22000000000057000000`
  S2C  1516 0x05ec sn=235 len=24    MC_MATCH_GAME_RESPONSE_SPAWN  `2a1e00000000007b0e2b011000000001830000`
  S2C  9301 0x2455 sn=32  len=44    ?  `000000180000000100000002000b00e90900000000000000`
  S2C  1512 0x05e8 sn=147 len=28    MC_MATCH_GAME_DEAD  `362200000000000600bc0010cc21000000000016000000`
  S2C  1512 0x05e8 sn=74  len=28    MC_MATCH_GAME_DEAD  `9822000000000018006e00f6ad22000000000041000000`
  S2C  1512 0x05e8 sn=212 len=28    MC_MATCH_GAME_DEAD  `a22000000000000800a601d50721000000000032000000`
  S2C  1441 0x05a1 sn=115 len=16    MC_MATCH_LOADING_COMPLETE  `ba22000000000064000000`
  S2C  1422 0x058e sn=115 len=24    MC_MATCH_STAGE_PLAYER_STATE  `ba220000000000d48400000000000001000000`
  S2C  1402 0x057a sn=1   len=579   MC_MATCH_STAGE_ENTERBATTLE  `3a020000320200000100000073ba22000000000071d3d569`
  S2C  1516 0x05ec sn=115 len=24    MC_MATCH_GAME_RESPONSE_SPAWN  `ba220000000000eb0634ff00000000ff7c0000`
  S2C  9301 0x2455 sn=32  len=44    ?  `000000180000000100000002000b00e90900000000000000`
  S2C  1543 0x0607 sn=20  len=28    MC_MATCH_SPAWN_WORLDITEM  `0000000c000000010000005e0003000100910cd10a39fd`
  S2C  9301 0x2455 sn=32  len=44    ?  `000000180000000100000002000b00e90900000000000000`
  S2C  1543 0x0607 sn=20  len=28    MC_MATCH_SPAWN_WORLDITEM  `0000000c000000010000005f00020001002bfc44f689fe`
  S2C  1516 0x05ec sn=246 len=24    MC_MATCH_GAME_RESPONSE_SPAWN  `ad2200000000000efa34ff00000000ff7c0000`
  S2C  1404 0x057c sn=16  len=13    ?  `cc21000000000000`
  S2C  1422 0x058e sn=16  len=24    MC_MATCH_STAGE_PLAYER_STATE  `cc210000000000d48400000000000000000000`
  S2C  1307 0x051b sn=16  len=12    MC_MATCH_STAGE_LEAVE  `cc210000000000`
  S2C  1101 0x044d sn=1   len=249   MC_MATCH_OBJECT_CACHE  `f0000000e80000000100000000ad1c00004b657410cc2100`
  S2C  1516 0x05ec sn=213 len=24    MC_MATCH_GAME_RESPONSE_SPAWN  `07210000000000abf98eebc1fdff7c00000000`
  S2C  9301 0x2455 sn=32  len=44    ?  `000000180000000100000002000b00e90900000000000000`
  S2C  1404 0x057c sn=245 len=13    ?  `0a22000000000000`
  S2C  1422 0x058e sn=245 len=24    MC_MATCH_STAGE_PLAYER_STATE  `0a220000000000d48400000000000000000000`
  S2C  1307 0x051b sn=245 len=12    MC_MATCH_STAGE_LEAVE  `0a220000000000`
  S2C  1101 0x044d sn=1   len=249   MC_MATCH_OBJECT_CACHE  `f0000000e80000000100000000ad1c00004b6574f50a2200`
  S2C  1512 0x05e8 sn=212 len=28    MC_MATCH_GAME_DEAD  `a22000000000000a00e3004a9822000000000018000000`
  S2C  9301 0x2455 sn=32  len=44    ?  `000000180000000100000002000b00e90900000000000000`
  S2C  1512 0x05e8 sn=13  len=28    MC_MATCH_GAME_DEAD  `8020000000000020008200933622000000000006000000`
  S2C  9301 0x2455 sn=32  len=44    ?  `000000180000000100000002000b00e90900000000000000`
  S2C  1101 0x044d sn=0   len=249   MC_MATCH_OBJECT_CACHE  `f0000000e80000000100000000ad1c00004b6574e0952200`
  S2C  1422 0x058e sn=224 len=24    MC_MATCH_STAGE_PLAYER_STATE  `95220000000000d48400000000000000000000`
  S2C  1424 0x0590 sn=224 len=44    ?  `95220000000000d484000000000000140000000400000003`
  S2C  1512 0x05e8 sn=212 len=28    MC_MATCH_GAME_DEAD  `a22000000000000c00a900eb2a1e000000000055000000`
  S2C  9301 0x2455 sn=32  len=44    ?  `000000180000000100000002000b00e90900000000000000`
  S2C  1512 0x05e8 sn=13  len=28    MC_MATCH_GAME_DEAD  `8020000000000021009301704c2200000000002a000000`
  S2C  1516 0x05ec sn=74  len=24    MC_MATCH_GAME_RESPONSE_SPAWN  `98220000000000abf98eebc1fdff7c00000000`
  S2C  1441 0x05a1 sn=224 len=16    MC_MATCH_LOADING_COMPLETE  `9522000000000064000000`
  S2C  1422 0x058e sn=224 len=24    MC_MATCH_STAGE_PLAYER_STATE  `95220000000000d48400000000000001000000`
  S2C  1402 0x057a sn=1   len=579   MC_MATCH_STAGE_ENTERBATTLE  `3a0200003202000001000000e09522000000000001e1e6e4`
  S2C  1516 0x05ec sn=224 len=24    MC_MATCH_GAME_RESPONSE_SPAWN  `952200000000006af1abf6faff000001830000`
  S2C  9301 0x2455 sn=32  len=44    ?  `000000180000000100000002000b00e90900000000000000`
  S2C  1512 0x05e8 sn=213 len=28    MC_MATCH_GAME_DEAD  `0721000000000032008200172723000000000019000000`
  S2C  1516 0x05ec sn=147 len=24    MC_MATCH_GAME_RESPONSE_SPAWN  `36220000000000700940fa26fe018300000000`
  S2C  9301 0x2455 sn=32  len=44    ?  `000000180000000100000002000b00e90900000000000000`
  S2C  1516 0x05ec sn=235 len=24    MC_MATCH_GAME_RESPONSE_SPAWN  `2a1e0000000000520ed10a39fd018300000000`
  S2C  1542 0x0606 sn=235 len=16    MC_MATCH_OBTAIN_WORLDITEM  `2a1e00000000005e000000`
  S2C  1516 0x05ec sn=112 len=24    MC_MATCH_GAME_RESPONSE_SPAWN  `4c220000000000890031010000000001830000`
  S2C  1512 0x05e8 sn=13  len=28    MC_MATCH_GAME_DEAD  `802000000000002100e300d4a22000000000000c000000`
  S2C  1445 0x05a5 sn=224 len=12    ?  `95220000000000`
  S2C  9301 0x2455 sn=32  len=44    ?  `000000180000000100000002000b00e90900000000000000`
  S2C  1512 0x05e8 sn=246 len=28    MC_MATCH_GAME_DEAD  `ad22000000000041000d002b1a23000000000000000000`
  S2C  9301 0x2455 sn=32  len=44    ?  `000000180000000100000002000b00e90900000000000000`
  S2C  1101 0x044d sn=2   len=3033  MC_MATCH_OBJECT_CACHE  `d00b0000e80000000d000000c1715770b4060000eb2a1e00`
  S2C  1404 0x057c sn=23  len=13    ?  `2723000000000000`
  S2C  1422 0x058e sn=23  len=24    MC_MATCH_STAGE_PLAYER_STATE  `27230000000000d48400000000000000000000`
  S2C  3202 0x0c82 sn=146 len=24    ?  `e6650100000000000000000704000000000000`
  S2C  1822 0x071e sn=121 len=1127  MC_MATCH_RESPONSE_CHARACTER_ITEMLIST  `44000000000000b800000008000000160000009d3c4d0000`
  S2C  1804 0x070c sn=53  len=61    MC_MATCH_RESPONSE_MY_SIMPLE_CHARINFO  `0000002d00000001000000073c1800007944000000000000`
  S2C  1412 0x0584 sn=212 len=577   MC_MATCH_RESPONSE_STAGESETTING  `840000000000003001000028010000010000000000000000`
  S2C  1822 0x071e sn=121 len=1127  MC_MATCH_RESPONSE_CHARACTER_ITEMLIST  `44000000000000b800000008000000160000009d3c4d0000`
  S2C  1886 0x075e sn=0   len=8     ?  `000000`
  S2C  3202 0x0c82 sn=110 len=24    ?  `e6650100000000000000006305000000000000`
  S2C  1886 0x075e sn=0   len=8     ?  `000000`
  S2C  9301 0x2455 sn=32  len=44    ?  `000000180000000100000002000b00e90900000000000000`
  S2C  1307 0x051b sn=23  len=12    MC_MATCH_STAGE_LEAVE  `27230000000000`
  S2C  1101 0x044d sn=1   len=2801  MC_MATCH_OBJECT_CACHE  `e80a0000e80000000c000000c900313233007364eb2a1e00`
  S2C  1222 0x04c6 sn=248 len=606   MC_MATCH_CHANNEL_RESPONSE_PLAYER_LIST  `00540200005400000007000000180e000000000000476172`
  S2C  1314 0x0522 sn=1   len=5254  MC_MATCH_STAGE_LIST  `017c14000016000000ee0000008ca1000000000000020003`
  S2C  1335 0x0537 sn=208 len=6616  ?  `19000042000000640000000200626f727261616161206361`
  S2C  1335 0x0537 sn=208 len=6616  ?  `19000042000000640000006600746f776e74776f6e006161`
  S2C  1335 0x0537 sn=212 len=2524  ?  `0900004200000026000000cc0043414e4f0074696e6f7321`
  S2C  1222 0x04c6 sn=248 len=606   MC_MATCH_CHANNEL_RESPONSE_PLAYER_LIST  `00540200005400000007000000180e000000000000476172`
  S2C  1722 0x06ba sn=8   len=16    ?  `000000c400000000000000`
  S2C  2202 0x089a sn=9   len=39    MC_MATCH_BROADCAST_DUEL_RENEW_VICTORIES  `004c616e64736c6500b00e0046726565204368616e6e656c`
  S2C  1213 0x04bd sn=168 len=176   MC_MATCH_CHANNEL_LIST  `000000a00000000100000001000000000000000000f600a0`
  S2C  9301 0x2455 sn=32  len=44    ?  `000000180000000100000002000b00e90900000000000000`
  S2C  3202 0x0c82 sn=103 len=24    ?  `e6650100000000000000005406000000000000`
  S2C  1213 0x04bd sn=168 len=176   MC_MATCH_CHANNEL_LIST  `000000a00000000100000001000000000000000000f300a0`
  S2C  9301 0x2455 sn=32  len=44    ?  `000000180000000100000002000b00e90900000000000000`
  S2C  1213 0x04bd sn=168 len=176   MC_MATCH_CHANNEL_LIST  `000000a00000000100000001000000000000000000f100a0`
  S2C  1213 0x04bd sn=168 len=176   MC_MATCH_CHANNEL_LIST  `000000a00000000100000001000000000000000000ef00a0`
  S2C  9301 0x2455 sn=32  len=44    ?  `000000180000000100000002000b00e90900000000000000`
  S2C  1213 0x04bd sn=168 len=176   MC_MATCH_CHANNEL_LIST  `000000a00000000100000001000000000000000000f200a0`
  S2C  1226 0x04ca sn=1   len=80    MC_MATCH_CHANNEL_CHAT  `000000000000000a004f6d6d616461776e000012006d6920`
  S2C  9301 0x2455 sn=32  len=44    ?  `000000180000000100000002000b00e90900000000000000`
  S2C  1303 0x0517 sn=23  len=37    MC_MATCH_STAGE_JOIN  `2723000000000012a2000000000000a30000000b00617364`
  S2C  1101 0x044d sn=2   len=249   MC_MATCH_OBJECT_CACHE  `f0000000e800000001000000020003004b12000017272300`
  S2C  1421 0x058d sn=18  len=20    MC_MATCH_STAGE_MASTER  `a20000000000001727230000000000`
  S2C  1423 0x058f sn=23  len=24    MC_MATCH_STAGE_TEAM  `2723000000000012a200000000000003000000`
  S2C  1422 0x058e sn=23  len=24    MC_MATCH_STAGE_PLAYER_STATE  `2723000000000012a200000000000000000000`
  S2C  1424 0x0590 sn=23  len=44    ?  `2723000000000012a2000000000000140000000400000003`
  S2C  1412 0x0584 sn=18  len=386   MC_MATCH_RESPONSE_STAGESETTING  `a20000000000003001000028010000010000000000000000`
  S2C  1007 0x03ef sn=23  len=16    MC_MATCH_BRIDGEPEER_ACK  `2723000000000000000000`
  S2C  1412 0x0584 sn=18  len=386   MC_MATCH_RESPONSE_STAGESETTING  `a20000000000003001000028010000010000000000000000`
  S2C  1412 0x0584 sn=18  len=386   MC_MATCH_RESPONSE_STAGESETTING  `a20000000000003001000028010000010000000000000000`
  S2C  1431 0x0597 sn=3   len=8     MC_MATCH_STAGE_START  `000000`
  S2C  1432 0x0598 sn=18  len=23    MC_MATCH_STAGE_LAUNCH  `a200000000000009004d616e73696f6e00b5`
  S2C  1007 0x03ef sn=23  len=16    MC_MATCH_BRIDGEPEER_ACK  `2723000000000000000000`
  S2C  1441 0x05a1 sn=23  len=16    MC_MATCH_LOADING_COMPLETE  `2723000000000064000000`
  S2C  1422 0x058e sn=23  len=24    MC_MATCH_STAGE_PLAYER_STATE  `2723000000000012a200000000000001000000`
  S2C  1402 0x057a sn=0   len=579   MC_MATCH_STAGE_ENTERBATTLE  `3a0200003202000001000000172723000000000055836a0c`
  S2C  1522 0x05f2 sn=39  len=12    MC_MATCH_GAME_RESPONSE_TIMESYNC  `a5e30046f4a112`
  S2C  1501 0x05dd sn=18  len=28    MC_MATCH_GAME_ROUNDSTATE  `a200000000000000000000010000000000000000000000`
  S2C  1516 0x05ec sn=23  len=24    MC_MATCH_GAME_RESPONSE_SPAWN  `27230000000000c4f233f45a02ff7c00000000`
  S2C  9301 0x2455 sn=32  len=44    ?  `000000180000000100000002000b00e90900000000000000`
  S2C  1501 0x05dd sn=18  len=28    MC_MATCH_GAME_ROUNDSTATE  `a200000000000000000000020000000000000000000000`
  S2C  9301 0x2455 sn=32  len=44    ?  `000000180000000100000002000b00e90900000000000000`
  S2C  9301 0x2455 sn=32  len=44    ?  `000000180000000100000002000b00e90900000000000000`
  S2C  1226 0x04ca sn=1   len=87    MC_MATCH_CHANNEL_CHAT  `000000000000000c00446973634a6f636b65790000170070`
  S2C  9301 0x2455 sn=32  len=44    ?  `000000180000000100000002000b00e90900000000000000`
  S2C  1101 0x044d sn=2   len=249   MC_MATCH_OBJECT_CACHE  `f0000000e800000001000000020002006550000017272300`
  S2C  1404 0x057c sn=23  len=13    ?  `2723000000000000`
  S2C  1422 0x058e sn=23  len=24    MC_MATCH_STAGE_PLAYER_STATE  `2723000000000012a200000000000000000000`
  S2C  1307 0x051b sn=23  len=12    MC_MATCH_STAGE_LEAVE  `27230000000000`
  S2C  1101 0x044d sn=1   len=17    MC_MATCH_OBJECT_CACHE  `08000000e800000000000000`
  S2C  1822 0x071e sn=121 len=1127  MC_MATCH_RESPONSE_CHARACTER_ITEMLIST  `44000000000000b800000008000000160000009d3c4d0000`
  S2C  9301 0x2455 sn=32  len=44    ?  `000000180000000100000002000b00e90900000000000000`
  S2C  3202 0x0c82 sn=146 len=24    ?  `e6650100000000fc2a00000704000000000000`
  S2C  1804 0x070c sn=53  len=61    MC_MATCH_RESPONSE_MY_SIMPLE_CHARINFO  `0000002d00000001000000073c1800007944000000000000`
  S2C  1314 0x0522 sn=1   len=5166  MC_MATCH_STAGE_LIST  `012414000016000000ea00000010a2000000000000010003`
  S2C  1335 0x0537 sn=208 len=6616  ?  `190000420000006400000001006a6170616e00000000004a`
  S2C  1335 0x0537 sn=208 len=6616  ?  `19000042000000640000006500426f726161616161616161`
  S2C  1335 0x0537 sn=204 len=2260  ?  `0800004200000022000000cd00747261696e696e67007321`
  S2C  1222 0x04c6 sn=232 len=606   MC_MATCH_CHANNEL_RESPONSE_PLAYER_LIST  `00540200005400000007000000180e000000000000476172`
  S2C  1822 0x071e sn=121 len=1127  MC_MATCH_RESPONSE_CHARACTER_ITEMLIST  `44000000000000b800000008000000160000009d3c4d0000`
  S2C  1886 0x075e sn=0   len=8     ?  `000000`
  S2C  1722 0x06ba sn=8   len=16    ?  `000000c400000000000000`
  S2C  3202 0x0c82 sn=110 len=24    ?  `e6650100000000000000006305000000000000`
  S2C  1886 0x075e sn=0   len=8     ?  `000000`
  S2C  1213 0x04bd sn=168 len=176   MC_MATCH_CHANNEL_LIST  `000000a00000000100000001000000000000000000e700a0`
  S2C  1213 0x04bd sn=168 len=176   MC_MATCH_CHANNEL_LIST  `000000a00000000100000001000000000000000000e900a0`
  S2C  9301 0x2455 sn=32  len=44    ?  `000000180000000100000002000b00e90900000000000000`
  S2C  3204 0x0c84 sn=138 len=16    ?  `e665010000000000000000`
  S2C  1804 0x070c sn=53  len=61    MC_MATCH_RESPONSE_MY_SIMPLE_CHARINFO  `0000002d0000000100000007a0180000a545000000000000`
  S2C  1890 0x0762 sn=5   len=12    ?  `0000003c000000`
  S2C  3202 0x0c82 sn=110 len=24    ?  `e6650100000000000000006305000000000000`
  S2C  1213 0x04bd sn=168 len=176   MC_MATCH_CHANNEL_LIST  `000000a00000000100000001000000000000000000e500a0`
  S2C  1222 0x04c6 sn=229 len=606   MC_MATCH_CHANNEL_RESPONSE_PLAYER_LIST  `00540200005400000007000000180e000000000000476172`
  S2C  9301 0x2455 sn=32  len=44    ?  `000000180000000100000002000b00e90900000000000000`
  S2C  1213 0x04bd sn=168 len=176   MC_MATCH_CHANNEL_LIST  `000000a00000000100000001000000000000000000e700a0`
  S2C  1854 0x073e sn=1   len=20    ?  `000000080000000800000000000000`
  S2C  3204 0x0c84 sn=164 len=16    ?  `e665010000000000000000`
  S2C  1822 0x071e sn=165 len=1156  MC_MATCH_RESPONSE_CHARACTER_ITEMLIST  `45000000000000b800000008000000160000009d3c4d0000`
  S2C  1213 0x04bd sn=168 len=176   MC_MATCH_CHANNEL_LIST  `000000a00000000100000001000000000000000000e900a0`
  S2C  1890 0x0762 sn=5   len=12    ?  `0000003c000000`
  S2C  3202 0x0c82 sn=155 len=24    ?  `e6650100000000000000000900000000000000`
  S2C  1886 0x075e sn=0   len=8     ?  `000000`
  S2C  9301 0x2455 sn=32  len=44    ?  `000000180000000100000002000b00e90900000000000000`
  S2C  2203 0x089b sn=9   len=30    MC_MATCH_BROADCAST_DUEL_INTERRUPT_VICTORIES  `004c616e64736c6500b9090042756c676f676900810b0000`
  S2C  1213 0x04bd sn=168 len=176   MC_MATCH_CHANNEL_LIST  `000000a00000000100000001000000000000000000ea12a0`
  S2C  1728 0x06c0 sn=1   len=12    ?  `00000002000000`
  S2C  1822 0x071e sn=165 len=1156  MC_MATCH_RESPONSE_CHARACTER_ITEMLIST  `45000000000000b800000008000000160000009d3c4d0000`
  S2C  1886 0x075e sn=0   len=8     ?  `000000`
  S2C  9301 0x2455 sn=32  len=44    ?  `000000180000000100000002000b00e90900000000000000`
  S2C  1213 0x04bd sn=168 len=176   MC_MATCH_CHANNEL_LIST  `000000a00000000100000001000000000000000000eb00a0`
  S2C  1728 0x06c0 sn=1   len=12    ?  `00000001000000`
  S2C  1822 0x071e sn=181 len=1156  MC_MATCH_RESPONSE_CHARACTER_ITEMLIST  `6c000000000000b800000008000000160000009d3c4d0000`
  S2C  1886 0x075e sn=0   len=8     ?  `000000`
  S2C  1728 0x06c0 sn=1   len=12    ?  `00000003000000`
  S2C  1822 0x071e sn=181 len=1156  MC_MATCH_RESPONSE_CHARACTER_ITEMLIST  `6c000000000000b800000008000000160000009d3c4d0000`
  S2C  1886 0x075e sn=0   len=8     ?  `000000`
  S2C  1213 0x04bd sn=168 len=176   MC_MATCH_CHANNEL_LIST  `000000a00000000100000001000000000000000000ec00a0`
  S2C  1728 0x06c0 sn=1   len=12    ?  `00000004000000`
  S2C  1822 0x071e sn=181 len=1156  MC_MATCH_RESPONSE_CHARACTER_ITEMLIST  `6c000000000000b800000008000000160000009d3c4d0000`
  S2C  1886 0x075e sn=0   len=8     ?  `000000`
  S2C  9301 0x2455 sn=32  len=44    ?  `000000180000000100000002000b00e90900000000000000`
  S2C   322 0x0142 sn=181 len=8     MC_NET_PING  `69a212`
  S2C  1213 0x04bd sn=168 len=176   MC_MATCH_CHANNEL_LIST  `000000a00000000100000001000000000000000000ef00a0`
  S2C  1845 0x0735 sn=241 len=140   ?  `030000100e0000000000005844aa07380000001800000002`
  S2C  1222 0x04c6 sn=236 len=606   MC_MATCH_CHANNEL_RESPONSE_PLAYER_LIST  `00540200005400000007000000180e000000000000476172`
  S2C  9301 0x2455 sn=32  len=44    ?  `000000180000000100000002000b00e90900000000000000`
  S2C  1213 0x04bd sn=168 len=176   MC_MATCH_CHANNEL_LIST  `000000a00000000100000001000000000000000000ec00a0`
  S2C  1213 0x04bd sn=168 len=176   MC_MATCH_CHANNEL_LIST  `000000a00000000100000001000000000000000000ed00a0`
  S2C  1314 0x0522 sn=1   len=5144  MC_MATCH_STAGE_LIST  `010e14000016000000e900000010a2000000000000010003`
  S2C  1335 0x0537 sn=208 len=6616  ?  `190000420000006400000001006a6170616e00000000004a`
  S2C  1335 0x0537 sn=208 len=6616  ?  `19000042000000640000006500426f726161616161616161`
  S2C  1335 0x0537 sn=138 len=2194  ?  `0800004200000021000000cc0043414e4f0074696e6f7321`
  S2C  1222 0x04c6 sn=238 len=606   MC_MATCH_CHANNEL_RESPONSE_PLAYER_LIST  `00540200005400000007000000180e000000000000476172`
  S2C  1722 0x06ba sn=8   len=16    ?  `000000c400000000000000`
  S2C  9301 0x2455 sn=32  len=44    ?  `000000180000000100000002000b00e90900000000000000`
  S2C  1226 0x04ca sn=1   len=90    MC_MATCH_CHANNEL_CHAT  `000000000000000700416c657861000b1f00534f2070616e`
  S2C  1213 0x04bd sn=168 len=176   MC_MATCH_CHANNEL_LIST  `000000a00000000100000001000000000000000000eb4ca0`
  S2C  1886 0x075e sn=0   len=8     ?  `000000`
  S2C  9301 0x2455 sn=32  len=44    ?  `000000180000000100000002000b00e90900000000000000`
  S2C  1222 0x04c6 sn=236 len=606   MC_MATCH_CHANNEL_RESPONSE_PLAYER_LIST  `00540200005400000007000000180e000000000000476172`
  S2C  1213 0x04bd sn=168 len=176   MC_MATCH_CHANNEL_LIST  `000000a00000000100000001000000000000000000ec00a0`
  S2C  9301 0x2455 sn=32  len=44    ?  `000000180000000100000002000b00e90900000000000000`
  S2C  1213 0x04bd sn=168 len=176   MC_MATCH_CHANNEL_LIST  `000000a00000000100000001000000000000000000ea00a0`
  S2C  1886 0x075e sn=0   len=8     ?  `000000`
  S2C  1222 0x04c6 sn=237 len=606   MC_MATCH_CHANNEL_RESPONSE_PLAYER_LIST  `00540200005400000007000000180e000000000000476172`
  S2C  9301 0x2455 sn=32  len=44    ?  `000000180000000100000002000b00e90900000000000000`
  S2C  1213 0x04bd sn=168 len=176   MC_MATCH_CHANNEL_LIST  `000000a00000000100000001000000000000000000ef00a0`
  S2C  1213 0x04bd sn=168 len=176   MC_MATCH_CHANNEL_LIST  `000000a00000000100000001000000000000000000ea00a0`
  S2C  9301 0x2455 sn=32  len=44    ?  `000000180000000100000002000b00e90900000000000000`
  S2C  1222 0x04c6 sn=234 len=606   MC_MATCH_CHANNEL_RESPONSE_PLAYER_LIST  `00540200005400000007000000180e000000000000476172`
  S2C  1213 0x04bd sn=168 len=176   MC_MATCH_CHANNEL_LIST  `000000a00000000100000001000000000000000000ec00a0`
  S2C  1812 0x0714 sn=0   len=12    MC_MATCH_RESPONSE_BUY_ITEM  `000000002d3101`
  S2C  1822 0x071e sn=243 len=1185  MC_MATCH_RESPONSE_CHARACTER_ITEMLIST  `6a000000000000b800000008000000160000009d3c4d0000`
  S2C  3202 0x0c82 sn=158 len=24    ?  `e6650100000000000000005a1e000000000000`
  S2C  1886 0x075e sn=0   len=8     ?  `000000`
  S2C  9301 0x2455 sn=32  len=44    ?  `000000180000000100000002000b00e90900000000000000`
  S2C  1213 0x04bd sn=168 len=176   MC_MATCH_CHANNEL_LIST  `000000a00000000100000001000000000000000000ea00a0`
  S2C  9301 0x2455 sn=32  len=44    ?  `000000180000000100000002000b00e90900000000000000`
  S2C  1213 0x04bd sn=168 len=176   MC_MATCH_CHANNEL_LIST  `000000a00000000100000001000000000000000000eb00a0`
  S2C  9301 0x2455 sn=32  len=44    ?  `000000180000000100000002000b00e90900000000000000`
  S2C  1812 0x0714 sn=0   len=12    MC_MATCH_RESPONSE_BUY_ITEM  `000000688eda01`
  S2C  1822 0x071e sn=51  len=1214  MC_MATCH_RESPONSE_CHARACTER_ITEMLIST  `67000000000000b800000008000000160000009d3c4d0000`
  S2C  3202 0x0c82 sn=158 len=24    ?  `e6650100000000000000001a22000000000000`
  S2C  1886 0x075e sn=0   len=8     ?  `000000`
  S2C  1213 0x04bd sn=168 len=176   MC_MATCH_CHANNEL_LIST  `000000a00000000100000001000000000000000000ee00a0`
  S2C  9301 0x2455 sn=32  len=44    ?  `000000180000000100000002000b00e90900000000000000`
  S2C  1213 0x04bd sn=168 len=176   MC_MATCH_CHANNEL_LIST  `000000a00000000100000001000000000000000000ed00a0`
  S2C  9301 0x2455 sn=32  len=44    ?  `000000180000000100000002000b00e90900000000000000`
  S2C  1213 0x04bd sn=168 len=176   MC_MATCH_CHANNEL_LIST  `000000a00000000100000001000000000000000000ee00a0`
  S2C  1213 0x04bd sn=168 len=176   MC_MATCH_CHANNEL_LIST  `000000a00000000100000001000000000000000000eb00a0`
  S2C  9301 0x2455 sn=32  len=44    ?  `000000180000000100000002000b00e90900000000000000`
  S2C  1213 0x04bd sn=168 len=176   MC_MATCH_CHANNEL_LIST  `000000a00000000100000001000000000000000000ea00a0`
  S2C  9301 0x2455 sn=32  len=44    ?  `000000180000000100000002000b00e90900000000000000`
  S2C  1213 0x04bd sn=168 len=176   MC_MATCH_CHANNEL_LIST  `000000a00000000100000001000000000000000000e800a0`
  S2C  1213 0x04bd sn=168 len=176   MC_MATCH_CHANNEL_LIST  `000000a00000000100000001000000000000000000e300a0`
  S2C  1812 0x0714 sn=0   len=12    MC_MATCH_RESPONSE_BUY_ITEM  `0000000a13dc01`
  S2C  1822 0x071e sn=231 len=1243  MC_MATCH_RESPONSE_CHARACTER_ITEMLIST  `62000000000000b800000008000000160000009d3c4d0000`
  S2C  3202 0x0c82 sn=158 len=24    ?  `e6650100000000000000006626000000000000`
  S2C  1886 0x075e sn=0   len=8     ?  `000000`
  S2C  9301 0x2455 sn=32  len=44    ?  `000000180000000100000002000b00e90900000000000000`
  S2C  1213 0x04bd sn=168 len=176   MC_MATCH_CHANNEL_LIST  `000000a00000000100000001000000000000000000e400a0`
  S2C  1812 0x0714 sn=0   len=12    MC_MATCH_RESPONSE_BUY_ITEM  `0000000048e801`
  S2C  1822 0x071e sn=55  len=1272  MC_MATCH_RESPONSE_CHARACTER_ITEMLIST  `5e000000000000b800000008000000160000009d3c4d0000`
  S2C  9301 0x2455 sn=32  len=44    ?  `000000180000000100000002000b00e90900000000000000`
  S2C  3202 0x0c82 sn=158 len=24    ?  `e665010000000000000000162b000000000000`
  S2C  1886 0x075e sn=0   len=8     ?  `000000`
  S2C  1213 0x04bd sn=168 len=176   MC_MATCH_CHANNEL_LIST  `000000a00000000100000001000000000000000000e600a0`
  S2C  1812 0x0714 sn=0   len=12    MC_MATCH_RESPONSE_BUY_ITEM  `0000000a48e801`
  S2C  1822 0x071e sn=135 len=1301  MC_MATCH_RESPONSE_CHARACTER_ITEMLIST  `59000000000000b800000008000000160000009d3c4d0000`
  S2C  9301 0x2455 sn=32  len=44    ?  `000000180000000100000002000b00e90900000000000000`
  S2C  3202 0x0c82 sn=158 len=24    ?  `e665010000000000000000c62f000000000000`
  S2C  1886 0x075e sn=0   len=8     ?  `000000`
  S2C  1213 0x04bd sn=168 len=176   MC_MATCH_CHANNEL_LIST  `000000a00000000100000001000000000000000000e800a0`
  S2C  9301 0x2455 sn=32  len=44    ?  `000000180000000100000002000b00e90900000000000000`
  S2C  1213 0x04bd sn=168 len=176   MC_MATCH_CHANNEL_LIST  `000000a00000000100000001000000000000000000e700a0`
  S2C  1213 0x04bd sn=168 len=176   MC_MATCH_CHANNEL_LIST  `000000a00000000100000001000000000000000000e600a0`
  S2C  1822 0x071e sn=135 len=1301  MC_MATCH_RESPONSE_CHARACTER_ITEMLIST  `59000000000000b800000008000000160000009d3c4d0000`
  S2C  1886 0x075e sn=0   len=8     ?  `000000`
  S2C  9301 0x2455 sn=32  len=44    ?  `000000180000000100000002000b00e90900000000000000`
  S2C  1822 0x071e sn=135 len=1301  MC_MATCH_RESPONSE_CHARACTER_ITEMLIST  `59000000000000b800000008000000160000009d3c4d0000`
  S2C  1886 0x075e sn=0   len=8     ?  `000000`
  S2C  1213 0x04bd sn=168 len=176   MC_MATCH_CHANNEL_LIST  `000000a00000000100000001000000000000000000e500a0`
  S2C  9301 0x2455 sn=32  len=44    ?  `000000180000000100000002000b00e90900000000000000`
  S2C  1822 0x071e sn=135 len=1301  MC_MATCH_RESPONSE_CHARACTER_ITEMLIST  `59000000000000b800000008000000160000009d3c4d0000`
  S2C  1886 0x075e sn=0   len=8     ?  `000000`
  S2C  1213 0x04bd sn=168 len=176   MC_MATCH_CHANNEL_LIST  `000000a00000000100000001000000000000000000e800a0`
  S2C  1822 0x071e sn=135 len=1301  MC_MATCH_RESPONSE_CHARACTER_ITEMLIST  `59000000000000b800000008000000160000009d3c4d0000`
  S2C  1886 0x075e sn=0   len=8     ?  `000000`
  S2C  9301 0x2455 sn=32  len=44    ?  `000000180000000100000002000b00e90900000000000000`
  S2C  1213 0x04bd sn=168 len=176   MC_MATCH_CHANNEL_LIST  `000000a00000000100000001000000000000000000e600a0`
  S2C  1702 0x06a6 sn=100 len=108   MC_MATCH_RESPONSE_ACCOUNT_CHARLIST  `0000002e00000002000000f1680000577972656c61646500`
  S2C  5004 0x138c sn=24  len=544   ?  `02000058000000060000000c00000000000000676130322e`
  S2C  3202 0x0c82 sn=103 len=24    ?  `e6650100000000000000009006000000000000`
  S2C  1720 0x06b8 sn=0   len=559   MC_MATCH_RESPONSE_ACCOUNT_CHARINFO  `260200001e02000001000000577972656c61646500000000`
  S2C  1704 0x06a8 sn=0   len=608   MC_MATCH_RESPONSE_SELECT_CHAR  `000000260200001e02000001000000577972656c61646500`
  S2C  3200 0x0c80 sn=216 len=3312  ?  `0c0000280000005200000057996601000000000200000001`
  S2C  3206 0x0c86 sn=105 len=16    ?  `0000002c35000011000000`
  S2C  2307 0x0903 sn=0   len=24    ?  `00000000000000000000000000000000000000`
  S2C  1822 0x071e sn=135 len=1301  MC_MATCH_RESPONSE_CHARACTER_ITEMLIST  `59000000000000b800000008000000160000009d3c4d0000`
  S2C  1822 0x071e sn=55  len=1301  MC_MATCH_RESPONSE_CHARACTER_ITEMLIST  `5e000000000000b80000000800000016000000b7624d0000`
  S2C  2303 0x08ff sn=232 len=32    ?  `0300000000000000000000ffffffffffffffff000000000a`
  S2C  1202 0x04b2 sn=1   len=12    MC_MATCH_RESPONSE_RECOMMANDED_CHANNEL  `00000000000000`
  S2C  3202 0x0c82 sn=154 len=24    ?  `99660100000000000000000000000000000000`
  S2C  1213 0x04bd sn=168 len=176   MC_MATCH_CHANNEL_LIST  `000000a00000000100000001000000000000000000e700a0`
  S2C  1724 0x06bc sn=20  len=28    ?  `0000000c0000000100000001000000040000001e000000`
  S2C  3202 0x0c82 sn=155 len=24    ?  `99660100000000000000000000000000000000`
  S2C  3202 0x0c82 sn=156 len=24    ?  `99660100000000000000000000000000000000`
  S2C  3202 0x0c82 sn=157 len=24    ?  `99660100000000000000000000000000000000`
  S2C  3202 0x0c82 sn=158 len=24    ?  `99660100000000000000000000000000000000`
  S2C  3202 0x0c82 sn=159 len=24    ?  `99660100000000000000000000000000000000`
  S2C  3202 0x0c82 sn=160 len=24    ?  `99660100000000000000000000000000000000`
  S2C  3202 0x0c82 sn=161 len=24    ?  `99660100000000000000000000000000000000`
  S2C  3202 0x0c82 sn=162 len=24    ?  `99660100000000000000000000000000000000`
  S2C  3202 0x0c82 sn=117 len=24    ?  `9966010000000000000000375e000000000000`
  S2C  1886 0x075e sn=0   len=8     ?  `000000`
  S2C  1886 0x075e sn=0   len=8     ?  `000000`
  S2C  1207 0x04b7 sn=1   len=46    MC_MATCH_CHANNEL_RESPONSE_JOIN  `00000000000000000000001b005354523a4348414e4e454c`
  S2C   402 0x0192 sn=0   len=29    MC_MATCH_ANNOUNCE  `00000013005850205550203f3f3f203f3f3f3f3f3f2e0030`
  S2C  1231 0x04cf sn=1   len=16    MC_MATCH_CHANNEL_RESPONSE_RULE  `0000000000000005000000`
  S2C  1222 0x04c6 sn=232 len=606   MC_MATCH_CHANNEL_RESPONSE_PLAYER_LIST  `00540200005400000007000000180e000000000000476172`
  S2C  1718 0x06b6 sn=1   len=265   MC_MATCH_RESPONSE_CHARINFO_DETAIL  `010000f900000001000000577972656c6164650000000000`
  S2C  9301 0x2455 sn=32  len=44    ?  `000000180000000100000002000b00e90900000000000000`
  S2C  1720 0x06b8 sn=1   len=559   MC_MATCH_RESPONSE_ACCOUNT_CHARINFO  `260200001e02000001000000537472696b65475a00000000`
  S2C  1222 0x04c6 sn=233 len=606   MC_MATCH_CHANNEL_RESPONSE_PLAYER_LIST  `00540200005400000007000000180e000000000000476172`
  S2C  1704 0x06a8 sn=0   len=608   MC_MATCH_RESPONSE_SELECT_CHAR  `000000260200001e02000001000000537472696b65475a00`
  S2C  3200 0x0c80 sn=136 len=3232  ?  `0c00002800000050000000f4996601000000000a00000001`
  S2C  3206 0x0c86 sn=45  len=16    ?  `000000369f000032000000`
  S2C  2307 0x0903 sn=0   len=24    ?  `00000000000000000000000000000000000000`
  S2C  1822 0x071e sn=55  len=1301  MC_MATCH_RESPONSE_CHARACTER_ITEMLIST  `5e000000000000b80000000800000016000000b7624d0000`
  S2C  1822 0x071e sn=32  len=663   MC_MATCH_RESPONSE_CHARACTER_ITEMLIST  `4e000000000000b800000008000000160000000000000000`
  S2C  2303 0x08ff sn=232 len=32    ?  `0300000000000000000000ffffffffffffffff000000000a`
  S2C  1202 0x04b2 sn=1   len=12    MC_MATCH_RESPONSE_RECOMMANDED_CHANNEL  `00000000000000`
  S2C  3202 0x0c82 sn=51  len=24    ?  `9a660100000000000000000000000000000000`
  S2C  3202 0x0c82 sn=52  len=24    ?  `9a660100000000000000000000000000000000`
  S2C  3202 0x0c82 sn=53  len=24    ?  `9a660100000000000000000000000000000000`
  S2C  3202 0x0c82 sn=54  len=24    ?  `9a660100000000000000000000000000000000`
  S2C  1213 0x04bd sn=168 len=176   MC_MATCH_CHANNEL_LIST  `000000a00000000100000001000000000000000000ea00a0`
  S2C  1724 0x06bc sn=20  len=28    ?  `0000000c0000000100000001000000040000001e000000`
  S2C  3202 0x0c82 sn=55  len=24    ?  `9a660100000000000000000000000000000000`
  S2C  3202 0x0c82 sn=56  len=24    ?  `9a660100000000000000000000000000000000`
  S2C  3202 0x0c82 sn=57  len=24    ?  `9a660100000000000000000000000000000000`
  S2C  3202 0x0c82 sn=58  len=24    ?  `9a660100000000000000000000000000000000`
  S2C  3202 0x0c82 sn=59  len=24    ?  `9a660100000000000000000000000000000000`
  S2C  3202 0x0c82 sn=45  len=24    ?  `9a660100000000ff2a00000000000000000000`
  S2C  3202 0x0c82 sn=46  len=24    ?  `9a660100000000ff2a00000000000000000000`
  S2C  1886 0x075e sn=0   len=8     ?  `000000`
  S2C  1886 0x075e sn=0   len=8     ?  `000000`
  S2C  1314 0x0522 sn=1   len=5144  MC_MATCH_STAGE_LIST  `010e14000016000000e900000010a2000000000000010001`
  S2C  1335 0x0537 sn=208 len=6616  ?  `190000420000006400000001006a6170616e00000000004a`
  S2C  1335 0x0537 sn=208 len=6616  ?  `19000042000000640000006600746f776e74776f6e006161`
  S2C  1335 0x0537 sn=138 len=2194  ?  `0800004200000021000000cb00417267656e74696e6f7321`
  S2C  1207 0x04b7 sn=1   len=46    MC_MATCH_CHANNEL_RESPONSE_JOIN  `00000000000000000000001b005354523a4348414e4e454c`
  S2C   402 0x0192 sn=0   len=29    MC_MATCH_ANNOUNCE  `00000013005850205550203f3f3f203f3f3f3f3f3f2e00b3`
  S2C  1231 0x04cf sn=1   len=16    MC_MATCH_CHANNEL_RESPONSE_RULE  `0000000000000005000000`
  S2C  1222 0x04c6 sn=234 len=606   MC_MATCH_CHANNEL_RESPONSE_PLAYER_LIST  `00540200005400000007000000180e000000000000476172`
  S2C  1718 0x06b6 sn=1   len=265   MC_MATCH_RESPONSE_CHARINFO_DETAIL  `010000f900000001000000537472696b65475a0000000000`
  S2C  1213 0x04bd sn=168 len=176   MC_MATCH_CHANNEL_LIST  `000000a00000000100000001000000000000000000e900a0`
  S2C  1704 0x06a8 sn=0   len=608   MC_MATCH_RESPONSE_SELECT_CHAR  `000000260200001e02000001000000577972656c61646500`
  S2C  3200 0x0c80 sn=216 len=3312  ?  `0c000028000000520000009a9a6601000000000200000001`
  S2C  3206 0x0c86 sn=105 len=16    ?  `0000002c35000011000000`
  S2C  2307 0x0903 sn=0   len=24    ?  `00000000000000000000000000000000000000`
  S2C  2303 0x08ff sn=232 len=32    ?  `0300000000000000000000ffffffffffffffff000000000a`
  S2C  1822 0x071e sn=32  len=663   MC_MATCH_RESPONSE_CHARACTER_ITEMLIST  `4e000000000000b800000008000000160000000000000000`
  S2C  1822 0x071e sn=55  len=1301  MC_MATCH_RESPONSE_CHARACTER_ITEMLIST  `5e000000000000b80000000800000016000000e6624d0000`
  S2C  1202 0x04b2 sn=1   len=12    MC_MATCH_RESPONSE_RECOMMANDED_CHANNEL  `00000000000000`
  S2C  3202 0x0c82 sn=221 len=24    ?  `9a660100000000000000000000000000000000`
  S2C  3202 0x0c82 sn=222 len=24    ?  `9a660100000000000000000000000000000000`
  S2C  3202 0x0c82 sn=223 len=24    ?  `9a660100000000000000000000000000000000`
  S2C  3202 0x0c82 sn=224 len=24    ?  `9a660100000000000000000000000000000000`
  S2C  1724 0x06bc sn=20  len=28    ?  `0000000c0000000100000001000000040000001e000000`
  S2C  3202 0x0c82 sn=225 len=24    ?  `9a660100000000000000000000000000000000`
  S2C  3202 0x0c82 sn=226 len=24    ?  `9a660100000000000000000000000000000000`
  S2C  3202 0x0c82 sn=227 len=24    ?  `9a660100000000000000000000000000000000`
  S2C  3202 0x0c82 sn=228 len=24    ?  `9a660100000000000000000000000000000000`
  S2C  3202 0x0c82 sn=229 len=24    ?  `9a660100000000000000000000000000000000`
  S2C  1886 0x075e sn=0   len=8     ?  `000000`
  S2C  1886 0x075e sn=0   len=8     ?  `000000`
  S2C  1207 0x04b7 sn=1   len=46    MC_MATCH_CHANNEL_RESPONSE_JOIN  `00000000000000000000001b005354523a4348414e4e454c`
  S2C   402 0x0192 sn=0   len=29    MC_MATCH_ANNOUNCE  `00000013005850205550203f3f3f203f3f3f3f3f3f2e00dd`
  S2C  1231 0x04cf sn=1   len=16    MC_MATCH_CHANNEL_RESPONSE_RULE  `0000000000000005000000`
  S2C  1222 0x04c6 sn=234 len=606   MC_MATCH_CHANNEL_RESPONSE_PLAYER_LIST  `00540200005400000007000000180e000000000000476172`
  S2C  1718 0x06b6 sn=1   len=265   MC_MATCH_RESPONSE_CHARINFO_DETAIL  `010000f900000001000000577972656c6164650000000000`
  S2C  1213 0x04bd sn=168 len=176   MC_MATCH_CHANNEL_LIST  `000000a00000000100000001000000000000000000ea00a0`
  S2C  1704 0x06a8 sn=0   len=608   MC_MATCH_RESPONSE_SELECT_CHAR  `000000260200001e02000001000000537472696b65475a00`
  S2C  3200 0x0c80 sn=136 len=3232  ?  `0c00002800000050000000ec9a6601000000000a00000001`
  S2C  3206 0x0c86 sn=45  len=16    ?  `000000369f000032000000`
  S2C  1822 0x071e sn=55  len=1301  MC_MATCH_RESPONSE_CHARACTER_ITEMLIST  `5e000000000000b80000000800000016000000e6624d0000`
  S2C  1822 0x071e sn=32  len=663   MC_MATCH_RESPONSE_CHARACTER_ITEMLIST  `4e000000000000b800000008000000160000000000000000`
  S2C  2303 0x08ff sn=232 len=32    ?  `0300000000000000000000ffffffffffffffff000000000a`
  S2C  2307 0x0903 sn=0   len=24    ?  `00000000000000000000000000000000000000`
  S2C  1202 0x04b2 sn=1   len=12    MC_MATCH_RESPONSE_RECOMMANDED_CHANNEL  `00000000000000`
  S2C  3202 0x0c82 sn=43  len=24    ?  `9b660100000000000000000000000000000000`
  S2C  3202 0x0c82 sn=44  len=24    ?  `9b660100000000000000000000000000000000`
  S2C  1724 0x06bc sn=20  len=28    ?  `0000000c0000000100000001000000040000001e000000`
  S2C  3202 0x0c82 sn=45  len=24    ?  `9b660100000000000000000000000000000000`
  S2C  3202 0x0c82 sn=46  len=24    ?  `9b660100000000000000000000000000000000`
  S2C  9301 0x2455 sn=32  len=44    ?  `000000180000000100000002000b00e90900000000000000`
  S2C  3202 0x0c82 sn=47  len=24    ?  `9b660100000000000000000000000000000000`
  S2C  3202 0x0c82 sn=48  len=24    ?  `9b660100000000000000000000000000000000`
  S2C  3202 0x0c82 sn=49  len=24    ?  `9b660100000000000000000000000000000000`
  S2C  3202 0x0c82 sn=50  len=24    ?  `9b660100000000000000000000000000000000`
  S2C  3202 0x0c82 sn=51  len=24    ?  `9b660100000000000000000000000000000000`
  S2C  3202 0x0c82 sn=37  len=24    ?  `9b660100000000ff2a00000000000000000000`
  S2C  3202 0x0c82 sn=38  len=24    ?  `9b660100000000ff2a00000000000000000000`
  S2C  1886 0x075e sn=0   len=8     ?  `000000`
  S2C  1886 0x075e sn=0   len=8     ?  `000000`
  S2C  1207 0x04b7 sn=1   len=46    MC_MATCH_CHANNEL_RESPONSE_JOIN  `00000000000000000000001b005354523a4348414e4e454c`
  S2C   402 0x0192 sn=0   len=29    MC_MATCH_ANNOUNCE  `00000013005850205550203f3f3f203f3f3f3f3f3f2e0054`
  S2C  1231 0x04cf sn=1   len=16    MC_MATCH_CHANNEL_RESPONSE_RULE  `0000000000000005000000`
  S2C  1222 0x04c6 sn=234 len=606   MC_MATCH_CHANNEL_RESPONSE_PLAYER_LIST  `00540200005400000007000000180e000000000000476172`
  S2C  1718 0x06b6 sn=1   len=265   MC_MATCH_RESPONSE_CHARINFO_DETAIL  `010000f900000001000000537472696b65475a0000000000`
  S2C  1222 0x04c6 sn=234 len=606   MC_MATCH_CHANNEL_RESPONSE_PLAYER_LIST  `00540200005400000007000000180e000000000000476172`
  S2C  1213 0x04bd sn=168 len=176   MC_MATCH_CHANNEL_LIST  `000000a00000000100000001000000000000000000ea00a0`
  S2C  9301 0x2455 sn=32  len=44    ?  `000000180000000100000002000b00e90900000000000000`
  S2C  1712 0x06b0 sn=0   len=17    MC_MATCH_RESPONSE_CREATE_CHAR  `000000070074657374350000`
  S2C  1702 0x06a6 sn=146 len=154   MC_MATCH_RESPONSE_ACCOUNT_CHARLIST  `0000002e00000003000000f1680000577972656c61646500`
  S2C  5004 0x138c sn=24  len=544   ?  `02000058000000060000000c00000000000000676130322e`
  S2C  1720 0x06b8 sn=2   len=559   MC_MATCH_RESPONSE_ACCOUNT_CHARINFO  `260200001e02000001000000746573743500000000000000`
  S2C  1704 0x06a8 sn=0   len=608   MC_MATCH_RESPONSE_SELECT_CHAR  `000000260200001e02000001000000746573743500000000`
  S2C  3200 0x0c80 sn=48  len=2632  ?  `0a00002800000041000000099f660100000000e803000001`
  S2C  3200 0x0c80 sn=48  len=72    ?  `00000028000000010000004a9f6601000000007214000001`
  S2C  3206 0x0c86 sn=40  len=16    ?  `0000006dad000037000000`
  S2C  2307 0x0903 sn=0   len=24    ?  `00000000000000000000000000000000000000`
  S2C  1822 0x071e sn=32  len=924   MC_MATCH_RESPONSE_CHARACTER_ITEMLIST  `4e000000000000b800000008000000160000000000000000`
  S2C  1822 0x071e sn=32  len=924   MC_MATCH_RESPONSE_CHARACTER_ITEMLIST  `4e000000000000b800000008000000160000000000000000`
  S2C  2303 0x08ff sn=232 len=32    ?  `0300000000000000000000ffffffffffffffff000000000a`
  S2C  1202 0x04b2 sn=1   len=12    MC_MATCH_RESPONSE_RECOMMANDED_CHANNEL  `00000000000000`
  S2C  1213 0x04bd sn=168 len=176   MC_MATCH_CHANNEL_LIST  `000000a00000000100000001000000000000000000eb00a0`
  S2C  3202 0x0c82 sn=55  len=24    ?  `9f660100000000000000000000000000000000`
  S2C  3202 0x0c82 sn=56  len=24    ?  `9f660100000000000000000000000000000000`
  S2C  3202 0x0c82 sn=57  len=24    ?  `9f660100000000000000000000000000000000`
  S2C  3202 0x0c82 sn=58  len=24    ?  `9f660100000000000000000000000000000000`
  S2C  3202 0x0c82 sn=59  len=24    ?  `9f660100000000000000000000000000000000`
  S2C  3202 0x0c82 sn=60  len=24    ?  `9f660100000000000000000000000000000000`
  S2C  3202 0x0c82 sn=61  len=24    ?  `9f660100000000000000000000000000000000`
  S2C  3202 0x0c82 sn=62  len=24    ?  `9f660100000000000000000000000000000000`
  S2C  3202 0x0c82 sn=63  len=24    ?  `9f660100000000000000000000000000000000`
  S2C  3202 0x0c82 sn=65  len=24    ?  `9f66010000000000000000204e000000000000`
  S2C  1886 0x075e sn=0   len=8     ?  `000000`
  S2C  1886 0x075e sn=0   len=8     ?  `000000`
  S2C  3200 0x0c80 sn=152 len=432   ?  `010000280000000a0000004b9f660100000000df00000001`
  S2C  1207 0x04b7 sn=1   len=46    MC_MATCH_CHANNEL_RESPONSE_JOIN  `00000000000000000000001b005354523a4348414e4e454c`
  S2C   402 0x0192 sn=0   len=29    MC_MATCH_ANNOUNCE  `00000013005850205550203f3f3f203f3f3f3f3f3f2e00fc`
  S2C  1231 0x04cf sn=1   len=16    MC_MATCH_CHANNEL_RESPONSE_RULE  `0000000000000005000000`
  S2C  1222 0x04c6 sn=236 len=606   MC_MATCH_CHANNEL_RESPONSE_PLAYER_LIST  `00540200005400000007000000180e000000000000476172`
  S2C  3200 0x0c80 sn=168 len=192   ?  `0000002800000004000000559f660100000000df13000001`
  S2C  1724 0x06bc sn=20  len=28    ?  `0000000c0000000100000001000000040000001e000000`
  S2C  1718 0x06b6 sn=1   len=265   MC_MATCH_RESPONSE_CHARINFO_DETAIL  `010000f90000000100000074657374350000000000000000`
  S2C 21001 0x5209 sn=8   len=16    MC_MATCH_RESPONSE_CHAR_QUEST_ITEM_LIST  `0000000800000000000000`
  S2C  1222 0x04c6 sn=236 len=606   MC_MATCH_CHANNEL_RESPONSE_PLAYER_LIST  `00540200005400000007000000180e000000000000476172`
  S2C  1722 0x06ba sn=8   len=16    ?  `000000c400000000000000`
  S2C  1213 0x04bd sn=168 len=176   MC_MATCH_CHANNEL_LIST  `000000a00000000100000001000000000000000000ec00a0`
  S2C  9301 0x2455 sn=32  len=44    ?  `000000180000000100000002000b00e90900000000000000`
  S2C  1213 0x04bd sn=168 len=176   MC_MATCH_CHANNEL_LIST  `000000a00000000100000001000000000000000000ee00a0`
  S2C  1213 0x04bd sn=168 len=176   MC_MATCH_CHANNEL_LIST  `000000a00000000100000001000000000000000000ed00a0`
  S2C  9301 0x2455 sn=32  len=44    ?  `000000180000000100000002000b00e90900000000000000`
  S2C  1213 0x04bd sn=168 len=176   MC_MATCH_CHANNEL_LIST  `000000a00000000100000001000000000000000000ee00a0`
  S2C  1314 0x0522 sn=1   len=5166  MC_MATCH_STAGE_LIST  `012414000016000000ea00000010a2000000000000010002`
  S2C  1335 0x0537 sn=208 len=6616  ?  `190000420000006400000001006a6170616e00000000004a`
  S2C  1335 0x0537 sn=208 len=6616  ?  `19000042000000640000006600746f776e74776f6e006161`
  S2C  1335 0x0537 sn=204 len=2260  ?  `0800004200000022000000ca004b796f72610061004c5900`
  S2C  9301 0x2455 sn=32  len=44    ?  `000000180000000100000002000b00e90900000000000000`
  S2C  9301 0x2455 sn=32  len=44    ?  `000000180000000100000002000b00e90900000000000000`
  S2C  1213 0x04bd sn=168 len=176   MC_MATCH_CHANNEL_LIST  `000000a00000000100000001000000000000000000f000a0`
  S2C  1303 0x0517 sn=23  len=34    MC_MATCH_STAGE_JOIN  `2723000000000036a20000000000008c0000000800746573`
  S2C  1101 0x044d sn=2   len=249   MC_MATCH_OBJECT_CACHE  `f0000000e800000001000000020001000228000017272300`
  S2C  1421 0x058d sn=54  len=20    MC_MATCH_STAGE_MASTER  `a20000000000001727230000000000`
  S2C  1423 0x058f sn=23  len=24    MC_MATCH_STAGE_TEAM  `2723000000000036a200000000000002000000`
  S2C  1422 0x058e sn=23  len=24    MC_MATCH_STAGE_PLAYER_STATE  `2723000000000036a200000000000000000000`
  S2C  1424 0x0590 sn=23  len=44    ?  `2723000000000036a2000000000000140000000400000003`
  S2C  1412 0x0584 sn=54  len=383   MC_MATCH_RESPONSE_STAGESETTING  `a20000000000003001000028010000010000000000000000`
  S2C  1007 0x03ef sn=23  len=16    MC_MATCH_BRIDGEPEER_ACK  `2723000000000000000000`
  S2C  1412 0x0584 sn=54  len=383   MC_MATCH_RESPONSE_STAGESETTING  `a20000000000003001000028010000010000000000000000`
  S2C  1412 0x0584 sn=54  len=383   MC_MATCH_RESPONSE_STAGESETTING  `a20000000000003001000028010000010000000000000000`
  S2C  1431 0x0597 sn=3   len=8     MC_MATCH_STAGE_START  `000000`
  S2C  1432 0x0598 sn=54  len=23    MC_MATCH_STAGE_LAUNCH  `a200000000000009004d616e73696f6e00b8`
  S2C  9301 0x2455 sn=32  len=44    ?  `000000180000000100000002000b00e90900000000000000`
  S2C  1007 0x03ef sn=23  len=16    MC_MATCH_BRIDGEPEER_ACK  `2723000000000000000000`
  S2C  1441 0x05a1 sn=23  len=16    MC_MATCH_LOADING_COMPLETE  `2723000000000064000000`
  S2C  1422 0x058e sn=23  len=24    MC_MATCH_STAGE_PLAYER_STATE  `2723000000000036a200000000000001000000`
  S2C  1402 0x057a sn=0   len=579   MC_MATCH_STAGE_ENTERBATTLE  `3a0200003202000001000000172723000000000055836a0c`
  S2C  1522 0x05f2 sn=147 len=12    MC_MATCH_GAME_RESPONSE_TIMESYNC  `69e500b0b8a312`
  S2C  1501 0x05dd sn=54  len=28    MC_MATCH_GAME_ROUNDSTATE  `a200000000000000000000010000000000000000000000`
  S2C  1516 0x05ec sn=23  len=24    MC_MATCH_GAME_RESPONSE_SPAWN  `27230000000000f3ffae085a02000001830000`
  S2C  1501 0x05dd sn=54  len=28    MC_MATCH_GAME_ROUNDSTATE  `a200000000000000000000020000000000000000000000`
  S2C  9301 0x2455 sn=32  len=44    ?  `000000180000000100000002000b00e90900000000000000`
  S2C  9301 0x2455 sn=32  len=44    ?  `000000180000000100000002000b00e90900000000000000`
  S2C  3202 0x0c82 sn=66  len=24    ?  `9f660100000000000000000a00000000000000`
  S2C  9301 0x2455 sn=32  len=44    ?  `000000180000000100000002000b00e90900000000000000`
  S2C  3202 0x0c82 sn=39  len=24    ?  `9f660100000000000000000a00000000000000`
  S2C  9301 0x2455 sn=32  len=44    ?  `000000180000000100000002000b00e90900000000000000`
  S2C   322 0x0142 sn=90  len=8     MC_NET_PING  `f0a312`
  S2C  9301 0x2455 sn=32  len=44    ?  `000000180000000100000002000b00e90900000000000000`
  S2C  3202 0x0c82 sn=66  len=24    ?  `9f660100000000000000001400000000000000`
  S2C  9301 0x2455 sn=32  len=44    ?  `000000180000000100000002000b00e90900000000000000`
  S2C  9301 0x2455 sn=32  len=44    ?  `000000180000000100000002000b00e90900000000000000`
  S2C  9301 0x2455 sn=32  len=44    ?  `000000180000000100000002000b00e90900000000000000`
  S2C  9301 0x2455 sn=32  len=44    ?  `000000180000000100000002000b00e90900000000000000`
  S2C  3202 0x0c82 sn=39  len=24    ?  `9f660100000000000000001300000000000000`
  S2C  3202 0x0c82 sn=66  len=24    ?  `9f660100000000000000001800000000000000`
  S2C  3202 0x0c82 sn=68  len=24    ?  `9f660100000000000000000200000000000000`
  S2C  1101 0x044d sn=2   len=249   MC_MATCH_OBJECT_CACHE  `f0000000e80000000100000002000100c966000017272300`
  S2C  1404 0x057c sn=23  len=13    ?  `2723000000000000`
  S2C  1422 0x058e sn=23  len=24    MC_MATCH_STAGE_PLAYER_STATE  `2723000000000036a200000000000000000000`
  S2C  3202 0x0c82 sn=30  len=24    ?  `9f660100000000000000001c00000000000000`
  S2C  1804 0x070c sn=53  len=61    MC_MATCH_RESPONSE_MY_SIMPLE_CHARINFO  `0000002d000000010000000100000000204e000000000000`
  S2C  1412 0x0584 sn=54  len=383   MC_MATCH_RESPONSE_STAGESETTING  `a20000000000003001000028010000010000000000000000`
  S2C  1418 0x058a sn=54  len=36    ?  `a200000000000000000000020000000c0000000400000001`
  S2C  1822 0x071e sn=32  len=924   MC_MATCH_RESPONSE_CHARACTER_ITEMLIST  `4e000000000000b800000008000000160000000000000000`
  S2C  1822 0x071e sn=32  len=924   MC_MATCH_RESPONSE_CHARACTER_ITEMLIST  `4e000000000000b800000008000000160000000000000000`
  S2C  1442 0x05a2 sn=54  len=13    MC_MATCH_STAGE_FINISH_GAME  `a200000000000001`
  S2C  1886 0x075e sn=0   len=8     ?  `000000`
  S2C  1886 0x075e sn=0   len=8     ?  `000000`
  S2C  1412 0x0584 sn=54  len=383   MC_MATCH_RESPONSE_STAGESETTING  `a20000000000003001000028010000010000000000000000`
  S2C  9301 0x2455 sn=32  len=44    ?  `000000180000000100000002000b00e90900000000000000`
  S2C  1307 0x051b sn=23  len=12    MC_MATCH_STAGE_LEAVE  `27230000000000`
  S2C  1101 0x044d sn=1   len=17    MC_MATCH_OBJECT_CACHE  `08000000e800000000000000`
  S2C  1222 0x04c6 sn=248 len=606   MC_MATCH_CHANNEL_RESPONSE_PLAYER_LIST  `00540200005400000007000000180e000000000000476172`
  S2C  1314 0x0522 sn=1   len=5232  MC_MATCH_STAGE_LIST  `016614000016000000ed00000010a2000000000000010001`
  S2C  1335 0x0537 sn=208 len=6616  ?  `190000420000006400000001006a6170616e00000000004a`
  S2C  1335 0x0537 sn=208 len=6616  ?  `19000042000000640000006500426f726161616161616161`
  S2C  1335 0x0537 sn=146 len=2458  ?  `0900004200000025000000ca004b796f726100474f474f00`
  S2C  1222 0x04c6 sn=248 len=606   MC_MATCH_CHANNEL_RESPONSE_PLAYER_LIST  `00540200005400000007000000180e000000000000476172`
  S2C  1722 0x06ba sn=8   len=16    ?  `000000c400000000000000`
  S2C  1213 0x04bd sn=168 len=176   MC_MATCH_CHANNEL_LIST  `000000a00000000100000001000000000000000000f900a0`
  S2C  9301 0x2455 sn=32  len=44    ?  `000000180000000100000002000b00e90900000000000000`
  S2C  1213 0x04bd sn=168 len=176   MC_MATCH_CHANNEL_LIST  `000000a00000000100000001000000000000000000fa00a0`
  S2C  9301 0x2455 sn=32  len=44    ?  `000000180000000100000002000b00e90900000000000000`
  S2C  1213 0x04bd sn=168 len=176   MC_MATCH_CHANNEL_LIST  `000000a00000000100000001000000000000000000ff12a0`
  S2C  9301 0x2455 sn=32  len=44    ?  `000000180000000100000002000b00e90900000000000000`
  S2C  1702 0x06a6 sn=146 len=154   MC_MATCH_RESPONSE_ACCOUNT_CHARLIST  `0000002e00000003000000f1680000577972656c61646500`
  S2C  5004 0x138c sn=24  len=544   ?  `02000058000000060000000c00000000000000676130322e`
  S2C  1720 0x06b8 sn=2   len=559   MC_MATCH_RESPONSE_ACCOUNT_CHARINFO  `260200001e02000001000000746573743500000000000000`
  S2C  1704 0x06a8 sn=0   len=608   MC_MATCH_RESPONSE_SELECT_CHAR  `000000260200001e02000001000000746573743500000000`
  S2C  3200 0x0c80 sn=136 len=3232  ?  `0c0000280000005000000036d16601000000000700000001`
  S2C  3206 0x0c86 sn=40  len=16    ?  `00000071ad000037000000`
  S2C  2307 0x0903 sn=0   len=24    ?  `00000000000000000000000000000000000000`
  S2C  2303 0x08ff sn=232 len=32    ?  `0300000000000000000000ffffffffffffffff000000000a`
  S2C  1822 0x071e sn=32  len=924   MC_MATCH_RESPONSE_CHARACTER_ITEMLIST  `4e000000000000b800000008000000160000000000000000`
  S2C  1822 0x071e sn=32  len=924   MC_MATCH_RESPONSE_CHARACTER_ITEMLIST  `4e000000000000b800000008000000160000000000000000`
  S2C  1202 0x04b2 sn=1   len=12    MC_MATCH_RESPONSE_RECOMMANDED_CHANNEL  `00000000000000`
  S2C  3202 0x0c82 sn=118 len=24    ?  `d1660100000000000000000000000000000000`
  S2C  1213 0x04bd sn=168 len=176   MC_MATCH_CHANNEL_LIST  `000000a000000001000000010000000000000000000100a0`
  S2C  3202 0x0c82 sn=119 len=24    ?  `d1660100000000000000000000000000000000`
  S2C  3202 0x0c82 sn=120 len=24    ?  `d1660100000000000000000000000000000000`
  S2C  1724 0x06bc sn=20  len=28    ?  `0000000c0000000100000001000000040000001e000000`
  S2C  3202 0x0c82 sn=121 len=24    ?  `d1660100000000000000000000000000000000`
  S2C  3202 0x0c82 sn=122 len=24    ?  `d1660100000000000000000000000000000000`
  S2C  3202 0x0c82 sn=123 len=24    ?  `d1660100000000000000000000000000000000`
  S2C  3202 0x0c82 sn=124 len=24    ?  `d1660100000000000000000000000000000000`
  S2C  3202 0x0c82 sn=125 len=24    ?  `d1660100000000000000000000000000000000`
  S2C  3202 0x0c82 sn=126 len=24    ?  `d1660100000000000000000000000000000000`
  S2C  1886 0x075e sn=0   len=8     ?  `000000`
  S2C  1886 0x075e sn=0   len=8     ?  `000000`
  S2C  1207 0x04b7 sn=1   len=46    MC_MATCH_CHANNEL_RESPONSE_JOIN  `00000000000000000000001b005354523a4348414e4e454c`
  S2C   402 0x0192 sn=0   len=29    MC_MATCH_ANNOUNCE  `00000013005850205550203f3f3f203f3f3f3f3f3f2e004f`
  S2C  1231 0x04cf sn=1   len=16    MC_MATCH_CHANNEL_RESPONSE_RULE  `0000000000000005000000`
  S2C  1222 0x04c6 sn=2   len=606   MC_MATCH_CHANNEL_RESPONSE_PLAYER_LIST  `00540200005400000007000000180e000000000000476172`
  S2C  1720 0x06b8 sn=1   len=559   MC_MATCH_RESPONSE_ACCOUNT_CHARINFO  `260200001e02000001000000537472696b65475a00000000`
  S2C  1718 0x06b6 sn=1   len=265   MC_MATCH_RESPONSE_CHARINFO_DETAIL  `010000f90000000100000074657374350000000000000000`
  S2C  1704 0x06a8 sn=0   len=608   MC_MATCH_RESPONSE_SELECT_CHAR  `000000260200001e02000001000000537472696b65475a00`
  S2C  3200 0x0c80 sn=136 len=3232  ?  `0c0000280000005000000089d16601000000000a00000001`
  S2C  3206 0x0c86 sn=45  len=16    ?  `000000399f000032000000`
  S2C  2307 0x0903 sn=0   len=24    ?  `00000000000000000000000000000000000000`
  S2C  1822 0x071e sn=32  len=924   MC_MATCH_RESPONSE_CHARACTER_ITEMLIST  `4e000000000000b800000008000000160000000000000000`
  S2C  1822 0x071e sn=32  len=924   MC_MATCH_RESPONSE_CHARACTER_ITEMLIST  `4e000000000000b800000008000000160000000000000000`
  S2C  2303 0x08ff sn=232 len=32    ?  `0300000000000000000000ffffffffffffffff000000000a`
  S2C  1202 0x04b2 sn=1   len=12    MC_MATCH_RESPONSE_RECOMMANDED_CHANNEL  `00000000000000`
  S2C  3202 0x0c82 sn=200 len=24    ?  `d1660100000000000000000000000000000000`
  S2C  3202 0x0c82 sn=201 len=24    ?  `d1660100000000000000000000000000000000`
  S2C  1724 0x06bc sn=20  len=28    ?  `0000000c0000000100000001000000040000001e000000`
  S2C  9301 0x2455 sn=32  len=44    ?  `000000180000000100000002000b00e90900000000000000`
  S2C  1720 0x06b8 sn=0   len=559   MC_MATCH_RESPONSE_ACCOUNT_CHARINFO  `260200001e02000001000000577972656c61646500000000`
  S2C  3202 0x0c82 sn=202 len=24    ?  `d1660100000000000000000000000000000000`
  S2C  3202 0x0c82 sn=203 len=24    ?  `d1660100000000000000000000000000000000`
  S2C  3202 0x0c82 sn=204 len=24    ?  `d1660100000000000000000000000000000000`
  S2C  3202 0x0c82 sn=205 len=24    ?  `d1660100000000000000000000000000000000`
  S2C  3202 0x0c82 sn=206 len=24    ?  `d1660100000000000000000000000000000000`
  S2C  3202 0x0c82 sn=207 len=24    ?  `d1660100000000000000000000000000000000`
  S2C  3202 0x0c82 sn=208 len=24    ?  `d1660100000000000000000000000000000000`
  S2C  1886 0x075e sn=0   len=8     ?  `000000`
  S2C  1886 0x075e sn=0   len=8     ?  `000000`
  S2C  1207 0x04b7 sn=1   len=46    MC_MATCH_CHANNEL_RESPONSE_JOIN  `00000000000000000000001b005354523a4348414e4e454c`
  S2C   402 0x0192 sn=0   len=29    MC_MATCH_ANNOUNCE  `00000013005850205550203f3f3f203f3f3f3f3f3f2e0050`
  S2C  1231 0x04cf sn=1   len=16    MC_MATCH_CHANNEL_RESPONSE_RULE  `0000000000000005000000`
  S2C  1222 0x04c6 sn=1   len=606   MC_MATCH_CHANNEL_RESPONSE_PLAYER_LIST  `00540200005400000007000000180e000000000000476172`
  S2C  1718 0x06b6 sn=1   len=265   MC_MATCH_RESPONSE_CHARINFO_DETAIL  `010000f900000001000000537472696b65475a0000000000`
  S2C  1213 0x04bd sn=168 len=176   MC_MATCH_CHANNEL_LIST  `000000a000000001000000010000000000000000000200a0`
  S2C  1704 0x06a8 sn=0   len=608   MC_MATCH_RESPONSE_SELECT_CHAR  `000000260200001e02000001000000577972656c61646500`
  S2C  3200 0x0c80 sn=216 len=3312  ?  `0c0000280000005200000059d26601000000000200000001`
  S2C  3206 0x0c86 sn=105 len=16    ?  `0000002f35000011000000`
  S2C  1822 0x071e sn=32  len=924   MC_MATCH_RESPONSE_CHARACTER_ITEMLIST  `4e000000000000b800000008000000160000000000000000`
  S2C  1822 0x071e sn=55  len=1562  MC_MATCH_RESPONSE_CHARACTER_ITEMLIST  `5e000000000000b80000000800000016000000c46d4d0000`
  S2C  2307 0x0903 sn=0   len=24    ?  `00000000000000000000000000000000000000`
  S2C  2303 0x08ff sn=232 len=32    ?  `0300000000000000000000ffffffffffffffff000000000a`
  S2C  1202 0x04b2 sn=1   len=12    MC_MATCH_RESPONSE_RECOMMANDED_CHANNEL  `00000000000000`
  S2C  1724 0x06bc sn=20  len=28    ?  `0000000c0000000100000001000000040000001e000000`
  S2C  3202 0x0c82 sn=156 len=24    ?  `d2660100000000000000000000000000000000`
  S2C  3202 0x0c82 sn=157 len=24    ?  `d2660100000000000000000000000000000000`
  S2C  3202 0x0c82 sn=158 len=24    ?  `d2660100000000000000000000000000000000`
  S2C  3202 0x0c82 sn=159 len=24    ?  `d2660100000000000000000000000000000000`
  S2C  3202 0x0c82 sn=160 len=24    ?  `d2660100000000000000000000000000000000`
  S2C  3202 0x0c82 sn=161 len=24    ?  `d2660100000000000000000000000000000000`
  S2C  3202 0x0c82 sn=162 len=24    ?  `d2660100000000000000000000000000000000`
  S2C  3202 0x0c82 sn=163 len=24    ?  `d2660100000000000000000000000000000000`
  S2C  3202 0x0c82 sn=164 len=24    ?  `d2660100000000000000000000000000000000`
  S2C  1886 0x075e sn=0   len=8     ?  `000000`
  S2C  1886 0x075e sn=0   len=8     ?  `000000`
  S2C  1207 0x04b7 sn=1   len=46    MC_MATCH_CHANNEL_RESPONSE_JOIN  `00000000000000000000001b005354523a4348414e4e454c`
  S2C   402 0x0192 sn=0   len=29    MC_MATCH_ANNOUNCE  `00000013005850205550203f3f3f203f3f3f3f3f3f2e00dd`
  S2C  1231 0x04cf sn=1   len=16    MC_MATCH_CHANNEL_RESPONSE_RULE  `0000000000000005000000`
  S2C  1222 0x04c6 sn=2   len=606   MC_MATCH_CHANNEL_RESPONSE_PLAYER_LIST  `00540200005400000007000000180e000000000000476172`
  S2C  1718 0x06b6 sn=1   len=265   MC_MATCH_RESPONSE_CHARINFO_DETAIL  `010000f900000001000000577972656c6164650000000000`
  S2C  1213 0x04bd sn=168 len=176   MC_MATCH_CHANNEL_LIST  `000000a000000001000000010000000000000000000200a0`
  S2C  1213 0x04bd sn=168 len=176   MC_MATCH_CHANNEL_LIST  `000000a000000001000000010000000000000000000200a0`
  S2C  1704 0x06a8 sn=0   len=608   MC_MATCH_RESPONSE_SELECT_CHAR  `000000260200001e02000001000000537472696b65475a00`
  S2C  3200 0x0c80 sn=136 len=3232  ?  `0c0000280000005000000028d46601000000000a00000001`
  S2C  3206 0x0c86 sn=45  len=16    ?  `000000399f000032000000`
  S2C  2307 0x0903 sn=0   len=24    ?  `00000000000000000000000000000000000000`
  S2C  1822 0x071e sn=55  len=1562  MC_MATCH_RESPONSE_CHARACTER_ITEMLIST  `5e000000000000b80000000800000016000000c46d4d0000`
  S2C  1822 0x071e sn=32  len=924   MC_MATCH_RESPONSE_CHARACTER_ITEMLIST  `4e000000000000b800000008000000160000000000000000`
  S2C  2303 0x08ff sn=232 len=32    ?  `0300000000000000000000ffffffffffffffff000000000a`
  S2C  1202 0x04b2 sn=1   len=12    MC_MATCH_RESPONSE_RECOMMANDED_CHANNEL  `00000000000000`
  S2C  3202 0x0c82 sn=103 len=24    ?  `d4660100000000000000000000000000000000`
  S2C  3202 0x0c82 sn=104 len=24    ?  `d4660100000000000000000000000000000000`
  S2C  3202 0x0c82 sn=105 len=24    ?  `d4660100000000000000000000000000000000`
  S2C  3202 0x0c82 sn=106 len=24    ?  `d4660100000000000000000000000000000000`
  S2C  3202 0x0c82 sn=107 len=24    ?  `d4660100000000000000000000000000000000`
  S2C  1724 0x06bc sn=20  len=28    ?  `0000000c0000000100000001000000040000001e000000`
  S2C  3202 0x0c82 sn=108 len=24    ?  `d4660100000000000000000000000000000000`
  S2C  3202 0x0c82 sn=109 len=24    ?  `d4660100000000000000000000000000000000`
  S2C  3202 0x0c82 sn=110 len=24    ?  `d4660100000000000000000000000000000000`
  S2C  3202 0x0c82 sn=111 len=24    ?  `d4660100000000000000000000000000000000`
  S2C  3202 0x0c82 sn=97  len=24    ?  `d4660100000000ff2a00000000000000000000`
  S2C  3202 0x0c82 sn=98  len=24    ?  `d4660100000000ff2a00000000000000000000`
  S2C  1886 0x075e sn=0   len=8     ?  `000000`
  S2C  1886 0x075e sn=0   len=8     ?  `000000`
  S2C  1207 0x04b7 sn=1   len=46    MC_MATCH_CHANNEL_RESPONSE_JOIN  `00000000000000000000001b005354523a4348414e4e454c`
  S2C   402 0x0192 sn=0   len=29    MC_MATCH_ANNOUNCE  `00000013005850205550203f3f3f203f3f3f3f3f3f2e0089`
  S2C  1231 0x04cf sn=1   len=16    MC_MATCH_CHANNEL_RESPONSE_RULE  `0000000000000005000000`
  S2C  1222 0x04c6 sn=2   len=606   MC_MATCH_CHANNEL_RESPONSE_PLAYER_LIST  `00540200005400000007000000180e000000000000476172`
  S2C  9301 0x2455 sn=32  len=44    ?  `000000180000000100000002000b00e90900000000000000`
  S2C  1718 0x06b6 sn=1   len=265   MC_MATCH_RESPONSE_CHARINFO_DETAIL  `010000f900000001000000537472696b65475a0000000000`
  S2C  1213 0x04bd sn=168 len=176   MC_MATCH_CHANNEL_LIST  `000000a000000001000000010000000000000000000400a0`
  S2C  1314 0x0522 sn=1   len=5254  MC_MATCH_STAGE_LIST  `017c14000016000000ee00000010a2000000000000010001`
  S2C  1335 0x0537 sn=208 len=6616  ?  `190000420000006400000001006a6170616e00000000004a`
  S2C  1335 0x0537 sn=208 len=6616  ?  `19000042000000640000006500426f726161616161616161`
  S2C  1335 0x0537 sn=212 len=2524  ?  `0900004200000026000000c900313233005420474f474f00`
  S2C  1213 0x04bd sn=168 len=176   MC_MATCH_CHANNEL_LIST  `000000a000000001000000010000000000000000000200a0`
  S2C  1704 0x06a8 sn=0   len=608   MC_MATCH_RESPONSE_SELECT_CHAR  `000000260200001e02000001000000746573743500000000`
  S2C  3200 0x0c80 sn=136 len=3232  ?  `0c0000280000005000000045d56601000000000700000001`
  S2C  3206 0x0c86 sn=40  len=16    ?  `00000072ad000037000000`
  S2C  2307 0x0903 sn=0   len=24    ?  `00000000000000000000000000000000000000`
  S2C  1822 0x071e sn=32  len=924   MC_MATCH_RESPONSE_CHARACTER_ITEMLIST  `4e000000000000b800000008000000160000000000000000`
  S2C  1822 0x071e sn=32  len=924   MC_MATCH_RESPONSE_CHARACTER_ITEMLIST  `4e000000000000b800000008000000160000000000000000`
  S2C  2303 0x08ff sn=232 len=32    ?  `0300000000000000000000ffffffffffffffff000000000a`
  S2C  1202 0x04b2 sn=1   len=12    MC_MATCH_RESPONSE_RECOMMANDED_CHANNEL  `00000000000000`
  S2C  1724 0x06bc sn=20  len=28    ?  `0000000c0000000100000001000000040000001e000000`
  S2C  3202 0x0c82 sn=133 len=24    ?  `d5660100000000000000000000000000000000`
  S2C  3202 0x0c82 sn=134 len=24    ?  `d5660100000000000000000000000000000000`
  S2C  3202 0x0c82 sn=135 len=24    ?  `d5660100000000000000000000000000000000`
  S2C  3202 0x0c82 sn=136 len=24    ?  `d5660100000000000000000000000000000000`
  S2C  3202 0x0c82 sn=137 len=24    ?  `d5660100000000000000000000000000000000`
  S2C  3202 0x0c82 sn=138 len=24    ?  `d5660100000000000000000000000000000000`
  S2C  3202 0x0c82 sn=139 len=24    ?  `d5660100000000000000000000000000000000`
  S2C  3202 0x0c82 sn=140 len=24    ?  `d5660100000000000000000000000000000000`
  S2C  3202 0x0c82 sn=141 len=24    ?  `d5660100000000000000000000000000000000`
  S2C  1886 0x075e sn=0   len=8     ?  `000000`
  S2C  1886 0x075e sn=0   len=8     ?  `000000`
  S2C  1207 0x04b7 sn=1   len=46    MC_MATCH_CHANNEL_RESPONSE_JOIN  `00000000000000000000001b005354523a4348414e4e454c`
  S2C   402 0x0192 sn=0   len=29    MC_MATCH_ANNOUNCE  `00000013005850205550203f3f3f203f3f3f3f3f3f2e0000`
  S2C  1231 0x04cf sn=1   len=16    MC_MATCH_CHANNEL_RESPONSE_RULE  `0000000000000005000000`
  S2C  1222 0x04c6 sn=2   len=606   MC_MATCH_CHANNEL_RESPONSE_PLAYER_LIST  `00540200005400000007000000180e000000000000476172`
  S2C  1718 0x06b6 sn=1   len=265   MC_MATCH_RESPONSE_CHARINFO_DETAIL  `010000f90000000100000074657374350000000000000000`
  S2C  1213 0x04bd sn=168 len=176   MC_MATCH_CHANNEL_LIST  `000000a000000001000000010000000000000000000100a0`
  S2C  1704 0x06a8 sn=0   len=608   MC_MATCH_RESPONSE_SELECT_CHAR  `000000260200001e02000001000000577972656c61646500`
  S2C  3200 0x0c80 sn=216 len=3312  ?  `0c000028000000520000004fd86601000000000200000001`
  S2C  3206 0x0c86 sn=105 len=16    ?  `0000002f35000011000000`
  S2C  2307 0x0903 sn=0   len=24    ?  `00000000000000000000000000000000000000`
  S2C  1822 0x071e sn=32  len=924   MC_MATCH_RESPONSE_CHARACTER_ITEMLIST  `4e000000000000b800000008000000160000000000000000`
  S2C  1822 0x071e sn=55  len=1562  MC_MATCH_RESPONSE_CHARACTER_ITEMLIST  `5e000000000000b80000000800000016000000046f4d0000`
  S2C  2303 0x08ff sn=232 len=32    ?  `0300000000000000000000ffffffffffffffff000000000a`
  S2C  1202 0x04b2 sn=1   len=12    MC_MATCH_RESPONSE_RECOMMANDED_CHANNEL  `00000000000000`
  S2C  3202 0x0c82 sn=146 len=24    ?  `d8660100000000000000000000000000000000`
  S2C  9301 0x2455 sn=32  len=44    ?  `000000180000000100000002000b00e90900000000000000`
  S2C  1724 0x06bc sn=20  len=28    ?  `0000000c0000000100000001000000040000001e000000`
  S2C  3202 0x0c82 sn=147 len=24    ?  `d8660100000000000000000000000000000000`
  S2C  3202 0x0c82 sn=148 len=24    ?  `d8660100000000000000000000000000000000`
  S2C  3202 0x0c82 sn=149 len=24    ?  `d8660100000000000000000000000000000000`
  S2C  3202 0x0c82 sn=150 len=24    ?  `d8660100000000000000000000000000000000`
  S2C  3202 0x0c82 sn=151 len=24    ?  `d8660100000000000000000000000000000000`
  S2C  3202 0x0c82 sn=152 len=24    ?  `d8660100000000000000000000000000000000`
  S2C  3202 0x0c82 sn=153 len=24    ?  `d8660100000000000000000000000000000000`
  S2C  3202 0x0c82 sn=154 len=24    ?  `d8660100000000000000000000000000000000`
  S2C  1886 0x075e sn=0   len=8     ?  `000000`
  S2C  1886 0x075e sn=0   len=8     ?  `000000`
  S2C  1207 0x04b7 sn=1   len=46    MC_MATCH_CHANNEL_RESPONSE_JOIN  `00000000000000000000001b005354523a4348414e4e454c`
  S2C   402 0x0192 sn=0   len=29    MC_MATCH_ANNOUNCE  `00000013005850205550203f3f3f203f3f3f3f3f3f2e0031`
  S2C  1231 0x04cf sn=1   len=16    MC_MATCH_CHANNEL_RESPONSE_RULE  `0000000000000005000000`
  S2C  1222 0x04c6 sn=2   len=606   MC_MATCH_CHANNEL_RESPONSE_PLAYER_LIST  `00540200005400000007000000180e000000000000476172`
  S2C  1213 0x04bd sn=168 len=176   MC_MATCH_CHANNEL_LIST  `000000a000000001000000010000000000000000000200a0`
  S2C  1718 0x06b6 sn=1   len=265   MC_MATCH_RESPONSE_CHARINFO_DETAIL  `010000f900000001000000577972656c6164650000000000`
  S2C 21001 0x5209 sn=8   len=16    MC_MATCH_RESPONSE_CHAR_QUEST_ITEM_LIST  `0000000800000000000000`
  S2C  1213 0x04bd sn=168 len=176   MC_MATCH_CHANNEL_LIST  `000000a000000001000000010000000000000000000300a0`
  S2C  9301 0x2455 sn=32  len=44    ?  `000000180000000100000002000b00e90900000000000000`
  S2C  1213 0x04bd sn=168 len=176   MC_MATCH_CHANNEL_LIST  `000000a000000001000000010000000000000000000700a0`
  S2C  1213 0x04bd sn=168 len=176   MC_MATCH_CHANNEL_LIST  `000000a000000001000000010000000000000000000400a0`
  S2C  9301 0x2455 sn=32  len=44    ?  `000000180000000100000002000b00e90900000000000000`
  S2C  1213 0x04bd sn=168 len=176   MC_MATCH_CHANNEL_LIST  `000000a000000001000000010000000000000000000500a0`
  S2C  9301 0x2455 sn=32  len=44    ?  `000000180000000100000002000b00e90900000000000000`
  S2C  1213 0x04bd sn=168 len=176   MC_MATCH_CHANNEL_LIST  `000000a000000001000000010000000000000000000800a0`
  S2C  1213 0x04bd sn=168 len=176   MC_MATCH_CHANNEL_LIST  `000000a000000001000000010000000000000000000900a0`
  S2C  9301 0x2455 sn=32  len=44    ?  `000000180000000100000002000b00e90900000000000000`
  S2C  1213 0x04bd sn=168 len=176   MC_MATCH_CHANNEL_LIST  `000000a000000001000000010000000000000000000600a0`
  S2C  1824 0x0720 sn=0   len=8     MC_MATCH_RESPONSE_EQUIP_ITEM  `000000`
  S2C  1822 0x071e sn=55  len=1562  MC_MATCH_RESPONSE_CHARACTER_ITEMLIST  `5e000000000000b80000000800000016000000046f4d0000`
  S2C  1886 0x075e sn=0   len=8     ?  `000000`
  S2C  9301 0x2455 sn=32  len=44    ?  `000000180000000100000002000b00e90900000000000000`
  S2C  1213 0x04bd sn=168 len=176   MC_MATCH_CHANNEL_LIST  `000000a000000001000000010000000000000000000a00a0`
  S2C  1824 0x0720 sn=0   len=8     MC_MATCH_RESPONSE_EQUIP_ITEM  `000000`
  S2C  1822 0x071e sn=55  len=1562  MC_MATCH_RESPONSE_CHARACTER_ITEMLIST  `5e000000000000b80000000800000016000000046f4d0000`
  S2C  1886 0x075e sn=0   len=8     ?  `000000`
  S2C  1213 0x04bd sn=168 len=176   MC_MATCH_CHANNEL_LIST  `000000a000000001000000010000000000000000000800a0`
  S2C  9301 0x2455 sn=32  len=44    ?  `000000180000000100000002000b00e90900000000000000`
  S2C  1213 0x04bd sn=168 len=176   MC_MATCH_CHANNEL_LIST  `000000a00000000100000001000000000000000000094ca0`
  S2C  9301 0x2455 sn=32  len=44    ?  `000000180000000100000002000b00e90900000000000000`
  S2C  9301 0x2455 sn=32  len=44    ?  `000000180000000100000002000b00e90900000000000000`
  S2C  1824 0x0720 sn=0   len=8     MC_MATCH_RESPONSE_EQUIP_ITEM  `000000`
  S2C  1822 0x071e sn=55  len=1562  MC_MATCH_RESPONSE_CHARACTER_ITEMLIST  `5e000000000000b80000000800000016000000046f4d0000`
  S2C  1886 0x075e sn=0   len=8     ?  `000000`
  S2C  2202 0x089a sn=8   len=38    MC_MATCH_BROADCAST_DUEL_RENEW_VICTORIES  `00496c6a61617300560e0046726565204368616e6e656c00`
  S2C  1824 0x0720 sn=0   len=8     MC_MATCH_RESPONSE_EQUIP_ITEM  `000000`
  S2C  1822 0x071e sn=55  len=1562  MC_MATCH_RESPONSE_CHARACTER_ITEMLIST  `5e000000000000b80000000800000016000000046f4d0000`
  S2C  9301 0x2455 sn=32  len=44    ?  `000000180000000100000002000b00e90900000000000000`
  S2C  1886 0x075e sn=0   len=8     ?  `000000`
  S2C  1886 0x075e sn=0   len=8     ?  `000000`
  S2C  9301 0x2455 sn=32  len=44    ?  `000000180000000100000002000b00e90900000000000000`
  S2C  1213 0x04bd sn=168 len=176   MC_MATCH_CHANNEL_LIST  `000000a000000001000000010000000000000000000812a0`
  S2C  1702 0x06a6 sn=146 len=154   MC_MATCH_RESPONSE_ACCOUNT_CHARLIST  `0000002e00000003000000f1680000577972656c61646500`
  S2C  5004 0x138c sn=24  len=544   ?  `02000058000000060000000c00000000000000676130322e`
  S2C  1720 0x06b8 sn=0   len=559   MC_MATCH_RESPONSE_ACCOUNT_CHARINFO  `260200001e02000001000000577972656c61646500000000`
  S2C  1704 0x06a8 sn=0   len=608   MC_MATCH_RESPONSE_SELECT_CHAR  `000000260200001e02000001000000577972656c61646500`
  S2C  3200 0x0c80 sn=216 len=3312  ?  `0c000028000000520000006cfa6601000000000200000001`
  S2C  3206 0x0c86 sn=105 len=16    ?  `0000003135000011000000`
  S2C  2307 0x0903 sn=0   len=24    ?  `00000000000000000000000000000000000000`
  S2C  1822 0x071e sn=55  len=1562  MC_MATCH_RESPONSE_CHARACTER_ITEMLIST  `5e000000000000b80000000800000016000000046f4d0000`
  S2C  1822 0x071e sn=55  len=1562  MC_MATCH_RESPONSE_CHARACTER_ITEMLIST  `5e000000000000b800000008000000160000009e744d0000`
  S2C  2303 0x08ff sn=232 len=32    ?  `0300000000000000000000ffffffffffffffff000000000a`
  S2C  1202 0x04b2 sn=1   len=12    MC_MATCH_RESPONSE_RECOMMANDED_CHANNEL  `00000000000000`
  S2C  3202 0x0c82 sn=175 len=24    ?  `fa660100000000000000000000000000000000`
  S2C  1213 0x04bd sn=168 len=176   MC_MATCH_CHANNEL_LIST  `000000a000000001000000010000000000000000000700a0`
  S2C  1724 0x06bc sn=20  len=28    ?  `0000000c0000000100000001000000040000001e000000`
  S2C  3202 0x0c82 sn=176 len=24    ?  `fa660100000000000000000000000000000000`
  S2C  3202 0x0c82 sn=177 len=24    ?  `fa660100000000000000000000000000000000`
  S2C  3202 0x0c82 sn=178 len=24    ?  `fa660100000000000000000000000000000000`
  S2C  3202 0x0c82 sn=179 len=24    ?  `fa660100000000000000000000000000000000`
  S2C  3202 0x0c82 sn=180 len=24    ?  `fa660100000000000000000000000000000000`
  S2C  3202 0x0c82 sn=181 len=24    ?  `fa660100000000000000000000000000000000`
  S2C  3202 0x0c82 sn=182 len=24    ?  `fa660100000000000000000000000000000000`
  S2C  3202 0x0c82 sn=183 len=24    ?  `fa660100000000000000000000000000000000`
  S2C  1886 0x075e sn=0   len=8     ?  `000000`
  S2C  1886 0x075e sn=0   len=8     ?  `000000`
  S2C  1207 0x04b7 sn=1   len=46    MC_MATCH_CHANNEL_RESPONSE_JOIN  `00000000000000000000001b005354523a4348414e4e454c`
  S2C   402 0x0192 sn=0   len=29    MC_MATCH_ANNOUNCE  `00000013005850205550203f3f3f203f3f3f3f3f3f2e00dd`
  S2C  1231 0x04cf sn=1   len=16    MC_MATCH_CHANNEL_RESPONSE_RULE  `0000000000000005000000`
  S2C  1222 0x04c6 sn=10  len=606   MC_MATCH_CHANNEL_RESPONSE_PLAYER_LIST  `00540200005400000007000000180e000000000000476172`
  S2C  1718 0x06b6 sn=1   len=265   MC_MATCH_RESPONSE_CHARINFO_DETAIL  `010000f900000001000000577972656c6164650000000000`
  S2C  9301 0x2455 sn=32  len=44    ?  `000000180000000100000002000b00e90900000000000000`
  S2C  1213 0x04bd sn=168 len=176   MC_MATCH_CHANNEL_LIST  `000000a000000001000000010000000000000000000a00a0`
  S2C  1303 0x0517 sn=23  len=34    MC_MATCH_STAGE_JOIN  `27230000000000b4a10000000000004b00000008007a647a`
  S2C  1101 0x044d sn=2   len=1409  MC_MATCH_OBJECT_CACHE  `78050000e800000006000000482a150940239236c5222100`
  S2C  1421 0x058d sn=180 len=20    MC_MATCH_STAGE_MASTER  `a100000000000005e0220000000000`
  S2C  1423 0x058f sn=23  len=24    MC_MATCH_STAGE_TEAM  `27230000000000b4a100000000000002000000`
  S2C  1422 0x058e sn=23  len=24    MC_MATCH_STAGE_PLAYER_STATE  `27230000000000b4a100000000000000000000`
  S2C  1424 0x0590 sn=23  len=44    ?  `27230000000000b4a1000000000000140000000400000003`
  S2C  1007 0x03ef sn=23  len=16    MC_MATCH_BRIDGEPEER_ACK  `2723000000000000000000`
  S2C  1412 0x0584 sn=180 len=463   MC_MATCH_RESPONSE_STAGESETTING  `a10000000000003001000028010000010000000000000000`
  S2C  2052 0x0804 sn=24  len=16    MC_MATCH_CLAN_RESPONSE_EMBLEMURL  `0000000000000002000010`
  S2C 21001 0x5209 sn=8   len=16    MC_MATCH_RESPONSE_CHAR_QUEST_ITEM_LIST  `0000000800000000000000`
  S2C  1412 0x0584 sn=180 len=463   MC_MATCH_RESPONSE_STAGESETTING  `a10000000000003001000028010000010000000000000000`
  S2C  1416 0x0588 sn=0   len=8     MC_MATCH_STAGE_RESPONSE_FORCED_ENTRY  `000000`
  S2C  3202 0x0c82 sn=104 len=24    ?  `e6650100000000000000000e00000000000000`
  S2C  9301 0x2455 sn=32  len=44    ?  `000000180000000100000002000b00e90900000000000000`
  S2C  1007 0x03ef sn=23  len=16    MC_MATCH_BRIDGEPEER_ACK  `2723000000000000000000`
  S2C  1462 0x05b6 sn=180 len=2834  MC_MATCH_RESPONSE_PEERLIST  `a1000000000000020b00003202000005000000c522210000`
  S2C  1422 0x058e sn=23  len=24    MC_MATCH_STAGE_PLAYER_STATE  `27230000000000b4a100000000000001000000`
  S2C  1402 0x057a sn=1   len=579   MC_MATCH_STAGE_ENTERBATTLE  `3a0200003202000001000000172723000000000055836a0c`
  S2C  1501 0x05dd sn=180 len=28    MC_MATCH_GAME_ROUNDSTATE  `a100000000000000000000020000000100000002530000`
  S2C  1522 0x05f2 sn=145 len=12    MC_MATCH_GAME_RESPONSE_TIMESYNC  `b9e600b008a512`
  S2C  1512 0x05e8 sn=5   len=28    MC_MATCH_GAME_DEAD  `e02200000000004500a001c52221000000000030000000`
  S2C  1512 0x05e8 sn=29  len=28    MC_MATCH_GAME_DEAD  `38210000000000630063024a9322000000000025000000`
  S2C  1501 0x05dd sn=180 len=28    MC_MATCH_GAME_ROUNDSTATE  `a100000000000000000000030000000200000000000000`
  S2C  9301 0x2455 sn=32  len=44    ?  `000000180000000100000002000b00e90900000000000000`
  S2C  5061 0x13c5 sn=11  len=43    MC_AGENT_LOCATETO_CLIENT  `7f1b00000000001500676130312e6d6173616e67736f6674`
  S2C  1472 0x05c0 sn=0   len=12    MC_MATCH_RESPONSE_PEER_RELAY  `00000000000000`
  S2C  1501 0x05dd sn=180 len=28    MC_MATCH_GAME_ROUNDSTATE  `a100000000000001000000000000000200000000000000`
  S2C  1501 0x05dd sn=180 len=28    MC_MATCH_GAME_ROUNDSTATE  `a100000000000001000000010000000200000000000000`
  S2C  1516 0x05ec sn=197 len=24    MC_MATCH_GAME_RESPONSE_SPAWN  `22210000000000981dd1fa05000000ff7c0000`
  S2C  1516 0x05ec sn=29  len=24    MC_MATCH_GAME_RESPONSE_SPAWN  `38210000000000a1001c0605000000ff7c0000`
  S2C  1516 0x05ec sn=74  len=24    MC_MATCH_GAME_RESPONSE_SPAWN  `93220000000000151dd1fa05000000ff7c0000`
  S2C  1516 0x05ec sn=5   len=24    MC_MATCH_GAME_RESPONSE_SPAWN  `e02200000000002702160605000000ff7c0000`
  S2C  1516 0x05ec sn=140 len=24    MC_MATCH_GAME_RESPONSE_SPAWN  `2c230000000000a401160605000000ff7c0000`
  S2C  1516 0x05ec sn=23  len=24    MC_MATCH_GAME_RESPONSE_SPAWN  `27230000000000911cd1fa05000000ff7c0000`
  S2C  9301 0x2455 sn=32  len=44    ?  `000000180000000100000002000b00e90900000000000000`
  S2C  1445 0x05a5 sn=23  len=12    ?  `27230000000000`
  S2C  1501 0x05dd sn=180 len=28    MC_MATCH_GAME_ROUNDSTATE  `a100000000000001000000020000000200000000000000`
  S2C  9301 0x2455 sn=32  len=44    ?  `000000180000000100000002000b00e90900000000000000`
  S2C  9301 0x2455 sn=32  len=44    ?  `000000180000000100000002000b00e90900000000000000`
  S2C  9301 0x2455 sn=32  len=44    ?  `000000180000000100000002000b00e90900000000000000`
  S2C  9301 0x2455 sn=32  len=44    ?  `000000180000000100000002000b00e90900000000000000`
  S2C  9301 0x2455 sn=32  len=44    ?  `000000180000000100000002000b00e90900000000000000`
  S2C  1512 0x05e8 sn=29  len=28    MC_MATCH_GAME_DEAD  `3821000000000064004c01c52221000000000030000000`
  S2C  1513 0x05e9 sn=29  len=16    MC_MATCH_GAME_LEVEL_UP  `382100000000000e000000`
  S2C  9301 0x2455 sn=32  len=44    ?  `000000180000000100000002000b00e90900000000000000`
  S2C  1543 0x0607 sn=20  len=28    MC_MATCH_SPAWN_WORLDITEM  `0000000c00000001000000010064000100001817fd0100`
  S2C  1542 0x0606 sn=29  len=16    MC_MATCH_OBTAIN_WORLDITEM  `3821000000000001000000`
  S2C  1543 0x0607 sn=20  len=28    MC_MATCH_SPAWN_WORLDITEM  `0000000c0000000100000002006e000100001828fd0100`
  S2C  1542 0x0606 sn=29  len=16    MC_MATCH_OBTAIN_WORLDITEM  `3821000000000002000000`
  S2C  9301 0x2455 sn=32  len=44    ?  `000000180000000100000002000b00e90900000000000000`
  S2C  1543 0x0607 sn=20  len=28    MC_MATCH_SPAWN_WORLDITEM  `0000000c00000001000000030064000100f8172cfd0100`
  S2C  1542 0x0606 sn=29  len=16    MC_MATCH_OBTAIN_WORLDITEM  `3821000000000003000000`
  S2C  1543 0x0607 sn=20  len=28    MC_MATCH_SPAWN_WORLDITEM  `0000000c0000000100000004006e000100f8172cfd0100`
  S2C   322 0x0142 sn=251 len=8     MC_NET_PING  `76a512`
  S2C  1542 0x0606 sn=29  len=16    MC_MATCH_OBTAIN_WORLDITEM  `3821000000000004000000`
  S2C  9301 0x2455 sn=32  len=44    ?  `000000180000000100000002000b00e90900000000000000`
  S2C  1543 0x0607 sn=20  len=28    MC_MATCH_SPAWN_WORLDITEM  `0000000c00000001000000050065000100650911010100`
  S2C  1543 0x0607 sn=20  len=28    MC_MATCH_SPAWN_WORLDITEM  `0000000c00000001000000060064000100001828fd0100`
  S2C  1542 0x0606 sn=5   len=16    MC_MATCH_OBTAIN_WORLDITEM  `e022000000000005000000`
  S2C  1542 0x0606 sn=29  len=16    MC_MATCH_OBTAIN_WORLDITEM  `3821000000000006000000`
  S2C  1543 0x0607 sn=20  len=28    MC_MATCH_SPAWN_WORLDITEM  `0000000c0000000100000007006e000100001836fd0100`
  S2C  1542 0x0606 sn=29  len=16    MC_MATCH_OBTAIN_WORLDITEM  `3821000000000007000000`
  S2C  1543 0x0607 sn=20  len=28    MC_MATCH_SPAWN_WORLDITEM  `0000000c0000000100000008006e000100f8173cfd0100`
  S2C  1542 0x0606 sn=29  len=16    MC_MATCH_OBTAIN_WORLDITEM  `3821000000000008000000`
  S2C  9301 0x2455 sn=32  len=44    ?  `000000180000000100000002000b00e90900000000000000`
  S2C  9301 0x2455 sn=32  len=44    ?  `000000180000000100000002000b00e90900000000000000`
  S2C  2202 0x089a sn=10  len=40    MC_MATCH_BROADCAST_DUEL_RENEW_VICTORIES  `004b7370656374657200240e0046726565204368616e6e65`
  S2C  1543 0x0607 sn=20  len=28    MC_MATCH_SPAWN_WORLDITEM  `0000000c00000001000000090065000100ac11ea010100`
  S2C  1542 0x0606 sn=5   len=16    MC_MATCH_OBTAIN_WORLDITEM  `e022000000000009000000`
  S2C  9301 0x2455 sn=32  len=44    ?  `000000180000000100000002000b00e90900000000000000`
  S2C  1512 0x05e8 sn=74  len=28    MC_MATCH_GAME_DEAD  `932200000000002900840205e022000000000045000000`
  S2C  1512 0x05e8 sn=29  len=28    MC_MATCH_GAME_DEAD  `382100000000000600e8014a9322000000000029000000`
  S2C  9301 0x2455 sn=32  len=44    ?  `000000180000000100000002000b00e90900000000000000`
  S2C  9301 0x2455 sn=32  len=44    ?  `000000180000000100000002000b00e90900000000000000`
  S2C  1101 0x044d sn=0   len=249   MC_MATCH_OBJECT_CACHE  `f0000000e8000000010000000200020065500000bf3e2300`
  S2C  1422 0x058e sn=191 len=24    MC_MATCH_STAGE_PLAYER_STATE  `3e230000000000b4a100000000000000000000`
  S2C  1424 0x0590 sn=191 len=44    ?  `3e230000000000b4a1000000000000140000000400000003`
  S2C  9301 0x2455 sn=32  len=44    ?  `000000180000000100000002000b00e90900000000000000`
  S2C  1441 0x05a1 sn=191 len=16    MC_MATCH_LOADING_COMPLETE  `3e23000000000064000000`
  S2C  1422 0x058e sn=191 len=24    MC_MATCH_STAGE_PLAYER_STATE  `3e230000000000b4a100000000000001000000`
  S2C  1402 0x057a sn=1   len=579   MC_MATCH_STAGE_ENTERBATTLE  `3a0200003202000001000000bf3e230000000000746fb979`
  S2C  1543 0x0607 sn=20  len=28    MC_MATCH_SPAWN_WORLDITEM  `0000000c000000010000000a0008000100430f0100d2ff`
  S2C  9301 0x2455 sn=32  len=44    ?  `000000180000000100000002000b00e90900000000000000`
  S2C  9301 0x2455 sn=32  len=44    ?  `000000180000000100000002000b00e90900000000000000`
  S2C  3202 0x0c82 sn=103 len=24    ?  `e665010000000000000000cc06000000000000`
  S2C  9301 0x2455 sn=32  len=44    ?  `000000180000000100000002000b00e90900000000000000`
  S2C  3202 0x0c82 sn=125 len=24    ?  `fa660100000000000000004304000000000000`
  S2C  9301 0x2455 sn=32  len=44    ?  `000000180000000100000002000b00e90900000000000000`
  S2C  9301 0x2455 sn=32  len=44    ?  `000000180000000100000002000b00e90900000000000000`
  S2C  9301 0x2455 sn=32  len=44    ?  `000000180000000100000002000b00e90900000000000000`
  S2C  2101 0x0835 sn=197 len=45    MC_MATCH_NOTIFY_CALLVOTE  `2221000000000006006b69636b00150a00577972656c6164`
  S2C  1542 0x0606 sn=23  len=16    MC_MATCH_OBTAIN_WORLDITEM  `272300000000000a000000`
  S2C  9301 0x2455 sn=32  len=44    ?  `000000180000000100000002000b00e90900000000000000`
  S2C  2101 0x0835 sn=74  len=45    MC_MATCH_NOTIFY_CALLVOTE  `9322000000000006006b69636b00ab0a00577972656c6164`
  S2C  9301 0x2455 sn=32  len=44    ?  `000000180000000100000002000b00e90900000000000000`
  S2C  2101 0x0835 sn=5   len=45    MC_MATCH_NOTIFY_CALLVOTE  `e022000000000006006b69636b00d20a00577972656c6164`
  S2C  9301 0x2455 sn=32  len=44    ?  `000000180000000100000002000b00e90900000000000000`
  S2C  1101 0x044d sn=0   len=249   MC_MATCH_OBJECT_CACHE  `f0000000e8000000010000000200020065500000e90e2300`
  S2C  1422 0x058e sn=233 len=24    MC_MATCH_STAGE_PLAYER_STATE  `0e230000000000b4a100000000000000000000`
  S2C  1424 0x0590 sn=233 len=44    ?  `0e230000000000b4a1000000000000140000000400000003`
  S2C  2101 0x0835 sn=29  len=45    MC_MATCH_NOTIFY_CALLVOTE  `3821000000000006006b69636b00580a00577972656c6164`
  S2C  2102 0x0836 sn=6   len=28    MC_MATCH_NOTIFY_VOTERESULT  `006b69636b00a9010000000a00577972656c616465003e`
  S2C  1101 0x044d sn=2   len=1873  MC_MATCH_OBJECT_CACHE  `48070000e800000008000000bafb1e0000000000c5222100`
  S2C  1404 0x057c sn=23  len=13    ?  `2723000000000000`
  S2C  1422 0x058e sn=23  len=24    MC_MATCH_STAGE_PLAYER_STATE  `27230000000000b4a100000000000000000000`
  S2C  1307 0x051b sn=23  len=12    MC_MATCH_STAGE_LEAVE  `27230000000000`
  S2C  1101 0x044d sn=1   len=1641  MC_MATCH_OBJECT_CACHE  `60060000e8000000070000007c13e0163c10f12bc5222100`
  S2C  1222 0x04c6 sn=15  len=606   MC_MATCH_CHANNEL_RESPONSE_PLAYER_LIST  `00540200005400000007000000180e000000000000476172`
  S2C  1822 0x071e sn=55  len=1562  MC_MATCH_RESPONSE_CHARACTER_ITEMLIST  `5e000000000000b800000008000000160000009e744d0000`
  S2C  2052 0x0804 sn=24  len=16    MC_MATCH_CLAN_RESPONSE_EMBLEMURL  `000000000000000200002a`
  S2C  3202 0x0c82 sn=125 len=24    ?  `fa660100000000fc2a00004304000000000000`
  S2C  1804 0x070c sn=53  len=61    MC_MATCH_RESPONSE_MY_SIMPLE_CHARINFO  `0000002d0000000100000007a0180000375e000000000000`
  S2C  1822 0x071e sn=55  len=1562  MC_MATCH_RESPONSE_CHARACTER_ITEMLIST  `5e000000000000b800000008000000160000009e744d0000`
  S2C  1314 0x0522 sn=1   len=5298  MC_MATCH_STAGE_LIST  `01a814000016000000f000000010a2000000000000010001`
  S2C  1335 0x0537 sn=208 len=6616  ?  `190000420000006400000001006a6170616e00000000000a`
  S2C  1335 0x0537 sn=208 len=6616  ?  `19000042000000640000006500426f726161616161616161`
  S2C  1335 0x0537 sn=88  len=2656  ?  `0a00004200000028000000ca004b796f726100474f474f00`
  S2C  1222 0x04c6 sn=15  len=606   MC_MATCH_CHANNEL_RESPONSE_PLAYER_LIST  `00540200005400000007000000180e000000000000476172`
  S2C  1886 0x075e sn=0   len=8     ?  `000000`
  S2C  1722 0x06ba sn=8   len=16    ?  `000000c400000000000000`
  S2C  3202 0x0c82 sn=110 len=24    ?  `e6650100000000000000006305000000000000`
  S2C  1886 0x075e sn=0   len=8     ?  `000000`
  S2C  1213 0x04bd sn=168 len=176   MC_MATCH_CHANNEL_LIST  `000000a000000001000000010000000000000000001000a0`
  S2C  9301 0x2455 sn=32  len=44    ?  `000000180000000100000002000b00e90900000000000000`
  S2C  1213 0x04bd sn=168 len=176   MC_MATCH_CHANNEL_LIST  `000000a000000001000000010000000000000000000e00a0`
  S2C  2203 0x089b sn=10  len=32    MC_MATCH_BROADCAST_DUEL_INTERRUPT_VICTORIES  `004b7370656374657200050a0073696e58776f6f6e00120c`
  S2C  1222 0x04c6 sn=12  len=606   MC_MATCH_CHANNEL_RESPONSE_PLAYER_LIST  `00540200005400000007000000180e000000000000476172`
  S2C  9301 0x2455 sn=32  len=44    ?  `000000180000000100000002000b00e90900000000000000`
  S2C  1213 0x04bd sn=168 len=176   MC_MATCH_CHANNEL_LIST  `000000a000000001000000010000000000000000000f00a0`
  S2C  1213 0x04bd sn=168 len=176   MC_MATCH_CHANNEL_LIST  `000000a000000001000000010000000000000000000d00a0`
  S2C  9301 0x2455 sn=32  len=44    ?  `000000180000000100000002000b00e90900000000000000`
  S2C  1213 0x04bd sn=168 len=176   MC_MATCH_CHANNEL_LIST  `000000a000000001000000010000000000000000000912a0`
  S2C  9301 0x2455 sn=32  len=44    ?  `000000180000000100000002000b00e90900000000000000`
  S2C  1213 0x04bd sn=168 len=176   MC_MATCH_CHANNEL_LIST  `000000a000000001000000010000000000000000000b00a0`
  S2C  1213 0x04bd sn=168 len=176   MC_MATCH_CHANNEL_LIST  `000000a000000001000000010000000000000000000a00a0`
  S2C  1222 0x04c6 sn=10  len=606   MC_MATCH_CHANNEL_RESPONSE_PLAYER_LIST  `00540200005400000007000000180e000000000000476172`
  S2C  9301 0x2455 sn=32  len=44    ?  `000000180000000100000002000b00e90900000000000000`
  S2C  1314 0x0522 sn=1   len=5298  MC_MATCH_STAGE_LIST  `01a814000016000000f000000010a2000000000000010001`
  S2C  1335 0x0537 sn=208 len=6616  ?  `190000420000006400000001006a6170616e00000000000a`
  S2C  1335 0x0537 sn=208 len=6616  ?  `19000042000000640000006600746f776e74776f6e006161`
  S2C  1335 0x0537 sn=88  len=2656  ?  `0a00004200000028000000ca004b796f726100474f474f00`
  S2C  1213 0x04bd sn=168 len=176   MC_MATCH_CHANNEL_LIST  `000000a000000001000000010000000000000000000b00a0`
  S2C  9301 0x2455 sn=32  len=44    ?  `000000180000000100000002000b00e90900000000000000`
  S2C  1213 0x04bd sn=168 len=176   MC_MATCH_CHANNEL_LIST  `000000a000000001000000010000000000000000000d00a0`
  C2S  1017 0x03f9 sn=9   len=731   MC_MATCH_LOGIN_STEAM  `003134353037393200002a00704755564e33544346514c70`
  C2S  1701 0x06a5 sn=28  len=36    MC_MATCH_REQUEST_ACCOUNT_CHARLIST  `000000010000001400000000000000000000000000000000`
  C2S  1006 0x03ee sn=23  len=20    MC_MATCH_BRIDGEPEER  `27230000000000000000004f1e0000`
  C2S  1719 0x06b7 sn=0   len=5     MC_MATCH_REQUEST_ACCOUNT_CHARINFO  ``
  C2S  1006 0x03ee sn=23  len=20    MC_MATCH_BRIDGEPEER  `27230000000000000000004f1e0000`
  C2S  1703 0x06a7 sn=23  len=16    MC_MATCH_REQUEST_SELECT_CHAR  `2723000000000000000000`
  C2S  1006 0x03ee sn=23  len=20    MC_MATCH_BRIDGEPEER  `27230000000000000000004f1e0000`
  C2S  1006 0x03ee sn=23  len=20    MC_MATCH_BRIDGEPEER  `27230000000000000000004f1e0000`
  C2S  6347 0x18cb sn=23  len=12    MC_MATCH_MISC_STEAM  `27230000000000`
  C2S  1211 0x04bb sn=23  len=16    MC_MATCH_CHANNEL_LIST_START  `2723000000000000000000`
  C2S  1605 0x0645 sn=0   len=8     MC_MATCH_USER_OPTION  `000000`
  C2S  3201 0x0c81 sn=196 len=17    MC_MATCH_STATE_STEAM  `e66501000000000700000001`
  C2S  3201 0x0c81 sn=197 len=17    MC_MATCH_STATE_STEAM  `e66501000000000700000001`
  C2S  3201 0x0c81 sn=198 len=17    MC_MATCH_STATE_STEAM  `e66501000000000700000001`
  C2S  3201 0x0c81 sn=199 len=17    MC_MATCH_STATE_STEAM  `e66501000000000700000001`
  C2S  3201 0x0c81 sn=200 len=17    MC_MATCH_STATE_STEAM  `e66501000000000700000001`
  C2S  3201 0x0c81 sn=201 len=17    MC_MATCH_STATE_STEAM  `e66501000000000700000001`
  C2S  3201 0x0c81 sn=202 len=17    MC_MATCH_STATE_STEAM  `e66501000000000700000001`
  C2S  3201 0x0c81 sn=203 len=17    MC_MATCH_STATE_STEAM  `e66501000000000700000001`
  C2S  3201 0x0c81 sn=204 len=17    MC_MATCH_STATE_STEAM  `e66501000000000700000001`
  C2S  1205 0x04b5 sn=23  len=20    MC_MATCH_CHANNEL_REQUEST_JOIN  `272300000000000100000000000000`
  C2S  1717 0x06b5 sn=23  len=24    MC_MATCH_REQUEST_CHARINFO_DETAIL  `272300000000000a00577972656c6164650095`
  C2S  1311 0x051f sn=23  len=24    MC_MATCH_REQUEST_STAGE_LIST  `27230000000000010000000000000000000000`
  C2S 21000 0x5208 sn=23  len=12    MC_MATCH_REQUEST_CHAR_QUEST_ITEM_LIST  `27230000000000`
  C2S  1311 0x051f sn=23  len=24    MC_MATCH_REQUEST_STAGE_LIST  `27230000000000010000000000000000000000`
  C2S  1221 0x04c5 sn=23  len=24    MC_MATCH_CHANNEL_REQUEST_PLAYER_LIST  `27230000000000010000000000000000000000`
  C2S  1304 0x0518 sn=212 len=12    MC_MATCH_REQUEST_STAGE_JOIN  `84000000000000`
  C2S  1006 0x03ee sn=23  len=20    MC_MATCH_BRIDGEPEER  `27230000000000000000004f1e0000`
  C2S  1411 0x0583 sn=212 len=12    MC_MATCH_REQUEST_STAGESETTING  `84000000000000`
  C2S  1411 0x0583 sn=212 len=12    MC_MATCH_REQUEST_STAGESETTING  `84000000000000`
  C2S  3201 0x0c81 sn=104 len=17    MC_MATCH_STATE_STEAM  `e66501000000000100000000`
  C2S  1006 0x03ee sn=23  len=20    MC_MATCH_BRIDGEPEER  `27230000000000000000004f1e0000`
  C2S  1461 0x05b5 sn=212 len=12    MC_MATCH_REQUEST_PEERLIST  `84000000000000`
  C2S  1441 0x05a1 sn=23  len=16    MC_MATCH_LOADING_COMPLETE  `2723000000000064000000`
  C2S  1401 0x0579 sn=212 len=12    MC_MATCH_STAGE_REQUEST_ENTERBATTLE  `84000000000000`
  C2S  1521 0x05f1 sn=100 len=8     MC_MATCH_GAME_REQUEST_TIMESYNC  `c6e100`
  C2S  1515 0x05eb sn=23  len=36    MC_MATCH_GAME_REQUEST_SPAWN  `272300000000006f11aa44656d3d4500000000feff7fbf95`
  C2S  1451 0x05ab sn=212 len=12    MC_MATCH_REQUEST_GAME_INFO  `84000000000000`
  C2S  1523 0x05f3 sn=109 len=12    MC_MATCH_GAME_REPORT_TIMESYNC  `16a01200000000`
  C2S  1471 0x05bf sn=23  len=12    MC_MATCH_REQUEST_PEER_RELAY  `27230000000000`
  C2S  1523 0x05f3 sn=141 len=12    MC_MATCH_GAME_REPORT_TIMESYNC  `64a01200000000`
  C2S  1541 0x0605 sn=23  len=16    MC_MATCH_REQUEST_OBTAIN_WORLDITEM  `272300000000005c000000`
  C2S  1523 0x05f3 sn=173 len=12    MC_MATCH_GAME_REPORT_TIMESYNC  `b2a01200000000`
  C2S  3201 0x0c81 sn=129 len=17    MC_MATCH_STATE_STEAM  `e66501000000000100000000`
  C2S  3201 0x0c81 sn=137 len=17    MC_MATCH_STATE_STEAM  `e66501000000000100000000`
  C2S  3201 0x0c81 sn=103 len=17    MC_MATCH_STATE_STEAM  `e66501000000003c00000000`
  C2S   323 0x0143 sn=20  len=8     MC_NET_PONG  `e3a012`
  C2S  1511 0x05e7 sn=13  len=20    MC_MATCH_GAME_KILL  `8020000000000096ab1e00afab1e00`
  C2S  3201 0x0c81 sn=146 len=17    MC_MATCH_STATE_STEAM  `e66501000000003c00000000`
  C2S  1523 0x05f3 sn=205 len=12    MC_MATCH_GAME_REPORT_TIMESYNC  `00a11200000000`
  C2S  1515 0x05eb sn=23  len=36    MC_MATCH_GAME_REQUEST_SPAWN  `27230000000000055f63457d0aa9c53ca831c400000000fe`
  C2S  1523 0x05f3 sn=237 len=12    MC_MATCH_GAME_REPORT_TIMESYNC  `4ea11200000000`
  C2S  1511 0x05e7 sn=213 len=20    MC_MATCH_GAME_KILL  `07210000000000afab1e00afab1e00`
  C2S  1523 0x05f3 sn=13  len=12    MC_MATCH_GAME_REPORT_TIMESYNC  `9da11200000000`
  C2S  1443 0x05a3 sn=140 len=148   ?  `0000008400000001000000020000003ca001000200000001`
  C2S  1403 0x057b sn=0   len=5     MC_MATCH_STAGE_LEAVEBATTLE  ``
  C2S  3201 0x0c81 sn=146 len=17    MC_MATCH_STATE_STEAM  `e66501000000002e00000000`
  C2S  1803 0x070b sn=23  len=12    MC_MATCH_REQUEST_MY_SIMPLE_CHARINFO  `27230000000000`
  C2S  1403 0x057b sn=0   len=5     MC_MATCH_STAGE_LEAVEBATTLE  ``
  C2S  1411 0x0583 sn=212 len=12    MC_MATCH_REQUEST_STAGESETTING  `84000000000000`
  C2S  3201 0x0c81 sn=110 len=17    MC_MATCH_STATE_STEAM  `e66501000000006305000001`
  C2S  1307 0x051b sn=23  len=12    MC_MATCH_STAGE_LEAVE  `27230000000000`
  C2S  1311 0x051f sn=23  len=24    MC_MATCH_REQUEST_STAGE_LIST  `27230000000000010000000000000000000000`
  C2S  1221 0x04c5 sn=23  len=24    MC_MATCH_CHANNEL_REQUEST_PLAYER_LIST  `27230000000000010000000000000000000000`
  C2S  3201 0x0c81 sn=103 len=17    MC_MATCH_STATE_STEAM  `e66501000000003c00000000`
  C2S  1311 0x051f sn=23  len=24    MC_MATCH_REQUEST_STAGE_LIST  `27230000000000010000000000000000000000`
  C2S  1301 0x0515 sn=11  len=330   MC_MATCH_STAGE_CREATE  `006173646173646173640061000200000030010000280100`
  C2S  1006 0x03ee sn=23  len=20    MC_MATCH_BRIDGEPEER  `27230000000000000000004f1e0000`
  C2S  1411 0x0583 sn=18  len=12    MC_MATCH_REQUEST_STAGESETTING  `a2000000000000`
  C2S  1411 0x0583 sn=18  len=12    MC_MATCH_REQUEST_STAGESETTING  `a2000000000000`
  C2S  1431 0x0597 sn=3   len=8     MC_MATCH_STAGE_START  `000000`
  C2S  1006 0x03ee sn=23  len=20    MC_MATCH_BRIDGEPEER  `27230000000000000000004f1e0000`
  C2S  1441 0x05a1 sn=23  len=16    MC_MATCH_LOADING_COMPLETE  `2723000000000064000000`
  C2S  1401 0x0579 sn=18  len=12    MC_MATCH_STAGE_REQUEST_ENTERBATTLE  `a2000000000000`
  C2S  1521 0x05f1 sn=39  len=8     MC_MATCH_GAME_REQUEST_TIMESYNC  `a5e300`
  C2S  1451 0x05ab sn=18  len=12    MC_MATCH_REQUEST_GAME_INFO  `a2000000000000`
  C2S  1523 0x05f3 sn=252 len=12    MC_MATCH_GAME_REPORT_TIMESYNC  `f4a11200000000`
  C2S  1515 0x05eb sn=23  len=36    MC_MATCH_GAME_REQUEST_SPAWN  `27230000000000e3ba53c546d03cc5fd7f1644feff7f3f95`
  C2S  1443 0x05a3 sn=140 len=148   ?  `000000840000000100000000000000b12c00000000000000`
  C2S  1403 0x057b sn=0   len=5     MC_MATCH_STAGE_LEAVEBATTLE  ``
  C2S  1307 0x051b sn=23  len=12    MC_MATCH_STAGE_LEAVE  `27230000000000`
  C2S  3201 0x0c81 sn=146 len=17    MC_MATCH_STATE_STEAM  `e66501000000000d00000000`
  C2S  1803 0x070b sn=23  len=12    MC_MATCH_REQUEST_MY_SIMPLE_CHARINFO  `27230000000000`
  C2S  1403 0x057b sn=0   len=5     MC_MATCH_STAGE_LEAVEBATTLE  ``
  C2S  1311 0x051f sn=23  len=24    MC_MATCH_REQUEST_STAGE_LIST  `27230000000000010000000000000000000000`
  C2S  1221 0x04c5 sn=23  len=24    MC_MATCH_CHANNEL_REQUEST_PLAYER_LIST  `27230000000000010000000000000000000000`
  C2S  3201 0x0c81 sn=110 len=17    MC_MATCH_STATE_STEAM  `e66501000000006305000001`
  C2S  3203 0x0c83 sn=16  len=24    ?  `00000008000000010000008ae6650100000000`
  C2S  1889 0x0761 sn=5   len=8     ?  `000000`
  C2S  3201 0x0c81 sn=110 len=17    MC_MATCH_STATE_STEAM  `e66501000000006305000001`
  C2S  1853 0x073d sn=1   len=8     ?  `000000`
  C2S  3203 0x0c83 sn=16  len=24    ?  `0000000800000001000000a4e6650100000000`
  C2S  1889 0x0761 sn=5   len=8     ?  `000000`
  C2S  3201 0x0c81 sn=155 len=17    MC_MATCH_STATE_STEAM  `e66501000000000100000000`
  C2S  1727 0x06bf sn=1   len=12    ?  `00000002000000`
  C2S  1727 0x06bf sn=1   len=12    ?  `00000001000000`
  C2S  1727 0x06bf sn=1   len=12    ?  `00000003000000`
  C2S  1727 0x06bf sn=1   len=12    ?  `00000004000000`
  C2S   323 0x0143 sn=181 len=8     MC_NET_PONG  `69a212`
  C2S  1311 0x051f sn=23  len=24    MC_MATCH_REQUEST_STAGE_LIST  `27230000000000010000000000000000000000`
  C2S  1221 0x04c5 sn=23  len=24    MC_MATCH_CHANNEL_REQUEST_PLAYER_LIST  `27230000000000010000000000000000000000`
  C2S  1811 0x0713 sn=0   len=29    MC_MATCH_REQUEST_BUY_ITEM  `000000002d31010100000002000096020000000300000000`
  C2S  3201 0x0c81 sn=158 len=17    MC_MATCH_STATE_STEAM  `e6650100000000c201000000`
  C2S  1811 0x0713 sn=0   len=29    MC_MATCH_REQUEST_BUY_ITEM  `000000688eda010100000002000000020000000300000000`
  C2S  3201 0x0c81 sn=158 len=17    MC_MATCH_STATE_STEAM  `e6650100000000c003000000`
  C2S  1811 0x0713 sn=0   len=29    MC_MATCH_REQUEST_BUY_ITEM  `0000000a13dc010100000002000000020000960300000000`
  C2S  3201 0x0c81 sn=158 len=17    MC_MATCH_STATE_STEAM  `e66501000000004c04000000`
  C2S  1811 0x0713 sn=0   len=29    MC_MATCH_REQUEST_BUY_ITEM  `0000000048e8010100000002000000020000000300000000`
  C2S  3201 0x0c81 sn=158 len=17    MC_MATCH_STATE_STEAM  `e6650100000000b004000000`
  C2S  1811 0x0713 sn=0   len=29    MC_MATCH_REQUEST_BUY_ITEM  `0000000a48e8010100000002000000020000000300000000`
  C2S  3201 0x0c81 sn=158 len=17    MC_MATCH_STATE_STEAM  `e6650100000000b004000000`
  C2S  1823 0x071f sn=23  len=24    MC_MATCH_REQUEST_EQUIP_ITEM  `27230000000000a83c4d00000000000a000000`
  C2S  1823 0x071f sn=23  len=24    MC_MATCH_REQUEST_EQUIP_ITEM  `27230000000000a73c4d00000000000b000000`
  C2S  1823 0x071f sn=23  len=24    MC_MATCH_REQUEST_EQUIP_ITEM  `2723000000000041604d000000000005000000`
  C2S  1823 0x071f sn=23  len=24    MC_MATCH_REQUEST_EQUIP_ITEM  `27230000000000a3604d000000000006000000`
  C2S  1701 0x06a5 sn=28  len=36    MC_MATCH_REQUEST_ACCOUNT_CHARLIST  `000000010000001400000000000000000000000000000000`
  C2S  1719 0x06b7 sn=0   len=5     MC_MATCH_REQUEST_ACCOUNT_CHARINFO  ``
  C2S  3201 0x0c81 sn=103 len=17    MC_MATCH_STATE_STEAM  `e66501000000003c00000000`
  C2S  1703 0x06a7 sn=23  len=16    MC_MATCH_REQUEST_SELECT_CHAR  `2723000000000000000000`
  C2S  6347 0x18cb sn=23  len=12    MC_MATCH_MISC_STEAM  `27230000000000`
  C2S  1211 0x04bb sn=23  len=16    MC_MATCH_CHANNEL_LIST_START  `2723000000000000000000`
  C2S  1605 0x0645 sn=0   len=8     MC_MATCH_USER_OPTION  `000000`
  C2S  3201 0x0c81 sn=154 len=17    MC_MATCH_STATE_STEAM  `996601000000000700000001`
  C2S  3201 0x0c81 sn=155 len=17    MC_MATCH_STATE_STEAM  `996601000000000700000001`
  C2S  3201 0x0c81 sn=156 len=17    MC_MATCH_STATE_STEAM  `996601000000000700000001`
  C2S  3201 0x0c81 sn=157 len=17    MC_MATCH_STATE_STEAM  `996601000000000700000001`
  C2S  3201 0x0c81 sn=158 len=17    MC_MATCH_STATE_STEAM  `996601000000000700000001`
  C2S  3201 0x0c81 sn=159 len=17    MC_MATCH_STATE_STEAM  `996601000000000700000001`
  C2S  3201 0x0c81 sn=160 len=17    MC_MATCH_STATE_STEAM  `996601000000000700000001`
  C2S  3201 0x0c81 sn=161 len=17    MC_MATCH_STATE_STEAM  `996601000000000700000001`
  C2S  3201 0x0c81 sn=162 len=17    MC_MATCH_STATE_STEAM  `996601000000000700000001`
  C2S  3201 0x0c81 sn=117 len=17    MC_MATCH_STATE_STEAM  `99660100000000375e000001`
  C2S  1205 0x04b5 sn=23  len=20    MC_MATCH_CHANNEL_REQUEST_JOIN  `272300000000000100000000000000`
  C2S  1717 0x06b5 sn=23  len=24    MC_MATCH_REQUEST_CHARINFO_DETAIL  `272300000000000a00577972656c6164650030`
  C2S  1719 0x06b7 sn=1   len=5     MC_MATCH_REQUEST_ACCOUNT_CHARINFO  ``
  C2S  1703 0x06a7 sn=23  len=16    MC_MATCH_REQUEST_SELECT_CHAR  `2723000000000001000000`
  C2S  6347 0x18cb sn=23  len=12    MC_MATCH_MISC_STEAM  `27230000000000`
  C2S  1211 0x04bb sn=23  len=16    MC_MATCH_CHANNEL_LIST_START  `2723000000000000000000`
  C2S  1605 0x0645 sn=0   len=8     MC_MATCH_USER_OPTION  `000000`
  C2S  3201 0x0c81 sn=51  len=17    MC_MATCH_STATE_STEAM  `9a6601000000000100000001`
  C2S  3201 0x0c81 sn=52  len=17    MC_MATCH_STATE_STEAM  `9a6601000000000100000001`
  C2S  3201 0x0c81 sn=53  len=17    MC_MATCH_STATE_STEAM  `9a6601000000000100000001`
  C2S  3201 0x0c81 sn=54  len=17    MC_MATCH_STATE_STEAM  `9a6601000000000100000001`
  C2S  3201 0x0c81 sn=55  len=17    MC_MATCH_STATE_STEAM  `9a6601000000000100000001`
  C2S  3201 0x0c81 sn=56  len=17    MC_MATCH_STATE_STEAM  `9a6601000000000100000001`
  C2S  3201 0x0c81 sn=57  len=17    MC_MATCH_STATE_STEAM  `9a6601000000000100000001`
  C2S  3201 0x0c81 sn=58  len=17    MC_MATCH_STATE_STEAM  `9a6601000000000100000001`
  C2S  3201 0x0c81 sn=59  len=17    MC_MATCH_STATE_STEAM  `9a6601000000000100000001`
  C2S  3201 0x0c81 sn=45  len=17    MC_MATCH_STATE_STEAM  `9a6601000000000500000000`
  C2S  3201 0x0c81 sn=46  len=17    MC_MATCH_STATE_STEAM  `9a6601000000000900000000`
  C2S  1311 0x051f sn=23  len=24    MC_MATCH_REQUEST_STAGE_LIST  `27230000000000010000000000000000000000`
  C2S  1205 0x04b5 sn=23  len=20    MC_MATCH_CHANNEL_REQUEST_JOIN  `272300000000000100000000000000`
  C2S  1717 0x06b5 sn=23  len=24    MC_MATCH_REQUEST_CHARINFO_DETAIL  `272300000000000a00537472696b65475a0044`
  C2S  1703 0x06a7 sn=23  len=16    MC_MATCH_REQUEST_SELECT_CHAR  `2723000000000000000000`
  C2S  6347 0x18cb sn=23  len=12    MC_MATCH_MISC_STEAM  `27230000000000`
  C2S  1211 0x04bb sn=23  len=16    MC_MATCH_CHANNEL_LIST_START  `2723000000000000000000`
  C2S  1605 0x0645 sn=0   len=8     MC_MATCH_USER_OPTION  `000000`
  C2S  3201 0x0c81 sn=221 len=17    MC_MATCH_STATE_STEAM  `9a6601000000000700000001`
  C2S  3201 0x0c81 sn=222 len=17    MC_MATCH_STATE_STEAM  `9a6601000000000700000001`
  C2S  3201 0x0c81 sn=223 len=17    MC_MATCH_STATE_STEAM  `9a6601000000000700000001`
  C2S  3201 0x0c81 sn=224 len=17    MC_MATCH_STATE_STEAM  `9a6601000000000700000001`
  C2S  3201 0x0c81 sn=225 len=17    MC_MATCH_STATE_STEAM  `9a6601000000000700000001`
  C2S  3201 0x0c81 sn=226 len=17    MC_MATCH_STATE_STEAM  `9a6601000000000700000001`
  C2S  3201 0x0c81 sn=227 len=17    MC_MATCH_STATE_STEAM  `9a6601000000000700000001`
  C2S  3201 0x0c81 sn=228 len=17    MC_MATCH_STATE_STEAM  `9a6601000000000700000001`
  C2S  3201 0x0c81 sn=229 len=17    MC_MATCH_STATE_STEAM  `9a6601000000000700000001`
  C2S  1703 0x06a7 sn=23  len=16    MC_MATCH_REQUEST_SELECT_CHAR  `2723000000000001000000`
  C2S  1205 0x04b5 sn=23  len=20    MC_MATCH_CHANNEL_REQUEST_JOIN  `272300000000000100000000000000`
  C2S  1717 0x06b5 sn=23  len=24    MC_MATCH_REQUEST_CHARINFO_DETAIL  `272300000000000a00577972656c6164650052`
  C2S  6347 0x18cb sn=23  len=12    MC_MATCH_MISC_STEAM  `27230000000000`
  C2S  1211 0x04bb sn=23  len=16    MC_MATCH_CHANNEL_LIST_START  `2723000000000000000000`
  C2S  1605 0x0645 sn=0   len=8     MC_MATCH_USER_OPTION  `000000`
  C2S  3201 0x0c81 sn=43  len=17    MC_MATCH_STATE_STEAM  `9b6601000000000100000001`
  C2S  3201 0x0c81 sn=44  len=17    MC_MATCH_STATE_STEAM  `9b6601000000000100000001`
  C2S  3201 0x0c81 sn=45  len=17    MC_MATCH_STATE_STEAM  `9b6601000000000100000001`
  C2S  3201 0x0c81 sn=46  len=17    MC_MATCH_STATE_STEAM  `9b6601000000000100000001`
  C2S  3201 0x0c81 sn=47  len=17    MC_MATCH_STATE_STEAM  `9b6601000000000100000001`
  C2S  3201 0x0c81 sn=48  len=17    MC_MATCH_STATE_STEAM  `9b6601000000000100000001`
  C2S  3201 0x0c81 sn=49  len=17    MC_MATCH_STATE_STEAM  `9b6601000000000100000001`
  C2S  3201 0x0c81 sn=50  len=17    MC_MATCH_STATE_STEAM  `9b6601000000000100000001`
  C2S  3201 0x0c81 sn=51  len=17    MC_MATCH_STATE_STEAM  `9b6601000000000100000001`
  C2S  3201 0x0c81 sn=37  len=17    MC_MATCH_STATE_STEAM  `9b6601000000000500000000`
  C2S  3201 0x0c81 sn=38  len=17    MC_MATCH_STATE_STEAM  `9b6601000000000900000000`
  C2S  1205 0x04b5 sn=23  len=20    MC_MATCH_CHANNEL_REQUEST_JOIN  `272300000000000100000000000000`
  C2S  1717 0x06b5 sn=23  len=24    MC_MATCH_REQUEST_CHARINFO_DETAIL  `272300000000000a00537472696b65475a00b0`
  C2S  1711 0x06af sn=23  len=41    MC_MATCH_REQUEST_CREATE_CHAR  `272300000000000200000007007465737435008801000000`
  C2S  1701 0x06a5 sn=28  len=36    MC_MATCH_REQUEST_ACCOUNT_CHARLIST  `000000010000001400000000000000000000000000000000`
  C2S  1719 0x06b7 sn=2   len=5     MC_MATCH_REQUEST_ACCOUNT_CHARINFO  ``
  C2S  1703 0x06a7 sn=23  len=16    MC_MATCH_REQUEST_SELECT_CHAR  `2723000000000002000000`
  C2S  6347 0x18cb sn=23  len=12    MC_MATCH_MISC_STEAM  `27230000000000`
  C2S  1211 0x04bb sn=23  len=16    MC_MATCH_CHANNEL_LIST_START  `2723000000000000000000`
  C2S  1605 0x0645 sn=0   len=8     MC_MATCH_USER_OPTION  `000000`
  C2S  3201 0x0c81 sn=55  len=17    MC_MATCH_STATE_STEAM  `9f6601000000000100000001`
  C2S  3201 0x0c81 sn=56  len=17    MC_MATCH_STATE_STEAM  `9f6601000000000100000001`
  C2S  3201 0x0c81 sn=57  len=17    MC_MATCH_STATE_STEAM  `9f6601000000000100000001`
  C2S  3201 0x0c81 sn=58  len=17    MC_MATCH_STATE_STEAM  `9f6601000000000100000001`
  C2S  3201 0x0c81 sn=59  len=17    MC_MATCH_STATE_STEAM  `9f6601000000000100000001`
  C2S  3201 0x0c81 sn=60  len=17    MC_MATCH_STATE_STEAM  `9f6601000000000100000001`
  C2S  3201 0x0c81 sn=61  len=17    MC_MATCH_STATE_STEAM  `9f6601000000000100000001`
  C2S  3201 0x0c81 sn=62  len=17    MC_MATCH_STATE_STEAM  `9f6601000000000100000001`
  C2S  3201 0x0c81 sn=63  len=17    MC_MATCH_STATE_STEAM  `9f6601000000000100000001`
  C2S  3201 0x0c81 sn=65  len=17    MC_MATCH_STATE_STEAM  `9f660100000000204e000001`
  C2S  1205 0x04b5 sn=23  len=20    MC_MATCH_CHANNEL_REQUEST_JOIN  `272300000000000100000000000000`
  C2S  1717 0x06b5 sn=23  len=21    MC_MATCH_REQUEST_CHARINFO_DETAIL  `27230000000000070074657374350000`
  C2S 21000 0x5208 sn=23  len=12    MC_MATCH_REQUEST_CHAR_QUEST_ITEM_LIST  `27230000000000`
  C2S  1311 0x051f sn=23  len=24    MC_MATCH_REQUEST_STAGE_LIST  `27230000000000010000000000000000000000`
  C2S  1221 0x04c5 sn=23  len=24    MC_MATCH_CHANNEL_REQUEST_PLAYER_LIST  `27230000000000010000000000000000000000`
  C2S  1311 0x051f sn=23  len=24    MC_MATCH_REQUEST_STAGE_LIST  `27230000000000010000000000000000000000`
  C2S  1301 0x0515 sn=8   len=327   MC_MATCH_STAGE_CREATE  `007465737431300020000200000030010000280100000100`
  C2S  1006 0x03ee sn=23  len=20    MC_MATCH_BRIDGEPEER  `27230000000000000000004f1e0000`
  C2S  1411 0x0583 sn=54  len=12    MC_MATCH_REQUEST_STAGESETTING  `a2000000000000`
  C2S  1411 0x0583 sn=54  len=12    MC_MATCH_REQUEST_STAGESETTING  `a2000000000000`
  C2S  1431 0x0597 sn=3   len=8     MC_MATCH_STAGE_START  `000000`
  C2S  1006 0x03ee sn=23  len=20    MC_MATCH_BRIDGEPEER  `27230000000000000000004f1e0000`
  C2S  1441 0x05a1 sn=23  len=16    MC_MATCH_LOADING_COMPLETE  `2723000000000064000000`
  C2S  1401 0x0579 sn=54  len=12    MC_MATCH_STAGE_REQUEST_ENTERBATTLE  `a2000000000000`
  C2S  1521 0x05f1 sn=147 len=8     MC_MATCH_GAME_REQUEST_TIMESYNC  `69e500`
  C2S  1451 0x05ab sn=54  len=12    MC_MATCH_REQUEST_GAME_INFO  `a2000000000000`
  C2S  1523 0x05f3 sn=86  len=12    MC_MATCH_GAME_REPORT_TIMESYNC  `b9a31200000000`
  C2S  1515 0x05eb sn=23  len=36    MC_MATCH_GAME_REQUEST_SPAWN  `27230000000000009250c10de70a45fd7f164495bfd633fe`
  C2S  3201 0x0c81 sn=66  len=17    MC_MATCH_STATE_STEAM  `9f6601000000000a00000000`
  C2S  3201 0x0c81 sn=39  len=17    MC_MATCH_STATE_STEAM  `9f6601000000000a00000000`
  C2S   323 0x0143 sn=90  len=8     MC_NET_PONG  `f0a312`
  C2S  3201 0x0c81 sn=66  len=17    MC_MATCH_STATE_STEAM  `9f6601000000000a00000000`
  C2S  1523 0x05f3 sn=121 len=12    MC_MATCH_GAME_REPORT_TIMESYNC  `07a41200000000`
  C2S  3201 0x0c81 sn=39  len=17    MC_MATCH_STATE_STEAM  `9f6601000000000900000000`
  C2S  3201 0x0c81 sn=66  len=17    MC_MATCH_STATE_STEAM  `9f6601000000000400000000`
  C2S  3201 0x0c81 sn=68  len=17    MC_MATCH_STATE_STEAM  `9f6601000000000200000000`
  C2S  1443 0x05a3 sn=140 len=148   ?  `000000840000000100000000000000446600000000000000`
  C2S  1403 0x057b sn=0   len=5     MC_MATCH_STAGE_LEAVEBATTLE  ``
  C2S  3201 0x0c81 sn=30  len=17    MC_MATCH_STATE_STEAM  `9f6601000000001c00000000`
  C2S  1803 0x070b sn=23  len=12    MC_MATCH_REQUEST_MY_SIMPLE_CHARINFO  `27230000000000`
  C2S  1403 0x057b sn=0   len=5     MC_MATCH_STAGE_LEAVEBATTLE  ``
  C2S  1411 0x0583 sn=54  len=12    MC_MATCH_REQUEST_STAGESETTING  `a2000000000000`
  C2S  1411 0x0583 sn=54  len=12    MC_MATCH_REQUEST_STAGESETTING  `a2000000000000`
  C2S  1307 0x051b sn=23  len=12    MC_MATCH_STAGE_LEAVE  `27230000000000`
  C2S  1311 0x051f sn=23  len=24    MC_MATCH_REQUEST_STAGE_LIST  `27230000000000010000000000000000000000`
  C2S  1221 0x04c5 sn=23  len=24    MC_MATCH_CHANNEL_REQUEST_PLAYER_LIST  `27230000000000010000000000000000000000`
  C2S  1311 0x051f sn=23  len=24    MC_MATCH_REQUEST_STAGE_LIST  `27230000000000010000000000000000000000`
  C2S  1701 0x06a5 sn=28  len=36    MC_MATCH_REQUEST_ACCOUNT_CHARLIST  `000000010000001400000000000000000000000000000000`
  C2S  1719 0x06b7 sn=2   len=5     MC_MATCH_REQUEST_ACCOUNT_CHARINFO  ``
  C2S  1703 0x06a7 sn=23  len=16    MC_MATCH_REQUEST_SELECT_CHAR  `2723000000000002000000`
  C2S  6347 0x18cb sn=23  len=12    MC_MATCH_MISC_STEAM  `27230000000000`
  C2S  1211 0x04bb sn=23  len=16    MC_MATCH_CHANNEL_LIST_START  `2723000000000000000000`
  C2S  1605 0x0645 sn=0   len=8     MC_MATCH_USER_OPTION  `000000`
  C2S  3201 0x0c81 sn=118 len=17    MC_MATCH_STATE_STEAM  `d16601000000000100000001`
  C2S  3201 0x0c81 sn=119 len=17    MC_MATCH_STATE_STEAM  `d16601000000000100000001`
  C2S  3201 0x0c81 sn=120 len=17    MC_MATCH_STATE_STEAM  `d16601000000000100000001`
  C2S  3201 0x0c81 sn=121 len=17    MC_MATCH_STATE_STEAM  `d16601000000000100000001`
  C2S  3201 0x0c81 sn=122 len=17    MC_MATCH_STATE_STEAM  `d16601000000000100000001`
  C2S  3201 0x0c81 sn=123 len=17    MC_MATCH_STATE_STEAM  `d16601000000000100000001`
  C2S  3201 0x0c81 sn=124 len=17    MC_MATCH_STATE_STEAM  `d16601000000000100000001`
  C2S  3201 0x0c81 sn=125 len=17    MC_MATCH_STATE_STEAM  `d16601000000000100000001`
  C2S  3201 0x0c81 sn=126 len=17    MC_MATCH_STATE_STEAM  `d16601000000000100000001`
  C2S  1205 0x04b5 sn=23  len=20    MC_MATCH_CHANNEL_REQUEST_JOIN  `272300000000000100000000000000`
  C2S  1719 0x06b7 sn=1   len=5     MC_MATCH_REQUEST_ACCOUNT_CHARINFO  ``
  C2S  1717 0x06b5 sn=23  len=21    MC_MATCH_REQUEST_CHARINFO_DETAIL  `27230000000000070074657374350020`
  C2S  1703 0x06a7 sn=23  len=16    MC_MATCH_REQUEST_SELECT_CHAR  `2723000000000001000000`
  C2S  1719 0x06b7 sn=0   len=5     MC_MATCH_REQUEST_ACCOUNT_CHARINFO  ``
  C2S  6347 0x18cb sn=23  len=12    MC_MATCH_MISC_STEAM  `27230000000000`
  C2S  1211 0x04bb sn=23  len=16    MC_MATCH_CHANNEL_LIST_START  `2723000000000000000000`
  C2S  1605 0x0645 sn=0   len=8     MC_MATCH_USER_OPTION  `000000`
  C2S  3201 0x0c81 sn=200 len=17    MC_MATCH_STATE_STEAM  `d16601000000000100000001`
  C2S  3201 0x0c81 sn=201 len=17    MC_MATCH_STATE_STEAM  `d16601000000000100000001`
  C2S  3201 0x0c81 sn=202 len=17    MC_MATCH_STATE_STEAM  `d16601000000000100000001`
  C2S  3201 0x0c81 sn=203 len=17    MC_MATCH_STATE_STEAM  `d16601000000000100000001`
  C2S  3201 0x0c81 sn=204 len=17    MC_MATCH_STATE_STEAM  `d16601000000000100000001`
  C2S  3201 0x0c81 sn=205 len=17    MC_MATCH_STATE_STEAM  `d16601000000000100000001`
  C2S  3201 0x0c81 sn=206 len=17    MC_MATCH_STATE_STEAM  `d16601000000000100000001`
  C2S  3201 0x0c81 sn=207 len=17    MC_MATCH_STATE_STEAM  `d16601000000000100000001`
  C2S  3201 0x0c81 sn=208 len=17    MC_MATCH_STATE_STEAM  `d16601000000000100000001`
  C2S  1205 0x04b5 sn=23  len=20    MC_MATCH_CHANNEL_REQUEST_JOIN  `272300000000000100000000000000`
  C2S  1703 0x06a7 sn=23  len=16    MC_MATCH_REQUEST_SELECT_CHAR  `2723000000000000000000`
  C2S  1717 0x06b5 sn=23  len=24    MC_MATCH_REQUEST_CHARINFO_DETAIL  `272300000000000a00537472696b65475a00db`
  C2S  6347 0x18cb sn=23  len=12    MC_MATCH_MISC_STEAM  `27230000000000`
  C2S  1211 0x04bb sn=23  len=16    MC_MATCH_CHANNEL_LIST_START  `2723000000000000000000`
  C2S  1605 0x0645 sn=0   len=8     MC_MATCH_USER_OPTION  `000000`
  C2S  3201 0x0c81 sn=156 len=17    MC_MATCH_STATE_STEAM  `d26601000000000700000001`
  C2S  3201 0x0c81 sn=157 len=17    MC_MATCH_STATE_STEAM  `d26601000000000700000001`
  C2S  3201 0x0c81 sn=158 len=17    MC_MATCH_STATE_STEAM  `d26601000000000700000001`
  C2S  3201 0x0c81 sn=159 len=17    MC_MATCH_STATE_STEAM  `d26601000000000700000001`
  C2S  3201 0x0c81 sn=160 len=17    MC_MATCH_STATE_STEAM  `d26601000000000700000001`
  C2S  3201 0x0c81 sn=161 len=17    MC_MATCH_STATE_STEAM  `d26601000000000700000001`
  C2S  3201 0x0c81 sn=162 len=17    MC_MATCH_STATE_STEAM  `d26601000000000700000001`
  C2S  3201 0x0c81 sn=163 len=17    MC_MATCH_STATE_STEAM  `d26601000000000700000001`
  C2S  3201 0x0c81 sn=164 len=17    MC_MATCH_STATE_STEAM  `d26601000000000700000001`
  C2S  1205 0x04b5 sn=23  len=20    MC_MATCH_CHANNEL_REQUEST_JOIN  `272300000000000100000000000000`
  C2S  1717 0x06b5 sn=23  len=24    MC_MATCH_REQUEST_CHARINFO_DETAIL  `272300000000000a00577972656c6164650052`
  C2S  1703 0x06a7 sn=23  len=16    MC_MATCH_REQUEST_SELECT_CHAR  `2723000000000001000000`
  C2S  6347 0x18cb sn=23  len=12    MC_MATCH_MISC_STEAM  `27230000000000`
  C2S  1211 0x04bb sn=23  len=16    MC_MATCH_CHANNEL_LIST_START  `2723000000000000000000`
  C2S  1605 0x0645 sn=0   len=8     MC_MATCH_USER_OPTION  `000000`
  C2S  3201 0x0c81 sn=103 len=17    MC_MATCH_STATE_STEAM  `d46601000000000100000001`
  C2S  3201 0x0c81 sn=104 len=17    MC_MATCH_STATE_STEAM  `d46601000000000100000001`
  C2S  3201 0x0c81 sn=105 len=17    MC_MATCH_STATE_STEAM  `d46601000000000100000001`
  C2S  3201 0x0c81 sn=106 len=17    MC_MATCH_STATE_STEAM  `d46601000000000100000001`
  C2S  3201 0x0c81 sn=107 len=17    MC_MATCH_STATE_STEAM  `d46601000000000100000001`
  C2S  3201 0x0c81 sn=108 len=17    MC_MATCH_STATE_STEAM  `d46601000000000100000001`
  C2S  3201 0x0c81 sn=109 len=17    MC_MATCH_STATE_STEAM  `d46601000000000100000001`
  C2S  3201 0x0c81 sn=110 len=17    MC_MATCH_STATE_STEAM  `d46601000000000100000001`
  C2S  3201 0x0c81 sn=111 len=17    MC_MATCH_STATE_STEAM  `d46601000000000100000001`
  C2S  3201 0x0c81 sn=97  len=17    MC_MATCH_STATE_STEAM  `d46601000000000500000000`
  C2S  3201 0x0c81 sn=98  len=17    MC_MATCH_STATE_STEAM  `d46601000000000900000000`
  C2S  1205 0x04b5 sn=23  len=20    MC_MATCH_CHANNEL_REQUEST_JOIN  `272300000000000100000000000000`
  C2S  1717 0x06b5 sn=23  len=24    MC_MATCH_REQUEST_CHARINFO_DETAIL  `272300000000000a00537472696b65475a0047`
  C2S  1311 0x051f sn=23  len=24    MC_MATCH_REQUEST_STAGE_LIST  `27230000000000010000000000000000000000`
  C2S  1703 0x06a7 sn=23  len=16    MC_MATCH_REQUEST_SELECT_CHAR  `2723000000000002000000`
  C2S  6347 0x18cb sn=23  len=12    MC_MATCH_MISC_STEAM  `27230000000000`
  C2S  1211 0x04bb sn=23  len=16    MC_MATCH_CHANNEL_LIST_START  `2723000000000000000000`
  C2S  1605 0x0645 sn=0   len=8     MC_MATCH_USER_OPTION  `000000`
  C2S  3201 0x0c81 sn=133 len=17    MC_MATCH_STATE_STEAM  `d56601000000000100000001`
  C2S  3201 0x0c81 sn=134 len=17    MC_MATCH_STATE_STEAM  `d56601000000000100000001`
  C2S  3201 0x0c81 sn=135 len=17    MC_MATCH_STATE_STEAM  `d56601000000000100000001`
  C2S  3201 0x0c81 sn=136 len=17    MC_MATCH_STATE_STEAM  `d56601000000000100000001`
  C2S  3201 0x0c81 sn=137 len=17    MC_MATCH_STATE_STEAM  `d56601000000000100000001`
  C2S  3201 0x0c81 sn=138 len=17    MC_MATCH_STATE_STEAM  `d56601000000000100000001`
  C2S  3201 0x0c81 sn=139 len=17    MC_MATCH_STATE_STEAM  `d56601000000000100000001`
  C2S  3201 0x0c81 sn=140 len=17    MC_MATCH_STATE_STEAM  `d56601000000000100000001`
  C2S  3201 0x0c81 sn=141 len=17    MC_MATCH_STATE_STEAM  `d56601000000000100000001`
  C2S  1205 0x04b5 sn=23  len=20    MC_MATCH_CHANNEL_REQUEST_JOIN  `272300000000000100000000000000`
  C2S  1717 0x06b5 sn=23  len=21    MC_MATCH_REQUEST_CHARINFO_DETAIL  `27230000000000070074657374350000`
  C2S  1703 0x06a7 sn=23  len=16    MC_MATCH_REQUEST_SELECT_CHAR  `2723000000000000000000`
  C2S  6347 0x18cb sn=23  len=12    MC_MATCH_MISC_STEAM  `27230000000000`
  C2S  1211 0x04bb sn=23  len=16    MC_MATCH_CHANNEL_LIST_START  `2723000000000000000000`
  C2S  1605 0x0645 sn=0   len=8     MC_MATCH_USER_OPTION  `000000`
  C2S  3201 0x0c81 sn=146 len=17    MC_MATCH_STATE_STEAM  `d86601000000000700000001`
  C2S  3201 0x0c81 sn=147 len=17    MC_MATCH_STATE_STEAM  `d86601000000000700000001`
  C2S  3201 0x0c81 sn=148 len=17    MC_MATCH_STATE_STEAM  `d86601000000000700000001`
  C2S  3201 0x0c81 sn=149 len=17    MC_MATCH_STATE_STEAM  `d86601000000000700000001`
  C2S  3201 0x0c81 sn=150 len=17    MC_MATCH_STATE_STEAM  `d86601000000000700000001`
  C2S  3201 0x0c81 sn=151 len=17    MC_MATCH_STATE_STEAM  `d86601000000000700000001`
  C2S  3201 0x0c81 sn=152 len=17    MC_MATCH_STATE_STEAM  `d86601000000000700000001`
  C2S  3201 0x0c81 sn=153 len=17    MC_MATCH_STATE_STEAM  `d86601000000000700000001`
  C2S  3201 0x0c81 sn=154 len=17    MC_MATCH_STATE_STEAM  `d86601000000000700000001`
  C2S  1205 0x04b5 sn=23  len=20    MC_MATCH_CHANNEL_REQUEST_JOIN  `272300000000000100000000000000`
  C2S  1717 0x06b5 sn=23  len=24    MC_MATCH_REQUEST_CHARINFO_DETAIL  `272300000000000a00577972656c6164650046`
  C2S 21000 0x5208 sn=23  len=12    MC_MATCH_REQUEST_CHAR_QUEST_ITEM_LIST  `27230000000000`
  C2S  1823 0x071f sn=23  len=24    MC_MATCH_REQUEST_EQUIP_ITEM  `27230000000000783c4d000000000014000000`
  C2S  1823 0x071f sn=23  len=24    MC_MATCH_REQUEST_EQUIP_ITEM  `27230000000000763c4d000000000015000000`
  C2S  1823 0x071f sn=23  len=24    MC_MATCH_REQUEST_EQUIP_ITEM  `27230000000000733c4d000000000013000000`
  C2S  1823 0x071f sn=23  len=24    MC_MATCH_REQUEST_EQUIP_ITEM  `27230000000000743c4d000000000013000000`
  C2S  1701 0x06a5 sn=28  len=36    MC_MATCH_REQUEST_ACCOUNT_CHARLIST  `000000010000001400000000000000000000000000000000`
  C2S  1719 0x06b7 sn=0   len=5     MC_MATCH_REQUEST_ACCOUNT_CHARINFO  ``
  C2S  1703 0x06a7 sn=23  len=16    MC_MATCH_REQUEST_SELECT_CHAR  `2723000000000000000000`
  C2S  6347 0x18cb sn=23  len=12    MC_MATCH_MISC_STEAM  `27230000000000`
  C2S  1211 0x04bb sn=23  len=16    MC_MATCH_CHANNEL_LIST_START  `2723000000000000000000`
  C2S  1605 0x0645 sn=0   len=8     MC_MATCH_USER_OPTION  `000000`
  C2S  3201 0x0c81 sn=175 len=17    MC_MATCH_STATE_STEAM  `fa6601000000000700000001`
  C2S  3201 0x0c81 sn=176 len=17    MC_MATCH_STATE_STEAM  `fa6601000000000700000001`
  C2S  3201 0x0c81 sn=177 len=17    MC_MATCH_STATE_STEAM  `fa6601000000000700000001`
  C2S  3201 0x0c81 sn=178 len=17    MC_MATCH_STATE_STEAM  `fa6601000000000700000001`
  C2S  3201 0x0c81 sn=179 len=17    MC_MATCH_STATE_STEAM  `fa6601000000000700000001`
  C2S  3201 0x0c81 sn=180 len=17    MC_MATCH_STATE_STEAM  `fa6601000000000700000001`
  C2S  3201 0x0c81 sn=181 len=17    MC_MATCH_STATE_STEAM  `fa6601000000000700000001`
  C2S  3201 0x0c81 sn=182 len=17    MC_MATCH_STATE_STEAM  `fa6601000000000700000001`
  C2S  3201 0x0c81 sn=183 len=17    MC_MATCH_STATE_STEAM  `fa6601000000000700000001`
  C2S  1205 0x04b5 sn=23  len=20    MC_MATCH_CHANNEL_REQUEST_JOIN  `272300000000000100000000000000`
  C2S  1717 0x06b5 sn=23  len=24    MC_MATCH_REQUEST_CHARINFO_DETAIL  `272300000000000a00577972656c616465004e`
  C2S  1337 0x0539 sn=48  len=56    ?  `00000008000000050000003a9b0000000000006691000000`
  C2S  1006 0x03ee sn=23  len=20    MC_MATCH_BRIDGEPEER  `27230000000000000000004f1e0000`
  C2S  1411 0x0583 sn=180 len=12    MC_MATCH_REQUEST_STAGESETTING  `a1000000000000`
  C2S  2051 0x0803 sn=12  len=20    MC_MATCH_CLAN_REQUEST_EMBLEMURL  `000000040000000100000018000000`
  C2S 21000 0x5208 sn=23  len=12    MC_MATCH_REQUEST_CHAR_QUEST_ITEM_LIST  `27230000000000`
  C2S  1411 0x0583 sn=180 len=12    MC_MATCH_REQUEST_STAGESETTING  `a1000000000000`
  C2S  3201 0x0c81 sn=104 len=17    MC_MATCH_STATE_STEAM  `e66501000000000100000000`
  C2S  1006 0x03ee sn=23  len=20    MC_MATCH_BRIDGEPEER  `27230000000000000000004f1e0000`
  C2S  1461 0x05b5 sn=180 len=12    MC_MATCH_REQUEST_PEERLIST  `a1000000000000`
  C2S  1441 0x05a1 sn=23  len=16    MC_MATCH_LOADING_COMPLETE  `2723000000000064000000`
  C2S  1401 0x0579 sn=180 len=12    MC_MATCH_STAGE_REQUEST_ENTERBATTLE  `a1000000000000`
  C2S  1521 0x05f1 sn=145 len=8     MC_MATCH_GAME_REQUEST_TIMESYNC  `b9e600`
  C2S  1451 0x05ab sn=180 len=12    MC_MATCH_REQUEST_GAME_INFO  `a1000000000000`
  C2S  1523 0x05f3 sn=84  len=12    MC_MATCH_GAME_REPORT_TIMESYNC  `09a51200000000`
  C2S  1471 0x05bf sn=23  len=12    MC_MATCH_REQUEST_PEER_RELAY  `27230000000000`
  C2S  1515 0x05eb sn=23  len=36    MC_MATCH_GAME_REQUEST_SPAWN  `272300000000004f8ae44583e1a5c40000a04000000000fe`
  C2S  1523 0x05f3 sn=116 len=12    MC_MATCH_GAME_REPORT_TIMESYNC  `57a51200000000`
  C2S   323 0x0143 sn=251 len=8     MC_NET_PONG  `76a512`
  C2S  1523 0x05f3 sn=150 len=12    MC_MATCH_GAME_REPORT_TIMESYNC  `a5a51200000000`
  C2S  3201 0x0c81 sn=103 len=17    MC_MATCH_STATE_STEAM  `e66501000000003c00000000`
  C2S  3201 0x0c81 sn=125 len=17    MC_MATCH_STATE_STEAM  `fa6601000000003c00000000`
  C2S  1523 0x05f3 sn=182 len=12    MC_MATCH_GAME_REPORT_TIMESYNC  `f3a51200000000`
  C2S  1541 0x0605 sn=23  len=16    MC_MATCH_REQUEST_OBTAIN_WORLDITEM  `272300000000000a000000`
  C2S  2051 0x0803 sn=12  len=20    MC_MATCH_CLAN_REQUEST_EMBLEMURL  `000000040000000100000018000000`
  C2S  3201 0x0c81 sn=125 len=17    MC_MATCH_STATE_STEAM  `fa6601000000001200000000`
  C2S  1803 0x070b sn=23  len=12    MC_MATCH_REQUEST_MY_SIMPLE_CHARINFO  `27230000000000`
  C2S  1403 0x057b sn=0   len=5     MC_MATCH_STAGE_LEAVEBATTLE  ``
  C2S  1311 0x051f sn=23  len=24    MC_MATCH_REQUEST_STAGE_LIST  `27230000000000010000000000000000000000`
  C2S  1221 0x04c5 sn=23  len=24    MC_MATCH_CHANNEL_REQUEST_PLAYER_LIST  `27230000000000010000000000000000000000`
  C2S  3201 0x0c81 sn=110 len=17    MC_MATCH_STATE_STEAM  `e66501000000006305000001`
  C2S  1311 0x051f sn=23  len=24    MC_MATCH_REQUEST_STAGE_LIST  `27230000000000010000000000000000000000`
  C2S  1311 0x051f sn=23  len=24    MC_MATCH_REQUEST_STAGE_LIST  `27230000000000010000000000000000000000`
